Date,Weekly_Sales,Store,Temperature,CPI,Unemployment
2010-02-05,1643690.9,1,42.31,211.0963582,8.106
2010-02-12,1641957.44,1,38.51,211.2421698,8.106
2010-02-19,1611968.17,1,39.93,211.2891429,8.106
2010-02-26,1409727.59,1,46.63,211.3196429,8.106
2010-03-05,1554806.68,1,46.5,211.3501429,8.106
2010-03-12,1439541.59,1,57.79,211.3806429,8.106
2010-03-19,1472515.79,1,54.58,211.215635,8.106
2010-03-26,1404429.92,1,51.45,211.0180424,8.106
2010-04-02,1594968.28,1,62.27,210.8204499,7.808
2010-04-09,1545418.53,1,65.86,210.6228574,7.808
2010-04-16,1466058.28,1,66.32,210.4887,7.808
2010-04-23,1391256.12,1,64.84,210.4391228,7.808
2010-04-30,1425100.71,1,67.41,210.3895456,7.808
2010-05-07,1603955.12,1,72.55,210.3399684,7.808
2010-05-14,1494251.5,1,74.78,210.3374261,7.808
2010-05-21,1399662.07,1,76.44,210.6170934,7.808
2010-05-28,1432069.95,1,80.44,210.8967606,7.808
2010-06-04,1615524.71,1,80.69,211.1764278,7.808
2010-06-11,1542561.09,1,80.43,211.4560951,7.808
2010-06-18,1503284.06,1,84.11,211.4537719,7.808
2010-06-25,1422711.6,1,84.34,211.3386526,7.808
2010-07-02,1492418.14,1,80.91,211.2235333,7.787
2010-07-09,1546074.18,1,80.48,211.108414,7.787
2010-07-16,1448938.92,1,83.15,211.1003854,7.787
2010-07-23,1385065.2,1,83.36,211.2351443,7.787
2010-07-30,1371986.6,1,81.84,211.3699032,7.787
2010-08-06,1605491.78,1,87.16,211.5046621,7.787
2010-08-13,1508237.76,1,87.0,211.6394211,7.787
2010-08-20,1513080.49,1,86.65,211.6033633,7.787
2010-08-27,1449142.92,1,85.22,211.5673056,7.787
2010-09-03,1540163.53,1,81.21,211.5312479,7.787
2010-09-10,1507460.69,1,78.69,211.4951902,7.787
2010-09-17,1430378.67,1,82.11,211.5224596,7.787
2010-09-24,1351791.03,1,80.94,211.5972246,7.787
2010-10-01,1453329.5,1,71.89,211.6719895,7.838
2010-10-08,1508239.93,1,63.93,211.7467544,7.838
2010-10-15,1459409.1,1,67.18,211.8137436,7.838
2010-10-22,1345454.0,1,69.86,211.8612937,7.838
2010-10-29,1384209.22,1,69.64,211.9088438,7.838
2010-11-05,1551659.28,1,58.74,211.9563939,7.838
2010-11-12,1494479.49,1,59.61,212.003944,7.838
2010-11-19,1483784.18,1,51.41,211.8896737,7.838
2010-11-26,1955624.11,1,64.52,211.7484333,7.838
2010-12-03,1548033.78,1,49.27,211.607193,7.838
2010-12-10,1682614.26,1,46.33,211.4659526,7.838
2010-12-17,1891034.93,1,49.84,211.4053124,7.838
2010-12-24,2387950.2,1,52.33,211.4051222,7.838
2010-12-31,1367320.01,1,48.43,211.4049321,7.838
2011-01-07,1444732.28,1,48.27,211.4047419,7.742
2011-01-14,1391013.96,1,35.4,211.4574109,7.742
2011-01-21,1327405.42,1,44.04,211.8272343,7.742
2011-01-28,1316899.31,1,43.83,212.1970577,7.742
2011-02-04,1606629.58,1,42.27,212.5668812,7.742
2011-02-11,1649614.93,1,36.39,212.9367046,7.742
2011-02-18,1686842.78,1,57.36,213.2478853,7.742
2011-02-25,1456800.28,1,62.9,213.535609,7.742
2011-03-04,1636263.41,1,59.58,213.8233327,7.742
2011-03-11,1553191.63,1,53.56,214.1110564,7.742
2011-03-18,1576818.06,1,62.76,214.3627114,7.742
2011-03-25,1541102.38,1,69.97,214.5999389,7.742
2011-04-01,1495064.75,1,59.17,214.8371664,7.682
2011-04-08,1614259.35,1,67.84,215.0743939,7.682
2011-04-15,1559889.0,1,71.27,215.2918561,7.682
2011-04-22,1564819.81,1,72.99,215.4599053,7.682
2011-04-29,1455090.69,1,72.03,215.6279544,7.682
2011-05-06,1629391.28,1,64.61,215.7960035,7.682
2011-05-13,1604775.58,1,75.64,215.9640526,7.682
2011-05-20,1428218.27,1,67.63,215.7339202,7.682
2011-05-27,1466046.67,1,77.72,215.5037878,7.682
2011-06-03,1635078.41,1,83.0,215.2736553,7.682
2011-06-10,1588948.32,1,83.13,215.0435229,7.682
2011-06-17,1532114.86,1,86.41,214.9980596,7.682
2011-06-24,1438830.15,1,83.58,215.0910982,7.682
2011-07-01,1488538.09,1,85.55,215.1841368,7.962
2011-07-08,1534849.64,1,85.83,215.2771754,7.962
2011-07-15,1455119.97,1,88.54,215.3611087,7.962
2011-07-22,1396926.82,1,85.77,215.4222784,7.962
2011-07-29,1352219.79,1,86.83,215.4834482,7.962
2011-08-05,1624383.75,1,91.65,215.544618,7.962
2011-08-12,1525147.09,1,90.76,215.6057878,7.962
2011-08-19,1530761.43,1,89.94,215.6693107,7.962
2011-08-26,1464693.46,1,87.96,215.7332258,7.962
2011-09-02,1550229.22,1,87.83,215.7971409,7.962
2011-09-09,1540471.24,1,76.0,215.861056,7.962
2011-09-16,1514259.78,1,79.94,216.0410526,7.962
2011-09-23,1380020.27,1,75.8,216.3758246,7.962
2011-09-30,1394561.83,1,79.69,216.7105965,7.962
2011-10-07,1630989.95,1,69.31,217.0453684,7.866
2011-10-14,1493525.93,1,71.74,217.3552733,7.866
2011-10-21,1502562.78,1,63.71,217.5159762,7.866
2011-10-28,1445249.09,1,66.57,217.6766791,7.866
2011-11-04,1697229.58,1,54.98,217.837382,7.866
2011-11-11,1594938.89,1,59.11,217.9980849,7.866
2011-11-18,1539483.7,1,62.25,218.2205088,7.866
2011-11-25,2033320.66,1,60.14,218.4676211,7.866
2011-12-02,1584083.95,1,48.91,218.7147333,7.866
2011-12-09,1799682.38,1,43.93,218.9618456,7.866
2011-12-16,1881176.67,1,51.63,219.1794533,7.866
2011-12-23,2270188.99,1,47.96,219.3577216,7.866
2011-12-30,1497462.72,1,44.55,219.5359898,7.866
2012-01-06,1550369.92,1,49.01,219.7142581,7.348
2012-01-13,1459601.17,1,48.53,219.8925263,7.348
2012-01-20,1394393.84,1,54.11,219.9856893,7.348
2012-01-27,1319325.59,1,54.26,220.0788523,7.348
2012-02-03,1636339.65,1,56.55,220.1720153,7.348
2012-02-10,1802477.43,1,48.02,220.2651783,7.348
2012-02-17,1819870.0,1,45.32,220.4257586,7.348
2012-02-24,1539387.83,1,57.25,220.636902,7.348
2012-03-02,1688420.76,1,60.96,220.8480454,7.348
2012-03-09,1675431.16,1,58.76,221.0591887,7.348
2012-03-16,1677472.78,1,64.74,221.2118132,7.348
2012-03-23,1511068.07,1,65.93,221.2864126,7.348
2012-03-30,1649604.63,1,67.61,221.3610119,7.348
2012-04-06,1899676.88,1,70.43,221.4356112,7.143
2012-04-13,1621031.7,1,69.07,221.5102105,7.143
2012-04-20,1521577.87,1,66.76,221.5640737,7.143
2012-04-27,1468928.37,1,67.23,221.6179368,7.143
2012-05-04,1684519.99,1,75.55,221.6718,7.143
2012-05-11,1611096.05,1,73.77,221.7256632,7.143
2012-05-18,1595901.87,1,70.33,221.742674,7.143
2012-05-25,1555444.55,1,77.22,221.744944,7.143
2012-06-01,1624477.58,1,77.95,221.7472139,7.143
2012-06-08,1697230.96,1,78.3,221.7494839,7.143
2012-06-15,1630607.0,1,79.35,221.7626421,7.143
2012-06-22,1527845.81,1,78.39,221.8030211,7.143
2012-06-29,1540421.49,1,84.88,221.8434,7.143
2012-07-06,1769854.16,1,81.57,221.8837789,6.908
2012-07-13,1527014.04,1,77.12,221.9241579,6.908
2012-07-20,1497954.76,1,80.42,221.9327267,6.908
2012-07-27,1439123.71,1,82.66,221.9412954,6.908
2012-08-03,1631135.79,1,86.11,221.9498642,6.908
2012-08-10,1592409.97,1,85.05,221.9584329,6.908
2012-08-17,1597868.05,1,84.85,222.0384109,6.908
2012-08-24,1494122.38,1,77.66,222.1719457,6.908
2012-08-31,1582083.4,1,80.49,222.3054805,6.908
2012-09-07,1661767.33,1,83.96,222.4390153,6.908
2012-09-14,1517428.87,1,74.97,222.5820193,6.908
2012-09-21,1506126.06,1,69.87,222.7818386,6.908
2012-09-28,1437059.26,1,76.08,222.9816579,6.908
2012-10-05,1670785.97,1,68.55,223.1814772,6.573
2012-10-12,1573072.81,1,62.99,223.3812965,6.573
2012-10-19,1508068.77,1,67.97,223.4257233,6.573
2012-10-26,1493659.74,1,69.16,223.4442513,6.573
2010-02-05,2136989.46,2,40.19,210.7526053,8.324
2010-02-12,2137809.5,2,38.49,210.8979935,8.324
2010-02-19,2124451.54,2,39.69,210.9451605,8.324
2010-02-26,1865097.27,2,46.1,210.9759573,8.324
2010-03-05,1991013.13,2,47.17,211.0067542,8.324
2010-03-12,1990483.78,2,57.56,211.037551,8.324
2010-03-19,1946070.88,2,54.52,210.8733316,8.324
2010-03-26,1750197.81,2,51.26,210.6766095,8.324
2010-04-02,2066187.72,2,63.27,210.4798874,8.2
2010-04-09,1954689.21,2,65.41,210.2831653,8.2
2010-04-16,1874957.94,2,68.07,210.1495463,8.2
2010-04-23,1821990.93,2,65.11,210.1000648,8.2
2010-04-30,1802450.29,2,66.98,210.0505833,8.2
2010-05-07,2042581.71,2,71.28,210.0011018,8.2
2010-05-14,1880752.36,2,73.31,209.9984585,8.2
2010-05-21,1896937.1,2,74.83,210.2768443,8.2
2010-05-28,1957113.89,2,81.13,210.5552301,8.2
2010-06-04,2102539.93,2,81.81,210.833616,8.2
2010-06-11,2025538.76,2,83.4,211.1120018,8.2
2010-06-18,2001636.96,2,85.81,211.1096543,8.2
2010-06-25,1939927.09,2,86.26,210.9950134,8.2
2010-07-02,2003940.64,2,82.74,210.8803726,8.099
2010-07-09,1880902.62,2,82.59,210.7657317,8.099
2010-07-16,1845879.79,2,85.32,210.7577954,8.099
2010-07-23,1781717.71,2,87.66,210.8921319,8.099
2010-07-30,1804246.16,2,83.49,211.0264684,8.099
2010-08-06,1991909.98,2,89.53,211.1608049,8.099
2010-08-13,1895601.05,2,89.05,211.2951413,8.099
2010-08-20,1964335.23,2,88.7,211.2596586,8.099
2010-08-27,1863840.49,2,87.12,211.2241759,8.099
2010-09-03,1904608.09,2,81.83,211.1886931,8.099
2010-09-10,1839128.83,2,79.09,211.1532104,8.099
2010-09-17,1793903.6,2,82.05,211.1806415,8.099
2010-09-24,1724557.22,2,81.79,211.2552578,8.099
2010-10-01,1827440.43,2,69.24,211.3298742,8.163
2010-10-08,1849921.44,2,63.19,211.4044906,8.163
2010-10-15,1794355.49,2,65.8,211.4713286,8.163
2010-10-22,1737947.64,2,68.5,211.5187208,8.163
2010-10-29,1802755.11,2,66.24,211.5661131,8.163
2010-11-05,1939061.41,2,57.85,211.6135053,8.163
2010-11-12,1916812.74,2,59.69,211.6608975,8.163
2010-11-19,1956739.17,2,50.81,211.5470304,8.163
2010-11-26,2658725.29,2,62.98,211.4062867,8.163
2010-12-03,2015781.27,2,49.33,211.265543,8.163
2010-12-10,2378726.55,2,45.5,211.1247993,8.163
2010-12-17,2609166.75,2,47.55,211.0645458,8.163
2010-12-24,2720371.4924999997,2,49.97,211.0646599,8.163
2010-12-31,1750434.55,2,47.3,211.064774,8.163
2011-01-07,1758050.79,2,44.69,211.0648881,8.028
2011-01-14,1744193.58,2,33.02,211.1176713,8.028
2011-01-21,1751384.9,2,41.4,211.4864691,8.028
2011-01-28,1695371.68,2,42.83,211.8552668,8.028
2011-02-04,1929346.23,2,38.25,212.2240646,8.028
2011-02-11,2168041.61,2,33.19,212.5928624,8.028
2011-02-18,2080884.82,2,57.83,212.9033115,8.028
2011-02-25,1833511.08,2,60.8,213.190421,8.028
2011-03-04,1981607.78,2,57.77,213.4775305,8.028
2011-03-11,1879107.31,2,52.7,213.7646401,8.028
2011-03-18,1902557.66,2,62.32,214.0156238,8.028
2011-03-25,1766162.05,2,69.42,214.2521573,8.028
2011-04-01,1800171.36,2,55.43,214.4886908,7.931
2011-04-08,1847552.61,2,67.0,214.7252242,7.931
2011-04-15,1856467.84,2,69.48,214.9420631,7.931
2011-04-22,1886339.6,2,69.39,215.1096657,7.931
2011-04-29,1745545.28,2,69.21,215.2772683,7.931
2011-05-06,1837743.6,2,61.48,215.4448709,7.931
2011-05-13,1838513.07,2,74.61,215.6124735,7.931
2011-05-20,1688281.86,2,67.14,215.3834778,7.931
2011-05-27,1797732.56,2,76.42,215.1544822,7.931
2011-06-03,1933756.21,2,83.07,214.9254865,7.931
2011-06-10,1929153.16,2,83.4,214.6964908,7.931
2011-06-17,1953771.99,2,86.53,214.6513538,7.931
2011-06-24,1790925.8,2,85.17,214.7441108,7.931
2011-07-01,1866243.0,2,85.69,214.8368678,7.852
2011-07-08,1853161.99,2,87.7,214.9296249,7.852
2011-07-15,1785187.29,2,89.83,215.0134426,7.852
2011-07-22,1743816.41,2,89.34,215.0749122,7.852
2011-07-29,1680693.06,2,90.07,215.1363819,7.852
2011-08-05,1876704.26,2,93.34,215.1978515,7.852
2011-08-12,1812768.26,2,91.58,215.2593211,7.852
2011-08-19,1844094.59,2,89.86,215.3229307,7.852
2011-08-26,1821139.91,2,90.45,215.386897,7.852
2011-09-02,1809119.7,2,89.64,215.4508632,7.852
2011-09-09,1748000.65,2,77.97,215.5148295,7.852
2011-09-16,1691439.52,2,78.85,215.6944378,7.852
2011-09-23,1669299.78,2,75.58,216.0282356,7.852
2011-09-30,1650394.44,2,78.14,216.3620333,7.852
2011-10-07,1837553.43,2,69.92,216.6958311,7.441
2011-10-14,1743882.19,2,71.67,217.0048261,7.441
2011-10-21,1834680.25,2,64.53,217.1650042,7.441
2011-10-28,1769296.25,2,65.87,217.3251824,7.441
2011-11-04,1959707.9,2,55.53,217.4853605,7.441
2011-11-11,1920725.15,2,59.33,217.6455387,7.441
2011-11-18,1902762.5,2,62.01,217.8670218,7.441
2011-11-25,2614202.3,2,56.36,218.1130269,7.441
2011-12-02,1954952.0,2,48.74,218.3590319,7.441
2011-12-09,2290549.32,2,41.76,218.605037,7.441
2011-12-16,2432736.52,2,50.13,218.8217928,7.441
2011-12-23,2720371.4924999997,2,46.66,218.9995495,7.441
2011-12-30,1874226.52,2,44.57,219.1773063,7.441
2012-01-06,1799520.14,2,46.75,219.355063,7.057
2012-01-13,1744725.48,2,45.99,219.5328198,7.057
2012-01-20,1711769.11,2,51.7,219.6258417,7.057
2012-01-27,1660906.14,2,50.5,219.7188636,7.057
2012-02-03,1935299.94,2,55.21,219.8118854,7.057
2012-02-10,2103322.68,2,46.98,219.9049073,7.057
2012-02-17,2196688.46,2,43.82,220.0651993,7.057
2012-02-24,1861802.7,2,54.63,220.275944,7.057
2012-03-02,1952555.66,2,58.79,220.4866886,7.057
2012-03-09,1937628.26,2,57.11,220.6974332,7.057
2012-03-16,1976082.13,2,63.68,220.8498468,7.057
2012-03-23,1790439.16,2,64.01,220.9244858,7.057
2012-03-30,1857480.84,2,66.83,220.9991248,7.057
2012-04-06,2129035.91,2,68.43,221.0737638,6.891
2012-04-13,1935869.1,2,68.08,221.1484028,6.891
2012-04-20,1847344.45,2,65.69,221.2021074,6.891
2012-04-27,1764133.09,2,67.2,221.255812,6.891
2012-05-04,1923957.09,2,76.73,221.3095166,6.891
2012-05-11,1917520.99,2,73.87,221.3632212,6.891
2012-05-18,2000940.67,2,71.27,221.380331,6.891
2012-05-25,1912791.09,2,78.19,221.3828029,6.891
2012-06-01,1910092.37,2,78.38,221.3852748,6.891
2012-06-08,2010216.49,2,78.69,221.3877467,6.891
2012-06-15,1962924.3,2,80.56,221.4009901,6.891
2012-06-22,1887733.21,2,81.04,221.4411622,6.891
2012-06-29,1881046.12,2,86.32,221.4813343,6.891
2012-07-06,2041507.4,2,84.2,221.5215064,6.565
2012-07-13,1830075.13,2,80.17,221.5616784,6.565
2012-07-20,1819666.46,2,83.23,221.5701123,6.565
2012-07-27,1757923.88,2,86.37,221.5785461,6.565
2012-08-03,1946104.64,2,90.22,221.5869799,6.565
2012-08-10,1866719.96,2,88.55,221.5954138,6.565
2012-08-17,1928016.01,2,84.79,221.6751459,6.565
2012-08-24,1876788.15,2,76.91,221.8083518,6.565
2012-08-31,1947083.3,2,82.64,221.9415576,6.565
2012-09-07,1898777.07,2,87.65,222.0747635,6.565
2012-09-14,1814806.63,2,75.88,222.2174395,6.565
2012-09-21,1829415.67,2,71.09,222.4169362,6.565
2012-09-28,1746470.56,2,79.45,222.6164329,6.565
2012-10-05,1998321.04,2,70.27,222.8159296,6.17
2012-10-12,1900745.13,2,60.97,223.0154263,6.17
2012-10-19,1847990.41,2,68.08,223.0598077,6.17
2012-10-26,1834458.35,2,69.79,223.0783366,6.17
2010-02-05,461622.22,3,45.71,214.4248812,7.368
2010-02-12,420728.96,3,47.93,214.5747916,7.368
2010-02-19,421642.19,3,47.07,214.6198868,7.368
2010-02-26,407204.86,3,52.05,214.6475127,7.368
2010-03-05,415202.04,3,53.04,214.6751386,7.368
2010-03-12,384200.69,3,63.08,214.7027646,7.368
2010-03-19,375328.59,3,60.42,214.5301219,7.368
2010-03-26,359949.27,3,57.06,214.3241011,7.368
2010-04-02,423294.4,3,65.56,214.1180803,7.343
2010-04-09,415870.28,3,68.0,213.9120595,7.343
2010-04-16,354993.26,3,66.98,213.7726889,7.343
2010-04-23,339976.65,3,67.87,213.7221852,7.343
2010-04-30,361248.39,3,70.24,213.6716815,7.343
2010-05-07,399323.86,3,73.47,213.6211778,7.343
2010-05-14,384357.94,3,77.18,213.6196139,7.343
2010-05-21,343763.17,3,75.81,213.9116886,7.343
2010-05-28,350089.23,3,78.6,214.2037634,7.343
2010-06-04,396968.8,3,78.53,214.4958382,7.343
2010-06-11,355017.09,3,82.1,214.787913,7.343
2010-06-18,364076.85,3,83.52,214.7858259,7.343
2010-06-25,357346.48,3,83.79,214.6660741,7.343
2010-07-02,381151.72,3,82.2,214.5463222,7.346
2010-07-09,349214.18,3,81.75,214.4265704,7.346
2010-07-16,352728.78,3,84.32,214.4176476,7.346
2010-07-23,352864.49,3,83.32,214.5564968,7.346
2010-07-30,347955.05,3,82.04,214.695346,7.346
2010-08-06,402635.76,3,85.13,214.8341952,7.346
2010-08-13,339597.38,3,86.74,214.9730444,7.346
2010-08-20,351728.21,3,88.02,214.9314191,7.346
2010-08-27,362134.09,3,86.15,214.8897938,7.346
2010-09-03,366473.97,3,84.16,214.8481685,7.346
2010-09-10,352260.97,3,80.84,214.8065431,7.346
2010-09-17,363064.64,3,82.36,214.8322484,7.346
2010-09-24,355626.87,3,76.9,214.9084516,7.346
2010-10-01,358784.1,3,73.6,214.9846548,7.564
2010-10-08,395107.35,3,66.99,215.060858,7.564
2010-10-15,345584.39,3,69.71,215.1293114,7.564
2010-10-22,348895.98,3,71.64,215.17839,7.564
2010-10-29,348591.74,3,72.04,215.2274686,7.564
2010-11-05,423175.56,3,62.94,215.2765472,7.564
2010-11-12,386635.03,3,62.79,215.3256258,7.564
2010-11-19,372545.32,3,57.72,215.2074519,7.564
2010-11-26,565567.84,3,68.71,215.0614025,7.564
2010-12-03,476420.77,3,53.76,214.9153531,7.564
2010-12-10,467642.03,3,51.13,214.7693037,7.564
2010-12-17,498159.39,3,52.2,214.704919,7.564
2010-12-24,605990.41,3,57.16,214.7017828,7.564
2010-12-31,382677.76,3,53.2,214.6986466,7.564
2011-01-07,378241.34,3,53.35,214.6955104,7.551
2011-01-14,381061.1,3,44.76,214.7470729,7.551
2011-01-21,350876.7,3,50.74,215.1268275,7.551
2011-01-28,364866.24,3,48.71,215.5065821,7.551
2011-02-04,438516.53,3,45.95,215.8863367,7.551
2011-02-11,430526.21,3,43.57,216.2660913,7.551
2011-02-18,432782.1,3,61.58,216.5843571,7.551
2011-02-25,397211.19,3,67.4,216.8780275,7.551
2011-03-04,437084.51,3,65.11,217.1716979,7.551
2011-03-11,404753.3,3,61.29,217.4653683,7.551
2011-03-18,392109.51,3,69.47,217.7235226,7.551
2011-03-25,380683.67,3,72.94,217.9674705,7.551
2011-04-01,374556.08,3,68.76,218.2114184,7.574
2011-04-08,384075.31,3,72.55,218.4553663,7.574
2011-04-15,366250.69,3,75.88,218.6788642,7.574
2011-04-22,391860.04,3,76.91,218.851237,7.574
2011-04-29,367405.4,3,78.69,219.0236099,7.574
2011-05-06,413042.12,3,69.45,219.1959827,7.574
2011-05-13,386312.68,3,79.87,219.3683556,7.574
2011-05-20,364603.13,3,75.79,219.127216,7.574
2011-05-27,369350.6,3,84.41,218.8860765,7.574
2011-06-03,394507.84,3,84.29,218.6449369,7.574
2011-06-10,391638.75,3,84.84,218.4037974,7.574
2011-06-17,403423.34,3,86.96,218.3551748,7.574
2011-06-24,385520.71,3,84.94,218.45094,7.574
2011-07-01,368962.72,3,85.1,218.5467052,7.567
2011-07-08,395146.24,3,85.38,218.6424704,7.567
2011-07-15,373454.33,3,87.14,218.7275216,7.567
2011-07-22,360617.37,3,86.19,218.7857881,7.567
2011-07-29,345381.29,3,88.07,218.8440545,7.567
2011-08-05,409981.25,3,88.45,218.9023209,7.567
2011-08-12,380376.85,3,88.88,218.9605873,7.567
2011-08-19,379716.91,3,88.44,219.023271,7.567
2011-08-26,366367.55,3,87.67,219.0866908,7.567
2011-09-02,375988.69,3,89.12,219.1501106,7.567
2011-09-09,377347.49,3,81.72,219.2135305,7.567
2011-09-16,375629.51,3,83.63,219.3972867,7.567
2011-09-23,365248.94,3,80.19,219.7414914,7.567
2011-09-30,368477.93,3,82.58,220.085696,7.567
2011-10-07,403342.4,3,75.54,220.4299007,7.197
2011-10-14,368282.57,3,73.75,220.7486167,7.197
2011-10-21,394976.36,3,69.03,220.9144005,7.197
2011-10-28,389540.62,3,71.04,221.0801842,7.197
2011-11-04,459443.22,3,59.31,221.245968,7.197
2011-11-11,407764.25,3,61.7,221.4117517,7.197
2011-11-18,398838.97,3,63.91,221.6432852,7.197
2011-11-25,556925.19,3,68.0,221.9011185,7.197
2011-12-02,472511.32,3,54.97,222.1589519,7.197
2011-12-09,468772.8,3,49.26,222.4167852,7.197
2011-12-16,510747.62,3,57.95,222.6426418,7.197
2011-12-23,551221.21,3,53.41,222.8258628,7.197
2011-12-30,410553.88,3,48.29,223.0090839,7.197
2012-01-06,398178.21,3,52.42,223.1923049,6.833
2012-01-13,367438.62,3,51.86,223.3755259,6.833
2012-01-20,365818.61,3,56.2,223.4700552,6.833
2012-01-27,349518.1,3,58.06,223.5645845,6.833
2012-02-03,424960.66,3,59.33,223.6591137,6.833
2012-02-10,473292.47,3,51.65,223.753643,6.833
2012-02-17,475591.08,3,52.39,223.9170153,6.833
2012-02-24,418925.47,3,60.12,224.1320199,6.833
2012-03-02,469752.56,3,61.65,224.3470245,6.833
2012-03-09,445162.05,3,60.71,224.5620291,6.833
2012-03-16,411775.8,3,64.0,224.7166953,6.833
2012-03-23,413907.25,3,66.53,224.7909104,6.833
2012-03-30,407488.84,3,69.36,224.8651254,6.833
2012-04-06,503232.13,3,73.01,224.9393405,6.664
2012-04-13,420789.74,3,72.83,225.0135556,6.664
2012-04-20,434822.13,3,72.05,225.0689541,6.664
2012-04-27,394616.11,3,73.39,225.1243526,6.664
2012-05-04,439913.57,3,79.51,225.1797511,6.664
2012-05-11,431985.36,3,75.19,225.2351496,6.664
2012-05-18,418112.76,3,72.38,225.2512024,6.664
2012-05-25,413701.29,3,78.58,225.2515168,6.664
2012-06-01,432268.53,3,81.55,225.2518313,6.664
2012-06-08,446336.8,3,81.65,225.2521458,6.664
2012-06-15,442074.79,3,84.66,225.2644795,6.664
2012-06-22,419497.95,3,82.7,225.3068615,6.664
2012-06-29,422965.33,3,86.42,225.3492435,6.664
2012-07-06,411206.5,3,83.14,225.3916254,6.334
2012-07-13,416913.1,3,82.28,225.4340074,6.334
2012-07-20,432424.85,3,81.38,225.4438827,6.334
2012-07-27,389427.9,3,84.94,225.4537579,6.334
2012-08-03,419990.29,3,86.55,225.4636332,6.334
2012-08-10,391811.6,3,85.85,225.4735085,6.334
2012-08-17,394918.83,3,87.36,225.5558664,6.334
2012-08-24,412449.67,3,83.01,225.6925864,6.334
2012-08-31,408838.73,3,85.18,225.8293063,6.334
2012-09-07,408229.73,3,84.99,225.9660263,6.334
2012-09-14,407589.16,3,78.36,226.1122067,6.334
2012-09-21,414392.09,3,72.78,226.3151496,6.334
2012-09-28,389813.02,3,77.46,226.5180926,6.334
2012-10-05,443557.65,3,72.74,226.7210356,6.034
2012-10-12,410804.39,3,70.31,226.9239785,6.034
2012-10-19,424513.08,3,73.44,226.9688442,6.034
2012-10-26,405432.7,3,74.66,226.9873637,6.034
2010-02-05,2135143.87,4,43.76,126.4420645,8.623
2010-02-12,2188307.39,4,28.84,126.4962581,8.623
2010-02-19,2049860.26,4,36.45,126.5262857,8.623
2010-02-26,1925728.84,4,41.36,126.5522857,8.623
2010-03-05,1971057.44,4,43.49,126.5782857,8.623
2010-03-12,1894324.09,4,49.63,126.6042857,8.623
2010-03-19,1897429.36,4,55.19,126.6066452,8.623
2010-03-26,1762539.3,4,39.91,126.6050645,8.623
2010-04-02,1979247.12,4,48.77,126.6034839,7.896
2010-04-09,1818452.72,4,54.16,126.6019032,7.896
2010-04-16,1851519.69,4,56.23,126.5621,7.896
2010-04-23,1802677.9,4,56.87,126.4713333,7.896
2010-04-30,1817273.28,4,53.04,126.3805667,7.896
2010-05-07,2000626.14,4,56.77,126.2898,7.896
2010-05-14,1875597.28,4,62.35,126.2085484,7.896
2010-05-21,1903752.6,4,67.4,126.1843871,7.896
2010-05-28,1857533.7,4,67.73,126.1602258,7.896
2010-06-04,1903290.58,4,70.83,126.1360645,7.896
2010-06-11,1870619.23,4,78.45,126.1119032,7.896
2010-06-18,1929736.35,4,81.53,126.114,7.896
2010-06-25,1846651.95,4,81.1,126.1266,7.896
2010-07-02,1881337.21,4,73.66,126.1392,7.372
2010-07-09,1812208.22,4,80.35,126.1518,7.372
2010-07-16,1898427.66,4,78.53,126.1498065,7.372
2010-07-23,1848426.78,4,79.78,126.1283548,7.372
2010-07-30,1796637.61,4,80.7,126.1069032,7.372
2010-08-06,1907638.58,4,76.53,126.0854516,7.372
2010-08-13,2007050.75,4,78.08,126.064,7.372
2010-08-20,1997181.09,4,78.83,126.0766452,7.372
2010-08-27,1848403.92,4,74.44,126.0892903,7.372
2010-09-03,1935857.58,4,76.8,126.1019355,7.372
2010-09-10,1865820.81,4,73.54,126.1145806,7.372
2010-09-17,1899959.61,4,64.91,126.1454667,7.372
2010-09-24,1810684.68,4,60.96,126.1900333,7.372
2010-10-01,1842821.02,4,63.96,126.2346,7.127
2010-10-08,1951494.85,4,67.73,126.2791667,7.127
2010-10-15,1867345.09,4,62.03,126.3266774,7.127
2010-10-22,1927610.06,4,64.17,126.3815484,7.127
2010-10-29,1933333.0,4,56.94,126.4364194,7.127
2010-11-05,2013115.79,4,51.6,126.4912903,7.127
2010-11-12,1999794.26,4,52.65,126.5461613,7.127
2010-11-19,2097809.4,4,48.05,126.6072,7.127
2010-11-26,2720371.4924999997,4,48.08,126.6692667,7.127
2010-12-03,2102530.17,4,46.4,126.7313333,7.127
2010-12-10,2302504.86,4,42.4,126.7934,7.127
2010-12-17,2720371.4924999997,4,46.57,126.8794839,7.127
2010-12-24,2720371.4924999997,4,43.21,126.9835806,7.127
2010-12-31,1794868.74,4,38.09,127.0876774,7.127
2011-01-07,1862476.27,4,39.34,127.1917742,6.51
2011-01-14,1865502.46,4,31.6,127.3009355,6.51
2011-01-21,1886393.94,4,38.34,127.4404839,6.51
2011-01-28,1814240.85,4,40.6,127.5800323,6.51
2011-02-04,2119086.04,4,34.61,127.7195806,6.51
2011-02-11,2187847.29,4,33.29,127.859129,6.51
2011-02-18,2316495.56,4,48.17,127.99525,6.51
2011-02-25,2078094.69,4,49.0,128.13,6.51
2011-03-04,2103455.75,4,46.56,128.26475,6.51
2011-03-11,2039818.41,4,50.93,128.3995,6.51
2011-03-18,2116475.38,4,51.86,128.5121935,6.51
2011-03-25,1944164.32,4,59.1,128.6160645,6.51
2011-04-01,1900246.47,4,56.99,128.7199355,5.946
2011-04-08,2074953.46,4,62.61,128.8238065,5.946
2011-04-15,1960587.76,4,62.34,128.9107333,5.946
2011-04-22,2220600.76,4,68.8,128.9553,5.946
2011-04-29,1878167.44,4,64.22,128.9998667,5.946
2011-05-06,2063682.76,4,63.41,129.0444333,5.946
2011-05-13,2002362.37,4,70.65,129.089,5.946
2011-05-20,2015563.48,4,70.49,129.0756774,5.946
2011-05-27,1986597.95,4,73.65,129.0623548,5.946
2011-06-03,2065377.15,4,78.26,129.0490323,5.946
2011-06-10,2073951.38,4,80.05,129.0357097,5.946
2011-06-17,2141210.62,4,83.51,129.0432,5.946
2011-06-24,2008344.92,4,81.85,129.0663,5.946
2011-07-01,2051533.53,4,84.54,129.0894,5.644
2011-07-08,2066541.86,4,84.59,129.1125,5.644
2011-07-15,2049046.95,4,83.27,129.1338387,5.644
2011-07-22,2036231.39,4,82.84,129.1507742,5.644
2011-07-29,1989674.07,4,84.36,129.1677097,5.644
2011-08-05,2160057.39,4,86.09,129.1846452,5.644
2011-08-12,2105668.74,4,82.98,129.2015806,5.644
2011-08-19,2232892.1,4,82.77,129.2405806,5.644
2011-08-26,1988490.21,4,81.47,129.2832581,5.644
2011-09-02,2078420.31,4,77.99,129.3259355,5.644
2011-09-09,2093139.01,4,73.34,129.3686129,5.644
2011-09-16,2075577.33,4,72.76,129.4306,5.644
2011-09-23,2031406.41,4,69.23,129.5183333,5.644
2011-09-30,1929486.63,4,72.15,129.6060667,5.644
2011-10-07,2166737.65,4,65.79,129.6938,5.143
2011-10-14,2074548.85,4,63.75,129.7706452,5.143
2011-10-21,2207742.13,4,64.79,129.7821613,5.143
2011-10-28,2151659.59,4,55.31,129.7936774,5.143
2011-11-04,2281217.31,4,49.86,129.8051935,5.143
2011-11-11,2203028.96,4,47.12,129.8167097,5.143
2011-11-18,2243946.59,4,50.44,129.8268333,5.143
2011-11-25,2720371.4924999997,4,47.96,129.8364,5.143
2011-12-02,2180999.26,4,38.71,129.8459667,5.143
2011-12-09,2508955.24,4,31.64,129.8555333,5.143
2011-12-16,2720371.4924999997,4,36.44,129.8980645,5.143
2011-12-23,2720371.4924999997,4,35.92,129.9845484,5.143
2011-12-30,2007105.86,4,36.89,130.0710323,5.143
2012-01-06,2047766.07,4,38.64,130.1575161,4.607
2012-01-13,1941676.61,4,34.41,130.244,4.607
2012-01-20,2005097.76,4,42.09,130.2792258,4.607
2012-01-27,1928720.51,4,40.31,130.3144516,4.607
2012-02-03,2173373.91,4,41.81,130.3496774,4.607
2012-02-10,2374660.64,4,33.0,130.3849032,4.607
2012-02-17,2427640.17,4,34.19,130.4546207,4.607
2012-02-24,2226662.17,4,41.31,130.5502069,4.607
2012-03-02,2206319.9,4,50.38,130.6457931,4.607
2012-03-09,2202450.81,4,53.63,130.7413793,4.607
2012-03-16,2214967.44,4,59.81,130.8261935,4.607
2012-03-23,2091592.54,4,59.07,130.8966452,4.607
2012-03-30,2089381.77,4,72.63,130.9670968,4.607
2012-04-06,2470206.13,4,67.69,131.0375484,4.308
2012-04-13,2105301.39,4,68.69,131.108,4.308
2012-04-20,2144336.89,4,68.6,131.1173333,4.308
2012-04-27,2064065.66,4,76.47,131.1266667,4.308
2012-05-04,2196968.33,4,80.14,131.136,4.308
2012-05-11,2127661.17,4,67.64,131.1453333,4.308
2012-05-18,2207214.81,4,68.43,131.0983226,4.308
2012-05-25,2154137.67,4,77.47,131.0287742,4.308
2012-06-01,2179360.94,4,77.41,130.9592258,4.308
2012-06-08,2245257.18,4,78.11,130.8896774,4.308
2012-06-15,2234190.93,4,80.94,130.8295333,4.308
2012-06-22,2197299.65,4,81.63,130.7929,4.308
2012-06-29,2128362.92,4,84.23,130.7562667,4.308
2012-07-06,2224499.28,4,80.37,130.7196333,4.2945
2012-07-13,2100252.61,4,76.86,130.683,4.2945
2012-07-20,2175563.69,4,79.14,130.7012903,4.2945
2012-07-27,2048613.65,4,81.06,130.7195806,4.2945
2012-08-03,2174514.13,4,83.86,130.737871,4.2945
2012-08-10,2193367.69,4,83.21,130.7561613,4.2945
2012-08-17,2283540.3,4,81.41,130.7909677,4.2945
2012-08-24,2125241.68,4,75.76,130.8381613,4.2945
2012-08-31,2081181.35,4,76.47,130.8853548,4.2945
2012-09-07,2125104.72,4,82.09,130.9325484,4.2945
2012-09-14,2117854.6,4,68.2,130.9776667,4.2945
2012-09-21,2119438.53,4,68.97,131.0103333,4.2945
2012-09-28,2027620.23,4,71.74,131.043,4.2945
2012-10-05,2209835.43,4,63.07,131.0756667,4.2945
2012-10-12,2133026.07,4,57.11,131.1083333,4.2945
2012-10-19,2097266.85,4,64.46,131.1499677,4.2945
2012-10-26,2149594.46,4,63.64,131.1930968,4.2945
2010-02-05,317173.1,5,39.7,211.6539716,6.566
2010-02-12,311825.7,5,39.81,211.8004698,6.566
2010-02-19,303447.57,5,41.14,211.8471283,6.566
2010-02-26,270281.63,5,46.7,211.8771468,6.566
2010-03-05,288855.71,5,48.89,211.9071653,6.566
2010-03-12,297293.59,5,58.5,211.9371839,6.566
2010-03-19,281706.41,5,55.46,211.770897,6.566
2010-03-26,273282.97,5,52.47,211.5718925,6.566
2010-04-02,331406.0,5,63.18,211.372888,6.465
2010-04-09,328020.49,5,65.19,211.1738835,6.465
2010-04-16,306858.69,5,65.3,211.0388528,6.465
2010-04-23,288839.73,5,65.13,210.9891204,6.465
2010-04-30,298697.84,5,67.53,210.939388,6.465
2010-05-07,333522.6,5,71.53,210.8896556,6.465
2010-05-14,296673.77,5,74.79,210.8872772,6.465
2010-05-21,301615.49,5,75.2,211.169023,6.465
2010-05-28,310013.11,5,79.81,211.4507688,6.465
2010-06-04,337825.89,5,79.54,211.7325146,6.465
2010-06-11,296641.91,5,80.7,212.0142605,6.465
2010-06-18,313795.6,5,83.91,212.0119769,6.465
2010-06-25,295257.3,5,83.72,211.8960815,6.465
2010-07-02,305993.27,5,81.25,211.7801861,6.496
2010-07-09,291808.87,5,81.14,211.6642907,6.496
2010-07-16,280701.7,5,83.98,211.6561123,6.496
2010-07-23,274742.63,5,83.66,211.7915565,6.496
2010-07-30,268929.03,5,82.46,211.9270006,6.496
2010-08-06,303043.02,5,86.1,212.0624447,6.496
2010-08-13,286477.35,5,87.41,212.1978889,6.496
2010-08-20,287205.38,5,87.71,212.1608984,6.496
2010-08-27,288519.75,5,87.05,212.123908,6.496
2010-09-03,323798.0,5,84.06,212.0869176,6.496
2010-09-10,306533.08,5,79.86,212.0499271,6.496
2010-09-17,282558.65,5,82.28,212.0769346,6.496
2010-09-24,293131.58,5,78.53,212.1519404,6.496
2010-10-01,283178.12,5,71.1,212.2269463,6.768
2010-10-08,290494.85,5,64.99,212.3019522,6.768
2010-10-15,280681.2,5,68.11,212.3691867,6.768
2010-10-22,284988.27,5,70.96,212.4169928,6.768
2010-10-29,278031.81,5,70.58,212.464799,6.768
2010-11-05,325310.3,5,58.88,212.5126051,6.768
2010-11-12,301827.36,5,62.37,212.5604113,6.768
2010-11-19,297384.81,5,52.52,212.445487,6.768
2010-11-26,488362.61,5,66.15,212.303441,6.768
2010-12-03,344490.88,5,51.31,212.1613951,6.768
2010-12-10,352811.53,5,48.27,212.0193491,6.768
2010-12-17,367801.19,5,51.61,211.9580815,6.768
2010-12-24,466010.25,5,55.01,211.9573978,6.768
2010-12-31,298180.18,5,49.79,211.9567142,6.768
2011-01-07,286347.26,5,48.3,211.9560305,6.634
2011-01-14,260636.71,5,37.74,212.008514,6.634
2011-01-21,275313.34,5,45.41,212.3800012,6.634
2011-01-28,279088.39,5,44.5,212.7514884,6.634
2011-02-04,329613.2,5,41.67,213.1229755,6.634
2011-02-11,311590.54,5,38.25,213.4944627,6.634
2011-02-18,356622.61,5,58.83,213.8068304,6.634
2011-02-25,294659.5,5,63.35,214.0955503,6.634
2011-03-04,329033.66,5,60.35,214.3842702,6.634
2011-03-11,293098.1,5,55.74,214.6729901,6.634
2011-03-18,312177.67,5,64.31,214.9257339,6.634
2011-03-25,294732.5,5,70.71,215.1640872,6.634
2011-04-01,314316.55,5,61.5,215.4024406,6.489
2011-04-08,307333.62,5,69.64,215.6407939,6.489
2011-04-15,307913.58,5,72.02,215.8592673,6.489
2011-04-22,328415.44,5,74.34,216.0280407,6.489
2011-04-29,307291.56,5,74.75,216.1968142,6.489
2011-05-06,322904.68,5,66.27,216.3655877,6.489
2011-05-13,290930.01,5,77.38,216.5343611,6.489
2011-05-20,299614.33,5,71.37,216.3023847,6.489
2011-05-27,297149.69,5,80.14,216.0704083,6.489
2011-06-03,329183.92,5,83.81,215.8384319,6.489
2011-06-10,304984.14,5,83.61,215.6064555,6.489
2011-06-17,304811.82,5,86.84,215.560463,6.489
2011-06-24,302881.64,5,84.76,215.6539583,6.489
2011-07-01,327093.89,5,85.81,215.7474537,6.529
2011-07-08,310804.93,5,86.64,215.8409491,6.529
2011-07-15,283248.62,5,88.64,215.9250696,6.529
2011-07-22,292539.73,5,86.97,215.985753,6.529
2011-07-29,275142.17,5,89.42,216.0464364,6.529
2011-08-05,317738.56,5,91.07,216.1071198,6.529
2011-08-12,289886.16,5,90.16,216.1678032,6.529
2011-08-19,303643.84,5,89.35,216.2311855,6.529
2011-08-26,310338.17,5,89.18,216.2950176,6.529
2011-09-02,315645.53,5,90.38,216.3588498,6.529
2011-09-09,321110.22,5,79.04,216.4226819,6.529
2011-09-16,278529.71,5,83.55,216.6033083,6.529
2011-09-23,291024.98,5,78.01,216.9396605,6.529
2011-09-30,292315.38,5,81.16,217.2760127,6.529
2011-10-07,309111.47,5,71.64,217.6123648,6.3
2011-10-14,286117.72,5,72.36,217.9237458,6.3
2011-10-21,306069.18,5,66.9,218.0852999,6.3
2011-10-28,307035.11,5,69.27,218.2468539,6.3
2011-11-04,353652.23,5,56.71,218.408408,6.3
2011-11-11,311906.7,5,60.71,218.5699621,6.3
2011-11-18,307944.37,5,64.33,218.793912,6.3
2011-11-25,507900.07,5,61.93,219.0428204,6.3
2011-12-02,376225.61,5,51.14,219.2917287,6.3
2011-12-09,367433.77,5,44.12,219.540637,6.3
2011-12-16,379530.3,5,54.42,219.7596266,6.3
2011-12-23,458562.24,5,50.33,219.9387246,6.3
2011-12-30,349624.88,5,45.62,220.1178226,6.3
2012-01-06,312078.71,5,50.21,220.2969205,5.943
2012-01-13,291454.52,5,48.86,220.4760185,5.943
2012-01-20,287523.98,5,54.65,220.5694104,5.943
2012-01-27,295974.22,5,54.63,220.6628023,5.943
2012-02-03,333948.0,5,57.35,220.7561941,5.943
2012-02-10,349239.88,5,48.57,220.849586,5.943
2012-02-17,356427.98,5,48.25,221.0106341,5.943
2012-02-24,312220.47,5,57.75,221.2224243,5.943
2012-03-02,359206.21,5,60.66,221.4342146,5.943
2012-03-09,347295.6,5,57.69,221.6460048,5.943
2012-03-16,339392.54,5,63.55,221.7989713,5.943
2012-03-23,321299.99,5,64.44,221.8735063,5.943
2012-03-30,331318.73,5,67.76,221.9480412,5.943
2012-04-06,402985.7,5,70.4,222.0225762,5.801
2012-04-13,351832.03,5,70.56,222.0971111,5.801
2012-04-20,330063.06,5,67.33,222.1512315,5.801
2012-04-27,324839.74,5,68.96,222.2053519,5.801
2012-05-04,360932.69,5,77.1,222.2594722,5.801
2012-05-11,333870.52,5,73.45,222.3135926,5.801
2012-05-18,336189.66,5,70.45,222.330443,5.801
2012-05-25,341994.48,5,78.23,222.3323853,5.801
2012-06-01,359867.8,5,79.72,222.3343277,5.801
2012-06-08,341704.59,5,81.02,222.33627,5.801
2012-06-15,327383.64,5,81.64,222.3492901,5.801
2012-06-22,325041.68,5,80.57,222.3900046,5.801
2012-06-29,329658.1,5,87.08,222.4307191,5.801
2012-07-06,341214.43,5,82.35,222.4714336,5.603
2012-07-13,316203.64,5,80.78,222.5121481,5.603
2012-07-20,321205.12,5,81.05,222.5209358,5.603
2012-07-27,306827.36,5,85.06,222.5297234,5.603
2012-08-03,324195.17,5,86.91,222.5385111,5.603
2012-08-10,306759.7,5,86.96,222.5472987,5.603
2012-08-17,314014.18,5,87.52,222.6276753,5.603
2012-08-24,320831.36,5,79.45,222.7617437,5.603
2012-08-31,344642.01,5,84.25,222.8958121,5.603
2012-09-07,350648.91,5,86.3,223.0298805,5.603
2012-09-14,299800.67,5,76.65,223.1734167,5.603
2012-09-21,307306.76,5,71.09,223.3737593,5.603
2012-09-28,310141.68,5,78.33,223.5741019,5.603
2012-10-05,343048.29,5,71.17,223.7744444,5.422
2012-10-12,325345.41,5,66.24,223.974787,5.422
2012-10-19,313358.15,5,69.17,224.0192873,5.422
2012-10-26,319550.77,5,71.7,224.0378139,5.422
2010-02-05,1652635.1,6,40.43,212.6223518,7.259
2010-02-12,1606283.86,6,40.57,212.7700425,7.259
2010-02-19,1567138.07,6,43.58,212.8161546,7.259
2010-02-26,1432953.21,6,47.1,212.845337,7.259
2010-03-05,1601348.82,6,49.63,212.8745193,7.259
2010-03-12,1558621.36,6,58.82,212.9037017,7.259
2010-03-19,1693058.91,6,56.55,212.7351935,7.259
2010-03-26,1472033.38,6,53.74,212.533737,7.259
2010-04-02,1770333.9,6,64.94,212.3322805,7.092
2010-04-09,1667181.82,6,66.15,212.1308239,7.092
2010-04-16,1519846.36,6,65.68,211.9942765,7.092
2010-04-23,1540435.99,6,64.11,211.9442745,7.092
2010-04-30,1498080.16,6,68.91,211.8942725,7.092
2010-05-07,1619920.04,6,73.68,211.8442706,7.092
2010-05-14,1524059.4,6,74.95,211.8421769,7.092
2010-05-21,1531938.44,6,74.8,212.1275324,7.092
2010-05-28,1644470.66,6,78.89,212.412888,7.092
2010-06-04,1857380.09,6,79.44,212.6982436,7.092
2010-06-11,1685652.35,6,81.81,212.9835992,7.092
2010-06-18,1677248.24,6,83.89,212.9813843,7.092
2010-06-25,1640681.88,6,84.2,212.8641412,7.092
2010-07-02,1759777.25,6,80.34,212.746898,6.973
2010-07-09,1690317.99,6,80.93,212.6296549,6.973
2010-07-16,1560120.8,6,83.75,212.6212163,6.973
2010-07-23,1585240.92,6,83.9,212.7578505,6.973
2010-07-30,1532308.78,6,81.37,212.8944846,6.973
2010-08-06,1633241.59,6,86.61,213.0311188,6.973
2010-08-13,1547654.98,6,86.83,213.1677529,6.973
2010-08-20,1539930.5,6,87.36,213.1291427,6.973
2010-08-27,1450766.12,6,85.71,213.0905324,6.973
2010-09-03,1510925.32,6,82.15,213.0519222,6.973
2010-09-10,1424225.44,6,78.78,213.013312,6.973
2010-09-17,1308537.75,6,81.78,213.0398643,6.973
2010-09-24,1275591.84,6,76.49,213.1152886,6.973
2010-10-01,1328468.89,6,70.69,213.1907129,7.007
2010-10-08,1360317.9,6,65.21,213.2661373,7.007
2010-10-15,1344580.92,6,68.93,213.3337977,7.007
2010-10-22,1332716.53,6,70.97,213.3820486,7.007
2010-10-29,1385323.7,6,70.39,213.4302994,7.007
2010-11-05,1505442.15,6,59.9,213.4785503,7.007
2010-11-12,1495536.46,6,62.11,213.5268011,7.007
2010-11-19,1518841.45,6,52.99,213.4107412,7.007
2010-11-26,2267452.4,6,65.79,213.2672961,7.007
2010-12-03,1677067.24,6,52.3,213.123851,7.007
2010-12-10,1834737.58,6,48.46,212.9804059,7.007
2010-12-17,2090268.95,6,52.24,212.918049,7.007
2010-12-24,2720371.4924999997,6,55.07,212.9165082,7.007
2010-12-31,1464050.02,6,49.14,212.9149674,7.007
2011-01-07,1350441.68,6,47.78,212.9134266,6.858
2011-01-14,1306194.55,6,38.37,212.9655882,6.858
2011-01-21,1261253.18,6,46.2,213.3399647,6.858
2011-01-28,1287034.7,6,44.98,213.7143412,6.858
2011-02-04,1514999.17,6,40.59,214.0887176,6.858
2011-02-11,1486920.17,6,39.38,214.4630941,6.858
2011-02-18,1572117.54,6,59.61,214.7775231,6.858
2011-02-25,1422600.43,6,62.86,215.0679731,6.858
2011-03-04,1502617.99,6,60.45,215.3584231,6.858
2011-03-11,1494497.39,6,57.71,215.6488731,6.858
2011-03-18,1685375.47,6,65.07,215.9035078,6.858
2011-03-25,1438465.81,6,70.83,216.1438163,6.858
2011-04-01,1459276.77,6,62.25,216.3841249,6.855
2011-04-08,1534594.0,6,70.35,216.6244334,6.855
2011-04-15,1448797.02,6,73.17,216.8446627,6.855
2011-04-22,1639358.93,6,74.24,217.0146941,6.855
2011-04-29,1479249.9,6,75.27,217.1847255,6.855
2011-05-06,1504651.57,6,65.42,217.3547569,6.855
2011-05-13,1453185.65,6,76.95,217.5247882,6.855
2011-05-20,1382783.83,6,72.01,217.2896095,6.855
2011-05-27,1523979.11,6,80.83,217.0544307,6.855
2011-06-03,1705506.29,6,84.01,216.819252,6.855
2011-06-10,1598643.65,6,84.49,216.5840732,6.855
2011-06-17,1622150.33,6,87.08,216.5371616,6.855
2011-06-24,1543365.9,6,85.51,216.6314502,6.855
2011-07-01,1694551.15,6,87.0,216.7257388,6.925
2011-07-08,1709373.62,6,88.36,216.8200275,6.925
2011-07-15,1526801.24,6,88.93,216.9044732,6.925
2011-07-22,1526506.08,6,88.06,216.964312,6.925
2011-07-29,1483991.05,6,90.22,217.0241507,6.925
2011-08-05,1601584.57,6,91.46,217.0839894,6.925
2011-08-12,1484995.38,6,90.49,217.1438281,6.925
2011-08-19,1493544.04,6,89.26,217.2069662,6.925
2011-08-26,1420405.41,6,90.07,217.2706543,6.925
2011-09-02,1481618.74,6,91.22,217.3343423,6.925
2011-09-09,1483574.38,6,80.21,217.3980304,6.925
2011-09-16,1351407.79,6,84.94,217.5797506,6.925
2011-09-23,1336044.75,6,78.49,217.9188471,6.925
2011-09-30,1307551.92,6,82.51,218.2579435,6.925
2011-10-07,1481739.2,6,74.1,218.59704,6.551
2011-10-14,1386520.99,6,71.24,218.9109844,6.551
2011-10-21,1417922.37,6,68.53,219.0740167,6.551
2011-10-28,1419445.12,6,69.51,219.237049,6.551
2011-11-04,1523420.38,6,58.54,219.4000812,6.551
2011-11-11,1536176.54,6,61.33,219.5631135,6.551
2011-11-18,1524390.07,6,63.89,219.7897137,6.551
2011-11-25,2249811.55,6,62.78,220.0417412,6.551
2011-12-02,1688531.34,6,51.18,220.2937686,6.551
2011-12-09,1903385.14,6,43.64,220.5457961,6.551
2011-12-16,2034695.56,6,53.27,220.7671856,6.551
2011-12-23,2644633.02,6,49.45,220.9477245,6.551
2011-12-30,1598080.52,6,46.8,221.1282634,6.551
2012-01-06,1395339.71,6,50.82,221.3088023,6.132
2012-01-13,1344243.17,6,48.33,221.4893412,6.132
2012-01-20,1326255.7,6,55.37,221.5831306,6.132
2012-01-27,1315610.66,6,53.95,221.6769199,6.132
2012-02-03,1496305.78,6,57.45,221.7707093,6.132
2012-02-10,1620603.92,6,48.58,221.8644987,6.132
2012-02-17,1632616.09,6,49.03,222.026359,6.132
2012-02-24,1465187.71,6,59.17,222.2392726,6.132
2012-03-02,1550385.65,6,60.32,222.4521862,6.132
2012-03-09,1569304.4,6,57.89,222.6650998,6.132
2012-03-16,1748010.29,6,62.8,222.8186603,6.132
2012-03-23,1495143.62,6,63.71,222.8930835,6.132
2012-03-30,1508933.26,6,67.91,222.9675066,6.132
2012-04-06,1840131.19,6,71.6,223.0419298,5.964
2012-04-13,1616394.45,6,71.29,223.1163529,5.964
2012-04-20,1456073.24,6,68.64,223.17092,5.964
2012-04-27,1456221.1,6,71.5,223.2254871,5.964
2012-05-04,1543461.12,6,77.66,223.2800541,5.964
2012-05-11,1517075.67,6,72.66,223.3346212,5.964
2012-05-18,1513635.64,6,70.5,223.3511928,5.964
2012-05-25,1603793.42,6,78.47,223.3525662,5.964
2012-06-01,1681121.38,6,80.39,223.3539397,5.964
2012-06-08,1696619.52,6,80.5,223.3553131,5.964
2012-06-15,1642247.48,6,82.1,223.3680933,5.964
2012-06-22,1618272.25,6,81.2,223.4093906,5.964
2012-06-29,1648863.46,6,87.35,223.4506878,5.964
2012-07-06,1876359.39,6,82.95,223.4919851,5.668
2012-07-13,1588142.26,6,80.27,223.5332824,5.668
2012-07-20,1574361.97,6,81.57,223.5424501,5.668
2012-07-27,1513229.16,6,85.78,223.5516178,5.668
2012-08-03,1627274.93,6,87.55,223.5607856,5.668
2012-08-10,1588380.73,6,87.04,223.5699533,5.668
2012-08-17,1543049.52,6,87.53,223.6510224,5.668
2012-08-24,1501095.49,6,79.03,223.7860175,5.668
2012-08-31,1577439.81,6,83.58,223.9210125,5.668
2012-09-07,1608077.01,6,86.33,224.0560076,5.668
2012-09-14,1375166.86,6,76.41,224.2004678,5.668
2012-09-21,1425603.65,6,70.81,224.4017192,5.668
2012-09-28,1369131.46,6,77.82,224.6029706,5.668
2012-10-05,1518177.71,6,70.84,224.804222,5.329
2012-10-12,1459396.84,6,65.43,225.0054733,5.329
2012-10-19,1436883.99,6,69.68,225.0501013,5.329
2012-10-26,1431426.34,6,72.34,225.0686254,5.329
2010-02-05,496725.44,7,10.53,189.3816974,9.014
2010-02-12,524104.92,7,25.9,189.4642725,9.014
2010-02-19,506760.54,7,27.28,189.5340998,9.014
2010-02-26,496083.24,7,24.91,189.6018023,9.014
2010-03-05,491419.55,7,35.86,189.6695049,9.014
2010-03-12,480452.1,7,27.25,189.7372075,9.014
2010-03-19,574450.23,7,29.04,189.734262,9.014
2010-03-26,514731.6,7,23.33,189.7195417,9.014
2010-04-02,561145.14,7,38.26,189.7048215,8.963
2010-04-09,484263.25,7,33.79,189.6901012,8.963
2010-04-16,406228.19,7,41.89,189.6628845,8.963
2010-04-23,404751.25,7,43.07,189.6190057,8.963
2010-04-30,373655.61,7,38.99,189.575127,8.963
2010-05-07,395453.83,7,40.07,189.5312483,8.963
2010-05-14,372673.61,7,41.41,189.4904116,8.963
2010-05-21,395195.65,7,46.6,189.467827,8.963
2010-05-28,442734.55,7,54.24,189.4452425,8.963
2010-06-04,509183.22,7,53.63,189.422658,8.963
2010-06-11,498580.87,7,63.59,189.4000734,8.963
2010-06-18,481144.09,7,52.7,189.4185259,8.963
2010-06-25,553714.87,7,59.94,189.4533931,8.963
2010-07-02,575570.77,7,61.31,189.4882603,9.017
2010-07-09,593462.34,7,58.0,189.5231276,9.017
2010-07-16,557166.35,7,62.19,189.6125456,9.017
2010-07-23,570231.21,7,64.64,189.774698,9.017
2010-07-30,603547.16,7,66.07,189.9368504,9.017
2010-08-06,643854.17,7,61.7,190.0990028,9.017
2010-08-13,598185.4,7,60.13,190.2611552,9.017
2010-08-20,582353.17,7,59.59,190.2948237,9.017
2010-08-27,554309.24,7,57.57,190.3284922,9.017
2010-09-03,532765.05,7,49.84,190.3621607,9.017
2010-09-10,535769.32,7,48.5,190.3958293,9.017
2010-09-17,489408.53,7,48.56,190.4688287,9.017
2010-09-24,488008.83,7,47.55,190.5713264,9.017
2010-10-01,448998.73,7,49.99,190.6738241,9.137
2010-10-08,480239.88,7,44.13,190.7763218,9.137
2010-10-15,463370.48,7,35.86,190.8623087,9.137
2010-10-22,472450.81,7,36.84,190.9070184,9.137
2010-10-29,465493.15,7,34.78,190.951728,9.137
2010-11-05,480512.44,7,49.44,190.9964377,9.137
2010-11-12,507584.29,7,22.12,191.0411474,9.137
2010-11-19,482528.36,7,25.56,191.0312172,9.137
2010-11-26,835189.26,7,17.95,191.0121805,9.137
2010-12-03,552811.62,7,21.88,190.9931437,9.137
2010-12-10,599730.07,7,24.24,190.9741069,9.137
2010-12-17,716388.81,7,20.74,191.0303376,9.137
2010-12-24,1045124.88,7,26.04,191.1430189,9.137
2010-12-31,729572.08,7,13.76,191.2557002,9.137
2011-01-07,661163.94,7,10.09,191.3683815,8.818
2011-01-14,547384.9,7,11.32,191.4784939,8.818
2011-01-21,521539.46,7,25.4,191.5731924,8.818
2011-01-28,513372.17,7,10.11,191.667891,8.818
2011-02-04,558027.77,7,6.240000000000002,191.7625895,8.818
2011-02-11,559903.13,7,10.24,191.8572881,8.818
2011-02-18,572387.47,7,17.3,191.9178331,8.818
2011-02-25,546690.84,7,17.46,191.9647167,8.818
2011-03-04,551378.39,7,21.84,192.0116004,8.818
2011-03-11,558963.83,7,20.7,192.058484,8.818
2011-03-18,635014.69,7,27.69,192.1237981,8.818
2011-03-25,559061.58,7,25.69,192.1964844,8.818
2011-04-01,513409.67,7,24.83,192.2691707,8.595
2011-04-08,500552.16,7,30.64,192.3418571,8.595
2011-04-15,423380.14,7,27.79,192.4225954,8.595
2011-04-22,466594.89,7,31.84,192.5234638,8.595
2011-04-29,410429.73,7,26.79,192.6243322,8.595
2011-05-06,407012.47,7,26.54,192.7252006,8.595
2011-05-13,414094.05,7,36.61,192.826069,8.595
2011-05-20,424670.98,7,36.16,192.831317,8.595
2011-05-27,457216.87,7,37.51,192.8365651,8.595
2011-06-03,542295.37,7,45.77,192.8418131,8.595
2011-06-10,621099.95,7,53.3,192.8470612,8.595
2011-06-17,610991.35,7,48.79,192.9034759,8.595
2011-06-24,640043.97,7,46.85,192.9982655,8.595
2011-07-01,704344.21,7,58.54,193.0930552,8.622
2011-07-08,761793.94,7,59.08,193.1878448,8.622
2011-07-15,642748.21,7,54.37,193.3125484,8.622
2011-07-22,688043.96,7,56.22,193.5120367,8.622
2011-07-29,653382.62,7,56.66,193.711525,8.622
2011-08-05,695392.84,7,55.91,193.9110133,8.622
2011-08-12,670670.46,7,54.56,194.1105017,8.622
2011-08-19,645156.21,7,56.06,194.2500634,8.622
2011-08-26,629994.47,7,57.6,194.3796374,8.622
2011-09-02,592355.24,7,53.4,194.5092113,8.622
2011-09-09,613135.23,7,45.61,194.6387853,8.622
2011-09-16,558981.45,7,43.67,194.7419707,8.622
2011-09-23,536144.81,7,43.67,194.8099713,8.622
2011-09-30,488880.26,7,47.34,194.8779718,8.622
2011-10-07,525866.36,7,40.65,194.9459724,8.513
2011-10-14,501959.19,7,32.65,195.0261012,8.513
2011-10-21,558691.43,7,37.49,195.1789994,8.513
2011-10-28,527339.52,7,28.82,195.3318977,8.513
2011-11-04,564536.01,7,23.41,195.4847959,8.513
2011-11-11,556015.59,7,19.53,195.6376941,8.513
2011-11-18,539826.56,7,29.53,195.7184713,8.513
2011-11-25,949075.87,7,27.6,195.7704,8.513
2011-12-02,591907.88,7,20.38,195.8223287,8.513
2011-12-09,653845.45,7,11.17,195.8742575,8.513
2011-12-16,720242.19,7,15.2,195.9841685,8.513
2011-12-23,1059715.27,7,12.19,196.1713893,8.513
2011-12-30,815915.52,7,15.56,196.3586101,8.513
2012-01-06,713117.66,7,18.67,196.5458309,8.256
2012-01-13,593875.46,7,7.46,196.7330517,8.256
2012-01-20,578002.85,7,27.41,196.7796652,8.256
2012-01-27,541037.98,7,26.9,196.8262786,8.256
2012-02-03,580453.32,7,22.2,196.8728921,8.256
2012-02-10,563460.77,7,18.79,196.9195056,8.256
2012-02-17,620908.18,7,27.03,196.9432711,8.256
2012-02-24,603041.14,7,24.41,196.9499007,8.256
2012-03-02,551058.13,7,21.64,196.9565303,8.256
2012-03-09,579166.5,7,30.1,196.9631599,8.256
2012-03-16,669205.73,7,37.29,197.0457208,8.256
2012-03-23,615997.29,7,35.06,197.2295234,8.256
2012-03-30,583322.2,7,44.99,197.4133259,8.256
2012-04-06,621425.98,7,44.29,197.5971285,8.09
2012-04-13,517420.23,7,41.43,197.780931,8.09
2012-04-20,457340.06,7,39.3,197.7227385,8.09
2012-04-27,467827.75,7,51.49,197.664546,8.09
2012-05-04,465198.89,7,45.38,197.6063534,8.09
2012-05-11,460397.41,7,48.54,197.5481609,8.09
2012-05-18,468428.3,7,49.41,197.5553137,8.09
2012-05-25,532739.77,7,50.6,197.5886046,8.09
2012-06-01,598495.02,7,55.06,197.6218954,8.09
2012-06-08,642963.75,7,63.07,197.6551863,8.09
2012-06-15,666942.02,7,59.33,197.692292,8.09
2012-06-22,687344.68,7,63.69,197.7389345,8.09
2012-06-29,704335.41,7,68.84,197.785577,8.09
2012-07-06,805642.61,7,64.67,197.8322195,7.872
2012-07-13,694150.89,7,64.21,197.8788621,7.872
2012-07-20,686345.69,7,62.87,197.9290378,7.872
2012-07-27,686365.4,7,64.6,197.9792136,7.872
2012-08-03,680954.81,7,61.83,198.0293893,7.872
2012-08-10,675926.3,7,63.41,198.0795651,7.872
2012-08-17,642450.4,7,59.66,198.1001057,7.872
2012-08-24,609099.37,7,59.27,198.0984199,7.872
2012-08-31,586467.16,7,60.46,198.0967341,7.872
2012-09-07,597876.55,7,57.84,198.0950484,7.872
2012-09-14,541120.2,7,53.66,198.1267184,7.872
2012-09-21,530842.25,7,51.77,198.358523,7.872
2012-09-28,525545.76,7,50.64,198.5903276,7.872
2012-10-05,505830.56,7,48.43,198.8221322,7.557
2012-10-12,503463.93,7,41.43,199.0539368,7.557
2012-10-19,516424.83,7,43.01,199.1481963,7.557
2012-10-26,495543.28,7,42.53,199.2195317,7.557
2010-02-05,1004137.09,8,34.14,214.4714512,6.299
2010-02-12,994801.4,8,33.34,214.6214189,6.299
2010-02-19,963960.37,8,39.1,214.6664878,6.299
2010-02-26,847592.11,8,37.91,214.6940735,6.299
2010-03-05,881503.95,8,45.64,214.7216592,6.299
2010-03-12,860336.16,8,49.76,214.7492449,6.299
2010-03-19,839911.0,8,47.26,214.5764954,6.299
2010-03-26,772539.12,8,46.51,214.3703567,6.299
2010-04-02,914500.91,8,60.18,214.164218,6.29
2010-04-09,916033.92,8,59.25,213.9580793,6.29
2010-04-16,882917.12,8,62.66,213.8186357,6.29
2010-04-23,850440.26,8,56.1,213.768119,6.29
2010-04-30,778672.64,8,61.01,213.7176024,6.29
2010-05-07,916820.96,8,62.68,213.6670857,6.29
2010-05-14,873337.84,8,61.35,213.6655355,6.29
2010-05-21,818333.21,8,66.03,213.9577839,6.29
2010-05-28,868041.56,8,74.71,214.2500323,6.29
2010-06-04,958225.41,8,75.71,214.5422806,6.29
2010-06-11,914835.86,8,82.21,214.834529,6.29
2010-06-18,869922.56,8,78.79,214.8324452,6.29
2010-06-25,814919.11,8,81.78,214.7126286,6.29
2010-07-02,852333.75,8,74.78,214.5928119,6.315
2010-07-09,845289.77,8,72.49,214.4729952,6.315
2010-07-16,848630.57,8,77.49,214.4640599,6.315
2010-07-23,785515.88,8,78.29,214.6029664,6.315
2010-07-30,787295.09,8,76.02,214.7418728,6.315
2010-08-06,893399.77,8,80.37,214.8807793,6.315
2010-08-13,867919.21,8,80.11,215.0196857,6.315
2010-08-20,870676.44,8,79.36,214.9779825,6.315
2010-08-27,888816.78,8,74.92,214.9362793,6.315
2010-09-03,899036.47,8,76.14,214.894576,6.315
2010-09-10,831425.2,8,74.34,214.8528728,6.315
2010-09-17,836707.85,8,75.32,214.8785562,6.315
2010-09-24,773725.08,8,72.21,214.9547795,6.315
2010-10-01,804105.49,8,68.7,215.0310029,6.433
2010-10-08,870349.86,8,62.94,215.1072262,6.433
2010-10-15,826546.96,8,62.59,215.1757,6.433
2010-10-22,836419.14,8,62.86,215.2248,6.433
2010-10-29,830756.76,8,57.93,215.2739,6.433
2010-11-05,927266.34,8,55.76,215.323,6.433
2010-11-12,911538.98,8,54.89,215.3721,6.433
2010-11-19,885608.04,8,43.86,215.2538714,6.433
2010-11-26,1261693.16,8,51.07,215.1077548,6.433
2010-12-03,952766.93,8,42.85,214.9616381,6.433
2010-12-10,1069061.63,8,42.47,214.8155214,6.433
2010-12-17,1220579.55,8,45.03,214.7510843,6.433
2010-12-24,1511641.09,8,45.67,214.7479069,6.433
2010-12-31,773586.49,8,41.47,214.7447295,6.433
2011-01-07,873065.23,8,35.77,214.7415521,6.262
2011-01-14,809646.66,8,31.62,214.7930991,6.262
2011-01-21,822668.23,8,42.06,215.1729926,6.262
2011-01-28,782256.66,8,39.26,215.5528862,6.262
2011-02-04,944594.78,8,24.48,215.9327797,6.262
2011-02-11,996147.39,8,28.26,216.3126733,6.262
2011-02-18,1065108.64,8,50.64,216.6310383,6.262
2011-02-25,917317.15,8,51.29,216.9247918,6.262
2011-03-04,935266.43,8,53.18,217.2185454,6.262
2011-03-11,900387.29,8,49.14,217.512299,6.262
2011-03-18,898289.14,8,56.68,217.7705442,6.262
2011-03-25,827968.36,8,59.74,218.0145862,6.262
2011-04-01,878762.3,8,49.86,218.2586281,6.297
2011-04-08,949825.83,8,65.62,218.50267,6.297
2011-04-15,908278.74,8,63.55,218.7262524,6.297
2011-04-22,937473.13,8,65.11,218.8986857,6.297
2011-04-29,855014.77,8,62.29,219.071119,6.297
2011-05-06,941457.34,8,58.92,219.2435524,6.297
2011-05-13,895763.41,8,72.96,219.4159857,6.297
2011-05-20,836049.89,8,65.54,219.1746922,6.297
2011-05-27,857939.41,8,73.14,218.9333986,6.297
2011-06-03,929222.16,8,82.05,218.6921051,6.297
2011-06-10,897309.41,8,82.21,218.4508115,6.297
2011-06-17,922048.41,8,84.73,218.4021448,6.297
2011-06-24,864881.24,8,83.94,218.4979481,6.297
2011-07-01,883683.35,8,87.26,218.5937514,6.425
2011-07-08,861965.12,8,83.57,218.6895548,6.425
2011-07-15,849925.37,8,84.26,218.7746217,6.425
2011-07-22,829902.42,8,85.46,218.8328475,6.425
2011-07-29,807082.19,8,86.46,218.8910733,6.425
2011-08-05,892393.77,8,85.15,218.9492991,6.425
2011-08-12,856796.1,8,86.05,219.0075249,6.425
2011-08-19,895066.5,8,82.92,219.0701968,6.425
2011-08-26,912542.82,8,84.69,219.1336097,6.425
2011-09-02,891387.14,8,84.77,219.1970226,6.425
2011-09-09,848358.09,8,69.01,219.2604355,6.425
2011-09-16,870971.82,8,69.09,219.4442443,6.425
2011-09-23,806444.29,8,68.72,219.788581,6.425
2011-09-30,809049.37,8,72.2,220.1329176,6.425
2011-10-07,929976.55,8,67.61,220.4772543,6.123
2011-10-14,863188.26,8,61.74,220.7960935,6.123
2011-10-21,905984.49,8,59.97,220.9619484,6.123
2011-10-28,876712.31,8,56.86,221.1278032,6.123
2011-11-04,947815.05,8,49.68,221.2936581,6.123
2011-11-11,917088.48,8,50.56,221.4595129,6.123
2011-11-18,897032.19,8,51.72,221.6911738,6.123
2011-11-25,1235163.86,8,49.61,221.9491571,6.123
2011-12-02,986601.46,8,40.82,222.2071405,6.123
2011-12-09,1051922.95,8,30.51,222.4651238,6.123
2011-12-16,1118163.94,8,39.79,222.6910959,6.123
2011-12-23,1462254.05,8,38.16,222.8743862,6.123
2011-12-30,858572.22,8,36.33,223.0576765,6.123
2012-01-06,872113.23,8,43.47,223.2409668,5.825
2012-01-13,817661.76,8,36.46,223.4242571,5.825
2012-01-20,813954.82,8,46.81,223.5188055,5.825
2012-01-27,778178.53,8,45.52,223.6133539,5.825
2012-02-03,927610.69,8,45.56,223.7079023,5.825
2012-02-10,1021400.42,8,35.71,223.8024507,5.825
2012-02-17,1096232.89,8,37.51,223.9658621,5.825
2012-02-24,928537.54,8,46.33,224.1809207,5.825
2012-03-02,952264.91,8,50.95,224.3959793,5.825
2012-03-09,960115.56,8,49.59,224.6110379,5.825
2012-03-16,921178.39,8,56.63,224.7657327,5.825
2012-03-23,874223.25,8,52.9,224.8399424,5.825
2012-03-30,905935.29,8,66.69,224.9141521,5.825
2012-04-06,1046816.59,8,62.18,224.9883618,5.679
2012-04-13,909989.45,8,65.19,225.0625714,5.679
2012-04-20,872288.46,8,63.59,225.1179914,5.679
2012-04-27,879448.25,8,70.34,225.1734114,5.679
2012-05-04,937232.09,8,73.96,225.2288314,5.679
2012-05-11,920128.89,8,64.96,225.2842514,5.679
2012-05-18,913922.01,8,64.16,225.3002908,5.679
2012-05-25,895157.44,8,76.11,225.3005779,5.679
2012-06-01,921161.2,8,78.31,225.300865,5.679
2012-06-08,928820.0,8,74.28,225.3011521,5.679
2012-06-15,916918.7,8,77.14,225.3134743,5.679
2012-06-22,899449.65,8,78.85,225.3558843,5.679
2012-06-29,878298.22,8,84.47,225.3982943,5.679
2012-07-06,936205.5,8,81.24,225.4407043,5.401
2012-07-13,890488.01,8,78.46,225.4831143,5.401
2012-07-20,888834.07,8,79.94,225.4930078,5.401
2012-07-27,838227.52,8,81.71,225.5029014,5.401
2012-08-03,897076.73,8,85.06,225.5127949,5.401
2012-08-10,930745.69,8,83.74,225.5226885,5.401
2012-08-17,896613.19,8,81.21,225.6050797,5.401
2012-08-24,936373.65,8,73.77,225.7418442,5.401
2012-08-31,976137.73,8,75.33,225.8786088,5.401
2012-09-07,932160.37,8,80.87,226.0153733,5.401
2012-09-14,883569.38,8,67.21,226.1615981,5.401
2012-09-21,857796.45,8,66.96,226.3645848,5.401
2012-09-28,884724.41,8,71.1,226.5675714,5.401
2012-10-05,976436.02,8,61.41,226.7705581,5.124
2012-10-12,927511.99,8,55.03,226.9735448,5.124
2012-10-19,900309.75,8,62.99,227.0184166,5.124
2012-10-26,891671.44,8,64.74,227.0369359,5.124
2010-02-05,549505.55,9,38.01,214.6554591,6.415
2010-02-12,552677.48,9,37.08,214.8056534,6.415
2010-02-19,511327.9,9,43.06,214.8506185,6.415
2010-02-26,473773.27,9,43.83,214.8780453,6.415
2010-03-05,507297.88,9,48.43,214.9054721,6.415
2010-03-12,494145.8,9,55.76,214.932899,6.415
2010-03-19,485744.61,9,53.15,214.7597274,6.415
2010-03-26,484946.56,9,51.8,214.5531227,6.415
2010-04-02,545206.32,9,65.21,214.3465181,6.384
2010-04-09,529384.31,9,64.95,214.1399135,6.384
2010-04-16,485764.32,9,66.09,214.0001817,6.384
2010-04-23,488683.57,9,61.26,213.9496138,6.384
2010-04-30,491723.42,9,66.07,213.8990459,6.384
2010-05-07,526128.61,9,68.58,213.848478,6.384
2010-05-14,492792.8,9,70.53,213.8469819,6.384
2010-05-21,506274.94,9,71.5,214.1399162,6.384
2010-05-28,558143.53,9,77.12,214.4328505,6.384
2010-06-04,586061.46,9,79.65,214.7257848,6.384
2010-06-11,522715.68,9,83.75,215.0187191,6.384
2010-06-18,513073.87,9,82.99,215.0166484,6.384
2010-06-25,509263.28,9,85.02,214.8965756,6.384
2010-07-02,528832.54,9,78.55,214.7765028,6.442
2010-07-09,485389.15,9,78.51,214.6564301,6.442
2010-07-16,474030.51,9,82.93,214.6474453,6.442
2010-07-23,462676.5,9,84.49,214.7865779,6.442
2010-07-30,468675.19,9,79.83,214.9257105,6.442
2010-08-06,522815.45,9,87.09,215.064843,6.442
2010-08-13,481897.98,9,86.85,215.2039756,6.442
2010-08-20,499325.38,9,86.3,215.1619646,6.442
2010-08-27,506789.66,9,84.01,215.1199536,6.442
2010-09-03,511049.06,9,82.47,215.0779426,6.442
2010-09-10,484835.2,9,77.7,215.0359315,6.442
2010-09-17,463448.59,9,81.19,215.0615285,6.442
2010-09-24,452905.22,9,77.15,215.1378313,6.442
2010-10-01,495692.19,9,69.08,215.2141341,6.56
2010-10-08,505069.21,9,65.35,215.290437,6.56
2010-10-15,454769.68,9,67.36,215.3589917,6.56
2010-10-22,466322.76,9,69.99,215.4081762,6.56
2010-10-29,508801.61,9,64.43,215.4573607,6.56
2010-11-05,517869.97,9,58.69,215.5065452,6.56
2010-11-12,520846.68,9,61.59,215.5557297,6.56
2010-11-19,519823.3,9,49.96,215.4372854,6.56
2010-11-26,768070.53,9,60.18,215.2909028,6.56
2010-12-03,578164.82,9,49.89,215.1445203,6.56
2010-12-10,618121.82,9,46.1,214.9981378,6.56
2010-12-17,685243.2,9,49.7,214.9334937,6.56
2010-12-24,873347.55,9,50.93,214.9301534,6.56
2010-12-31,459770.85,9,45.92,214.9268131,6.56
2011-01-07,490981.78,9,41.82,214.9234729,6.416
2011-01-14,458086.69,9,36.43,214.9749587,6.416
2011-01-21,454021.69,9,44.72,215.3554013,6.416
2011-01-28,463561.48,9,43.9,215.7358438,6.416
2011-02-04,544612.28,9,31.82,216.1162864,6.416
2011-02-11,555279.02,9,34.13,216.496729,6.416
2011-02-18,610985.56,9,58.5,216.8154856,6.416
2011-02-25,513107.2,9,59.01,217.1095679,6.416
2011-03-04,542016.18,9,60.67,217.4036503,6.416
2011-03-11,517783.5,9,54.75,217.6977326,6.416
2011-03-18,515226.11,9,63.82,217.9563371,6.416
2011-03-25,497488.4,9,68.79,218.2007506,6.416
2011-04-01,520962.14,9,56.12,218.445164,6.38
2011-04-08,561625.92,9,71.4,218.6895775,6.38
2011-04-15,528420.28,9,71.9,218.9134935,6.38
2011-04-22,549502.11,9,72.35,219.0861659,6.38
2011-04-29,532226.2,9,70.85,219.2588382,6.38
2011-05-06,545251.1,9,62.2,219.4315106,6.38
2011-05-13,539126.0,9,77.66,219.6041829,6.38
2011-05-20,518266.9,9,70.49,219.3622809,6.38
2011-05-27,553834.04,9,80.42,219.1203788,6.38
2011-06-03,587004.29,9,85.8,218.8784768,6.38
2011-06-10,550076.32,9,85.81,218.6365747,6.38
2011-06-17,558671.14,9,89.15,218.5877333,6.38
2011-06-24,538745.93,9,86.74,218.6836874,6.38
2011-07-01,537064.03,9,89.14,218.7796415,6.404
2011-07-08,535983.13,9,89.04,218.8755955,6.404
2011-07-15,512834.04,9,90.45,218.9607242,6.404
2011-07-22,491449.94,9,89.08,219.0187895,6.404
2011-07-29,471449.98,9,91.1,219.0768548,6.404
2011-08-05,554879.67,9,91.52,219.1349201,6.404
2011-08-12,520284.79,9,91.63,219.1929854,6.404
2011-08-19,540819.44,9,85.8,219.2556109,6.404
2011-08-26,542663.53,9,88.95,219.3189965,6.404
2011-09-02,544643.33,9,89.33,219.382382,6.404
2011-09-09,528784.86,9,75.65,219.4457675,6.404
2011-09-16,500274.03,9,77.95,219.6297841,6.404
2011-09-23,506743.78,9,74.42,219.9746423,6.404
2011-09-30,508567.04,9,78.45,220.3195004,6.404
2011-10-07,553836.98,9,72.62,220.6643585,6.054
2011-10-14,529515.66,9,67.27,220.9836849,6.054
2011-10-21,557075.21,9,65.46,221.1498206,6.054
2011-10-28,548527.49,9,63.96,221.3159563,6.054
2011-11-04,597855.07,9,54.46,221.4820921,6.054
2011-11-11,594574.12,9,58.28,221.6482278,6.054
2011-11-18,542414.27,9,58.8,221.8803923,6.054
2011-11-25,814753.5,9,54.32,222.1389683,6.054
2011-12-02,613115.21,9,46.84,222.3975443,6.054
2011-12-09,630327.28,9,37.65,222.6561203,6.054
2011-12-16,705557.97,9,47.31,222.8825484,6.054
2011-12-23,905324.68,9,44.43,223.0661125,6.054
2011-12-30,549788.36,9,43.41,223.2496766,6.054
2012-01-06,519585.67,9,47.54,223.4332408,5.667
2012-01-13,474964.6,9,42.44,223.6168049,5.667
2012-01-20,480130.04,9,51.56,223.7114288,5.667
2012-01-27,482451.21,9,49.38,223.8060527,5.667
2012-02-03,549967.89,9,54.43,223.9006766,5.667
2012-02-10,609736.12,9,44.03,223.9953006,5.667
2012-02-17,658965.05,9,43.81,224.1588663,5.667
2012-02-24,563578.79,9,53.67,224.3741384,5.667
2012-03-02,619498.28,9,57.2,224.5894104,5.667
2012-03-09,574955.95,9,54.03,224.8046825,5.667
2012-03-16,550373.57,9,59.94,224.9594902,5.667
2012-03-23,550791.32,9,58.79,225.0336786,5.667
2012-03-30,574985.37,9,67.87,225.107867,5.667
2012-04-06,677885.99,9,68.83,225.1820555,5.539
2012-04-13,578539.86,9,69.19,225.2562439,5.539
2012-04-20,542819.03,9,68.04,225.3117488,5.539
2012-04-27,550414.99,9,73.07,225.3672537,5.539
2012-05-04,586289.08,9,78.98,225.4227585,5.539
2012-05-11,592572.3,9,70.94,225.4782634,5.539
2012-05-18,571463.93,9,69.52,225.4942498,5.539
2012-05-25,547226.0,9,79.69,225.4944288,5.539
2012-06-01,583648.59,9,80.26,225.4946078,5.539
2012-06-08,582525.42,9,78.91,225.4947868,5.539
2012-06-15,564606.1,9,82.21,225.5070634,5.539
2012-06-22,562173.12,9,81.05,225.5495841,5.539
2012-06-29,544770.7,9,87.18,225.5921049,5.539
2012-07-06,578790.36,9,84.15,225.6346256,5.277
2012-07-13,536537.64,9,82.39,225.6771463,5.277
2012-07-20,513991.57,9,83.39,225.6871121,5.277
2012-07-27,495951.0,9,86.41,225.6970779,5.277
2012-08-03,533887.54,9,90.23,225.7070437,5.277
2012-08-10,538713.47,9,88.66,225.7170094,5.277
2012-08-17,535153.47,9,86.37,225.7995323,5.277
2012-08-24,572887.78,9,77.9,225.9364729,5.277
2012-08-31,576879.15,9,80.71,226.0734135,5.277
2012-09-07,565812.29,9,87.93,226.2103541,5.277
2012-09-14,523427.35,9,73.55,226.3567545,5.277
2012-09-21,533756.88,9,69.92,226.5599138,5.277
2012-09-28,516361.06,9,76.8,226.7630732,5.277
2012-10-05,606755.3,9,66.61,226.9662325,4.954
2012-10-12,558464.8,9,60.09,227.1693919,4.954
2012-10-19,542009.46,9,68.01,227.214288,4.954
2012-10-26,549731.49,9,69.52,227.2328068,4.954
2010-02-05,2193048.75,10,54.34,126.4420645,9.765
2010-02-12,2176028.52,10,49.96,126.4962581,9.765
2010-02-19,2113432.58,10,58.22,126.5262857,9.765
2010-02-26,2006774.96,10,52.77,126.5522857,9.765
2010-03-05,1987090.09,10,55.92,126.5782857,9.765
2010-03-12,1941346.13,10,52.33,126.6042857,9.765
2010-03-19,1946875.06,10,61.46,126.6066452,9.765
2010-03-26,1893532.46,10,60.05,126.6050645,9.765
2010-04-02,2138651.97,10,63.66,126.6034839,9.524
2010-04-09,2041069.37,10,65.29,126.6019032,9.524
2010-04-16,1826241.44,10,69.74,126.5621,9.524
2010-04-23,1829521.83,10,66.42,126.4713333,9.524
2010-04-30,1790694.59,10,69.76,126.3805667,9.524
2010-05-07,1921432.16,10,71.06,126.2898,9.524
2010-05-14,1808056.41,10,73.88,126.2085484,9.524
2010-05-21,1847613.58,10,78.32,126.1843871,9.524
2010-05-28,1904618.17,10,76.67,126.1602258,9.524
2010-06-04,1931406.28,10,82.82,126.1360645,9.524
2010-06-11,1827521.71,10,89.67,126.1119032,9.524
2010-06-18,1837636.24,10,83.49,126.114,9.524
2010-06-25,1768172.31,10,90.32,126.1266,9.524
2010-07-02,1845893.87,10,92.89,126.1392,9.199
2010-07-09,1769793.37,10,91.03,126.1518,9.199
2010-07-16,1828052.47,10,91.8,126.1498065,9.199
2010-07-23,1831676.03,10,88.44,126.1283548,9.199
2010-07-30,1832664.03,10,85.03,126.1069032,9.199
2010-08-06,1949236.09,10,86.13,126.0854516,9.199
2010-08-13,1962996.7,10,88.37,126.064,9.199
2010-08-20,1983190.56,10,89.88,126.0766452,9.199
2010-08-27,1727565.42,10,84.99,126.0892903,9.199
2010-09-03,1766331.45,10,83.8,126.1019355,9.199
2010-09-10,1720530.23,10,84.04,126.1145806,9.199
2010-09-17,1716755.78,10,85.52,126.1454667,9.199
2010-09-24,1655036.75,10,85.75,126.1900333,9.199
2010-10-01,1645892.97,10,86.01,126.2346,9.003
2010-10-08,1772192.42,10,77.04,126.2791667,9.003
2010-10-15,1703850.25,10,75.48,126.3266774,9.003
2010-10-22,1740234.06,10,68.12,126.3815484,9.003
2010-10-29,1741308.56,10,68.76,126.4364194,9.003
2010-11-05,1832211.96,10,71.04,126.4912903,9.003
2010-11-12,1895901.59,10,61.24,126.5461613,9.003
2010-11-19,1949177.13,10,58.83,126.6072,9.003
2010-11-26,2720371.4924999997,10,55.33,126.6692667,9.003
2010-12-03,2251206.64,10,51.17,126.7313333,9.003
2010-12-10,2411790.21,10,60.51,126.7934,9.003
2010-12-17,2720371.4924999997,10,59.15,126.8794839,9.003
2010-12-24,2720371.4924999997,10,57.06,126.9835806,9.003
2010-12-31,1707298.14,10,49.67,127.0876774,9.003
2011-01-07,1714309.9,10,43.43,127.1917742,8.744
2011-01-14,1710803.59,10,49.98,127.3009355,8.744
2011-01-21,1677556.18,10,56.75,127.4404839,8.744
2011-01-28,1715769.05,10,53.03,127.5800323,8.744
2011-02-04,1968045.91,10,44.88,127.7195806,8.744
2011-02-11,2115408.31,10,51.51,127.859129,8.744
2011-02-18,2106934.55,10,61.77,127.99525,8.744
2011-02-25,1967996.71,10,53.59,128.13,8.744
2011-03-04,1958003.19,10,56.96,128.26475,8.744
2011-03-11,1933469.15,10,64.22,128.3995,8.744
2011-03-18,1884734.31,10,70.12,128.5121935,8.744
2011-03-25,1815798.85,10,62.53,128.6160645,8.744
2011-04-01,1827733.18,10,67.64,128.7199355,8.494
2011-04-08,1870720.73,10,73.03,128.8238065,8.494
2011-04-15,1781767.22,10,61.05,128.9107333,8.494
2011-04-22,2004831.14,10,75.93,128.9553,8.494
2011-04-29,1873646.34,10,73.38,128.9998667,8.494
2011-05-06,1841369.99,10,73.56,129.0444333,8.494
2011-05-13,1712995.44,10,74.04,129.089,8.494
2011-05-20,1720908.01,10,72.62,129.0756774,8.494
2011-05-27,1743000.38,10,78.62,129.0623548,8.494
2011-06-03,1792210.89,10,81.87,129.0490323,8.494
2011-06-10,1740063.1,10,84.57,129.0357097,8.494
2011-06-17,1817934.76,10,87.96,129.0432,8.494
2011-06-24,1711813.13,10,90.69,129.0663,8.494
2011-07-01,1751369.75,10,95.36,129.0894,8.257
2011-07-08,1699708.38,10,88.57,129.1125,8.257
2011-07-15,1775068.4,10,86.01,129.1338387,8.257
2011-07-22,1774342.61,10,88.59,129.1507742,8.257
2011-07-29,1745841.33,10,86.75,129.1677097,8.257
2011-08-05,1886299.98,10,89.8,129.1846452,8.257
2011-08-12,1917397.63,10,85.61,129.2015806,8.257
2011-08-19,1954849.68,10,87.4,129.2405806,8.257
2011-08-26,1728399.07,10,91.59,129.2832581,8.257
2011-09-02,1758587.35,10,91.61,129.3259355,8.257
2011-09-09,1670579.82,10,89.06,129.3686129,8.257
2011-09-16,1650894.3,10,77.49,129.4306,8.257
2011-09-23,1685910.53,10,82.51,129.5183333,8.257
2011-09-30,1627707.31,10,82.27,129.6060667,8.257
2011-10-07,1788227.6,10,75.01,129.6938,7.874
2011-10-14,1704753.02,10,70.27,129.7706452,7.874
2011-10-21,1745928.56,10,77.91,129.7821613,7.874
2011-10-28,1771792.97,10,72.79,129.7936774,7.874
2011-11-04,1904438.59,10,68.57,129.8051935,7.874
2011-11-11,2076570.84,10,55.28,129.8167097,7.874
2011-11-18,1869087.85,10,58.97,129.8268333,7.874
2011-11-25,2720371.4924999997,10,60.68,129.8364,7.874
2011-12-02,2068097.18,10,57.29,129.8459667,7.874
2011-12-09,2429310.9,10,42.58,129.8555333,7.874
2011-12-16,2555031.18,10,50.53,129.8980645,7.874
2011-12-23,2720371.4924999997,10,48.36,129.9845484,7.874
2011-12-30,1930690.37,10,48.92,130.0710323,7.874
2012-01-06,1683401.78,10,59.85,130.1575161,7.545
2012-01-13,1711562.73,10,51.0,130.244,7.545
2012-01-20,1675562.94,10,54.51,130.2792258,7.545
2012-01-27,1632406.0,10,53.59,130.3144516,7.545
2012-02-03,1867403.01,10,56.85,130.3496774,7.545
2012-02-10,2218595.8,10,55.73,130.3849032,7.545
2012-02-17,2168709.76,10,54.12,130.4546207,7.545
2012-02-24,2039415.74,10,56.02,130.5502069,7.545
2012-03-02,1990371.02,10,57.62,130.6457931,7.545
2012-03-09,1917483.1,10,57.65,130.7413793,7.545
2012-03-16,1930814.66,10,62.11,130.8261935,7.545
2012-03-23,1837457.69,10,56.54,130.8966452,7.545
2012-03-30,1815760.42,10,67.92,130.9670968,7.545
2012-04-06,2163384.17,10,65.99,131.0375484,7.382
2012-04-13,1974687.51,10,70.28,131.108,7.382
2012-04-20,1777166.53,10,67.75,131.1173333,7.382
2012-04-27,1712987.56,10,80.11,131.1266667,7.382
2012-05-04,1821364.42,10,77.02,131.136,7.382
2012-05-11,1792345.3,10,76.03,131.1453333,7.382
2012-05-18,1795152.73,10,85.19,131.0983226,7.382
2012-05-25,1830939.1,10,86.03,131.0287742,7.382
2012-06-01,1767471.48,10,80.06,130.9592258,7.382
2012-06-08,1840491.41,10,86.87,130.8896774,7.382
2012-06-15,1811562.88,10,88.58,130.8295333,7.382
2012-06-22,1755334.18,10,89.92,130.7929,7.382
2012-06-29,1707481.9,10,91.36,130.7562667,7.382
2012-07-06,1805999.79,10,86.87,130.7196333,7.17
2012-07-13,1765571.91,10,89.8,130.683,7.17
2012-07-20,1869967.03,10,84.45,130.7012903,7.17
2012-07-27,1817603.66,10,83.98,130.7195806,7.17
2012-08-03,1939440.09,10,84.76,130.737871,7.17
2012-08-10,1880436.94,10,90.78,130.7561613,7.17
2012-08-17,1827797.4,10,88.83,130.7909677,7.17
2012-08-24,1764984.15,10,82.5,130.8381613,7.17
2012-08-31,1650285.54,10,86.97,130.8853548,7.17
2012-09-07,1708283.28,10,83.07,130.9325484,7.17
2012-09-14,1640168.99,10,78.47,130.9776667,7.17
2012-09-21,1671857.57,10,81.93,131.0103333,7.17
2012-09-28,1694862.41,10,82.52,131.043,7.17
2012-10-05,1758971.38,10,80.88,131.0756667,6.943
2012-10-12,1713889.11,10,76.03,131.1083333,6.943
2012-10-19,1734834.82,10,72.71,131.1499677,6.943
2012-10-26,1744349.05,10,70.5,131.1930968,6.943
2010-02-05,1528008.64,11,46.04,214.4248812,7.368
2010-02-12,1574684.08,11,48.01,214.5747916,7.368
2010-02-19,1503298.7,11,48.3,214.6198868,7.368
2010-02-26,1336404.65,11,52.79,214.6475127,7.368
2010-03-05,1426622.65,11,53.96,214.6751386,7.368
2010-03-12,1331883.16,11,64.1,214.7027646,7.368
2010-03-19,1364207.0,11,61.51,214.5301219,7.368
2010-03-26,1245624.27,11,58.09,214.3241011,7.368
2010-04-02,1446210.26,11,66.16,214.1180803,7.343
2010-04-09,1470308.32,11,69.57,213.9120595,7.343
2010-04-16,1323243.35,11,67.81,213.7726889,7.343
2010-04-23,1283766.55,11,68.37,213.7221852,7.343
2010-04-30,1239766.89,11,71.13,213.6716815,7.343
2010-05-07,1312329.78,11,75.57,213.6211778,7.343
2010-05-14,1266796.13,11,77.64,213.6196139,7.343
2010-05-21,1271646.62,11,76.97,213.9116886,7.343
2010-05-28,1264272.52,11,79.69,214.2037634,7.343
2010-06-04,1396322.19,11,79.66,214.4958382,7.343
2010-06-11,1339570.85,11,82.81,214.787913,7.343
2010-06-18,1336522.92,11,84.13,214.7858259,7.343
2010-06-25,1262025.08,11,84.5,214.6660741,7.343
2010-07-02,1302600.14,11,83.09,214.5463222,7.346
2010-07-09,1280156.47,11,83.01,214.4265704,7.346
2010-07-16,1290609.54,11,84.9,214.4176476,7.346
2010-07-23,1244390.03,11,84.57,214.5564968,7.346
2010-07-30,1250178.89,11,83.26,214.695346,7.346
2010-08-06,1369634.92,11,86.54,214.8341952,7.346
2010-08-13,1384339.1,11,87.73,214.9730444,7.346
2010-08-20,1430192.37,11,88.93,214.9314191,7.346
2010-08-27,1311263.07,11,87.7,214.8897938,7.346
2010-09-03,1303914.27,11,84.94,214.8481685,7.346
2010-09-10,1231428.46,11,81.93,214.8065431,7.346
2010-09-17,1215676.31,11,83.04,214.8322484,7.346
2010-09-24,1170103.25,11,77.36,214.9084516,7.346
2010-10-01,1182490.46,11,75.11,214.9846548,7.564
2010-10-08,1293472.8,11,68.71,215.060858,7.564
2010-10-15,1175003.67,11,71.46,215.1293114,7.564
2010-10-22,1169831.38,11,72.6,215.17839,7.564
2010-10-29,1195036.0,11,74.21,215.2274686,7.564
2010-11-05,1332759.13,11,64.41,215.2765472,7.564
2010-11-12,1281675.6,11,63.74,215.3256258,7.564
2010-11-19,1292346.57,11,58.63,215.2074519,7.564
2010-11-26,1757242.51,11,69.9,215.0614025,7.564
2010-12-03,1380522.64,11,55.9,214.9153531,7.564
2010-12-10,1564516.43,11,53.33,214.7693037,7.564
2010-12-17,1843971.15,11,54.63,214.704919,7.564
2010-12-24,2306265.36,11,59.33,214.7017828,7.564
2010-12-31,1172003.1,11,55.03,214.6986466,7.564
2011-01-07,1178905.44,11,54.43,214.6955104,7.551
2011-01-14,1194449.78,11,45.34,214.7470729,7.551
2011-01-21,1187776.19,11,51.51,215.1268275,7.551
2011-01-28,1100418.69,11,51.04,215.5065821,7.551
2011-02-04,1422546.05,11,47.17,215.8863367,7.551
2011-02-11,1419236.9,11,44.61,216.2660913,7.551
2011-02-18,1554747.15,11,61.5,216.5843571,7.551
2011-02-25,1323999.36,11,68.74,216.8780275,7.551
2011-03-04,1399456.99,11,66.5,217.1716979,7.551
2011-03-11,1314557.31,11,63.29,217.4653683,7.551
2011-03-18,1391813.69,11,70.17,217.7235226,7.551
2011-03-25,1229777.24,11,73.74,217.9674705,7.551
2011-04-01,1258674.12,11,69.1,218.2114184,7.574
2011-04-08,1327401.06,11,73.57,218.4553663,7.574
2011-04-15,1312905.8,11,76.64,218.6788642,7.574
2011-04-22,1388118.53,11,78.31,218.851237,7.574
2011-04-29,1357589.89,11,79.97,219.0236099,7.574
2011-05-06,1331453.41,11,71.39,219.1959827,7.574
2011-05-13,1277959.42,11,80.93,219.3683556,7.574
2011-05-20,1239466.97,11,76.97,219.127216,7.574
2011-05-27,1216876.52,11,85.61,218.8860765,7.574
2011-06-03,1343637.0,11,86.14,218.6449369,7.574
2011-06-10,1314626.75,11,85.79,218.4037974,7.574
2011-06-17,1337506.74,11,87.9,218.3551748,7.574
2011-06-24,1254587.84,11,86.13,218.45094,7.574
2011-07-01,1297472.06,11,86.43,218.5467052,7.567
2011-07-08,1334627.96,11,87.17,218.6424704,7.567
2011-07-15,1266546.73,11,88.3,218.7275216,7.567
2011-07-22,1290576.44,11,87.8,218.7857881,7.567
2011-07-29,1212938.67,11,89.46,218.8440545,7.567
2011-08-05,1403198.94,11,90.04,218.9023209,7.567
2011-08-12,1354188.43,11,90.3,218.9605873,7.567
2011-08-19,1484169.74,11,89.51,219.023271,7.567
2011-08-26,1304706.75,11,89.09,219.0866908,7.567
2011-09-02,1297792.41,11,91.44,219.1501106,7.567
2011-09-09,1249439.95,11,84.91,219.2135305,7.567
2011-09-16,1270816.01,11,85.11,219.3972867,7.567
2011-09-23,1235775.15,11,82.14,219.7414914,7.567
2011-09-30,1190515.83,11,84.4,220.085696,7.567
2011-10-07,1346271.06,11,76.97,220.4299007,7.197
2011-10-14,1286388.96,11,75.56,220.7486167,7.197
2011-10-21,1325107.53,11,70.91,220.9144005,7.197
2011-10-28,1310684.1,11,72.66,221.0801842,7.197
2011-11-04,1458287.38,11,61.13,221.245968,7.197
2011-11-11,1366053.69,11,64.2,221.4117517,7.197
2011-11-18,1315091.63,11,66.17,221.6432852,7.197
2011-11-25,1848953.48,11,70.03,221.9011185,7.197
2011-12-02,1399322.44,11,56.89,222.1589519,7.197
2011-12-09,1646655.94,11,50.63,222.4167852,7.197
2011-12-16,1783910.06,11,59.69,222.6426418,7.197
2011-12-23,2213518.5,11,54.29,222.8258628,7.197
2011-12-30,1352084.21,11,48.86,223.0090839,7.197
2012-01-06,1283885.55,11,54.44,223.1923049,6.833
2012-01-13,1264736.59,11,53.1,223.3755259,6.833
2012-01-20,1207303.29,11,56.43,223.4700552,6.833
2012-01-27,1162675.85,11,58.36,223.5645845,6.833
2012-02-03,1376732.18,11,60.24,223.6591137,6.833
2012-02-10,1574287.76,11,52.23,223.753643,6.833
2012-02-17,1569607.94,11,52.77,223.9170153,6.833
2012-02-24,1379473.03,11,61.11,224.1320199,6.833
2012-03-02,1438383.44,11,62.61,224.3470245,6.833
2012-03-09,1413382.76,11,61.44,224.5620291,6.833
2012-03-16,1441884.28,11,64.21,224.7166953,6.833
2012-03-23,1300593.61,11,67.16,224.7909104,6.833
2012-03-30,1300104.03,11,70.23,224.8651254,6.833
2012-04-06,1596325.01,11,74.19,224.9393405,6.664
2012-04-13,1472752.01,11,72.74,225.0135556,6.664
2012-04-20,1315356.99,11,71.97,225.0689541,6.664
2012-04-27,1236238.29,11,73.4,225.1243526,6.664
2012-05-04,1370251.22,11,79.07,225.1797511,6.664
2012-05-11,1300147.07,11,75.13,225.2351496,6.664
2012-05-18,1352442.31,11,72.53,225.2512024,6.664
2012-05-25,1297335.87,11,78.44,225.2515168,6.664
2012-06-01,1361595.33,11,81.67,225.2518313,6.664
2012-06-08,1414343.53,11,82.1,225.2521458,6.664
2012-06-15,1417875.42,11,84.97,225.2644795,6.664
2012-06-22,1355680.3,11,83.26,225.3068615,6.664
2012-06-29,1297028.6,11,87.86,225.3492435,6.664
2012-07-06,1461129.94,11,83.44,225.3916254,6.334
2012-07-13,1320239.51,11,82.46,225.4340074,6.334
2012-07-20,1344483.81,11,82.41,225.4438827,6.334
2012-07-27,1272395.02,11,85.43,225.4537579,6.334
2012-08-03,1399341.07,11,86.94,225.4636332,6.334
2012-08-10,1388973.65,11,86.21,225.4735085,6.334
2012-08-17,1421307.2,11,87.73,225.5558664,6.334
2012-08-24,1409515.73,11,83.17,225.6925864,6.334
2012-08-31,1372872.35,11,86.49,225.8293063,6.334
2012-09-07,1304584.4,11,85.17,225.9660263,6.334
2012-09-14,1267675.05,11,79.61,226.1122067,6.334
2012-09-21,1326132.98,11,73.64,226.3151496,6.334
2012-09-28,1227430.73,11,77.67,226.5180926,6.334
2012-10-05,1422794.26,11,73.37,226.7210356,6.034
2012-10-12,1311965.09,11,69.94,226.9239785,6.034
2012-10-19,1232073.18,11,73.77,226.9688442,6.034
2012-10-26,1200729.45,11,74.26,226.9873637,6.034
2010-02-05,1100046.37,12,49.47,126.4420645,11.218499999999999
2010-02-12,1117863.33,12,47.87,126.4962581,11.218499999999999
2010-02-19,1095421.65,12,54.83,126.5262857,11.218499999999999
2010-02-26,1048617.17,12,50.23,126.5522857,11.218499999999999
2010-03-05,1077018.27,12,53.77,126.5782857,11.218499999999999
2010-03-12,985594.23,12,50.11,126.6042857,11.218499999999999
2010-03-19,972088.34,12,59.57,126.6066452,11.218499999999999
2010-03-26,981615.81,12,60.06,126.6050645,11.218499999999999
2010-04-02,1011822.3,12,59.84,126.6034839,11.218499999999999
2010-04-09,1041238.87,12,59.25,126.6019032,11.218499999999999
2010-04-16,957997.52,12,64.95,126.5621,11.218499999999999
2010-04-23,993833.44,12,64.55,126.4713333,11.218499999999999
2010-04-30,954220.22,12,67.38,126.3805667,11.218499999999999
2010-05-07,1043240.27,12,70.15,126.2898,11.218499999999999
2010-05-14,966054.97,12,68.44,126.2085484,11.218499999999999
2010-05-21,958374.56,12,76.2,126.1843871,11.218499999999999
2010-05-28,955451.16,12,67.84,126.1602258,11.218499999999999
2010-06-04,1049357.36,12,81.39,126.1360645,11.218499999999999
2010-06-11,1016039.71,12,90.84,126.1119032,11.218499999999999
2010-06-18,956211.2,12,81.06,126.114,11.218499999999999
2010-06-25,958007.69,12,87.27,126.1266,11.218499999999999
2010-07-02,951957.31,12,91.98,126.1392,11.218499999999999
2010-07-09,943506.28,12,90.37,126.1518,11.218499999999999
2010-07-16,916402.76,12,97.18,126.1498065,11.218499999999999
2010-07-23,912403.67,12,99.22,126.1283548,11.218499999999999
2010-07-30,913548.25,12,96.31,126.1069032,11.218499999999999
2010-08-06,967576.95,12,92.95,126.0854516,11.218499999999999
2010-08-13,928264.4,12,87.01,126.064,11.218499999999999
2010-08-20,948447.34,12,92.81,126.0766452,11.218499999999999
2010-08-27,1004516.46,12,93.19,126.0892903,11.218499999999999
2010-09-03,1075758.55,12,83.12,126.1019355,11.218499999999999
2010-09-10,903119.03,12,83.63,126.1145806,11.218499999999999
2010-09-17,852882.61,12,82.45,126.1454667,11.218499999999999
2010-09-24,851919.34,12,81.77,126.1900333,11.218499999999999
2010-10-01,850936.26,12,85.2,126.2346,11.218499999999999
2010-10-08,918335.68,12,71.82,126.2791667,11.218499999999999
2010-10-15,862419.84,12,75.0,126.3266774,11.218499999999999
2010-10-22,857883.46,12,68.85,126.3815484,11.218499999999999
2010-10-29,955294.7,12,61.09,126.4364194,11.218499999999999
2010-11-05,929690.71,12,65.49,126.4912903,11.218499999999999
2010-11-12,942475.24,12,57.79,126.5461613,11.218499999999999
2010-11-19,894493.7,12,58.18,126.6072,11.218499999999999
2010-11-26,1601377.41,12,47.66,126.6692667,11.218499999999999
2010-12-03,1069533.17,12,43.33,126.7313333,11.218499999999999
2010-12-10,1121934.15,12,50.01,126.7934,11.218499999999999
2010-12-17,1295605.35,12,52.77,126.8794839,11.218499999999999
2010-12-24,1768249.89,12,52.02,126.9835806,11.218499999999999
2010-12-31,891736.91,12,45.64,127.0876774,11.218499999999999
2011-01-07,910110.24,12,37.64,127.1917742,11.218499999999999
2011-01-14,812011.8,12,43.15,127.3009355,11.218499999999999
2011-01-21,802105.5,12,53.53,127.4404839,11.218499999999999
2011-01-28,873119.06,12,50.74,127.5800323,11.218499999999999
2011-02-04,1046068.17,12,45.14,127.7195806,11.218499999999999
2011-02-11,1086421.57,12,51.3,127.859129,11.218499999999999
2011-02-18,1128485.1,12,53.35,127.99525,11.218499999999999
2011-02-25,1046203.72,12,48.45,128.13,11.218499999999999
2011-03-04,1085248.21,12,51.72,128.26475,11.218499999999999
2011-03-11,997672.62,12,57.75,128.3995,11.218499999999999
2011-03-18,1009502.01,12,64.21,128.5121935,11.218499999999999
2011-03-25,954107.32,12,54.4,128.6160645,11.218499999999999
2011-04-01,1005463.49,12,63.63,128.7199355,11.218499999999999
2011-04-08,998362.05,12,64.47,128.8238065,11.218499999999999
2011-04-15,990951.77,12,57.63,128.9107333,11.218499999999999
2011-04-22,1016019.47,12,72.12,128.9553,11.218499999999999
2011-04-29,994966.1,12,68.27,128.9998667,11.218499999999999
2011-05-06,1021154.48,12,68.4,129.0444333,11.218499999999999
2011-05-13,977033.5,12,70.93,129.089,11.218499999999999
2011-05-20,924134.99,12,66.59,129.0756774,11.218499999999999
2011-05-27,964332.51,12,76.67,129.0623548,11.218499999999999
2011-06-03,970328.68,12,71.81,129.0490323,11.218499999999999
2011-06-10,996937.95,12,78.72,129.0357097,11.218499999999999
2011-06-17,986504.93,12,86.84,129.0432,11.218499999999999
2011-06-24,997282.75,12,88.95,129.0663,11.218499999999999
2011-07-01,961993.34,12,89.85,129.0894,11.218499999999999
2011-07-08,943717.38,12,89.9,129.1125,11.218499999999999
2011-07-15,936001.98,12,88.1,129.1338387,11.218499999999999
2011-07-22,922231.92,12,91.17,129.1507742,11.218499999999999
2011-07-29,890547.07,12,93.29,129.1677097,11.218499999999999
2011-08-05,988712.52,12,90.61,129.1846452,11.218499999999999
2011-08-12,955913.68,12,91.04,129.2015806,11.218499999999999
2011-08-19,966817.24,12,91.74,129.2405806,11.218499999999999
2011-08-26,1017593.47,12,94.61,129.2832581,11.218499999999999
2011-09-02,1052051.45,12,93.66,129.3259355,11.218499999999999
2011-09-09,922850.57,12,88.0,129.3686129,11.218499999999999
2011-09-16,889290.23,12,76.36,129.4306,11.218499999999999
2011-09-23,871692.74,12,82.95,129.5183333,11.218499999999999
2011-09-30,866401.45,12,83.26,129.6060667,11.218499999999999
2011-10-07,951244.66,12,70.44,129.6938,11.218499999999999
2011-10-14,927600.01,12,67.31,129.7706452,11.218499999999999
2011-10-21,938604.58,12,73.05,129.7821613,11.218499999999999
2011-10-28,990926.38,12,67.41,129.7936774,11.218499999999999
2011-11-04,1051944.79,12,59.77,129.8051935,11.218499999999999
2011-11-11,1095091.53,12,48.76,129.8167097,11.218499999999999
2011-11-18,970641.34,12,54.2,129.8268333,11.218499999999999
2011-11-25,1591920.42,12,53.25,129.8364,11.218499999999999
2011-12-02,1071383.1,12,52.5,129.8459667,11.218499999999999
2011-12-09,1189646.45,12,42.17,129.8555333,11.218499999999999
2011-12-16,1293404.18,12,43.29,129.8980645,11.218499999999999
2011-12-23,1617612.03,12,45.4,129.9845484,11.218499999999999
2011-12-30,1111638.07,12,44.64,130.0710323,11.218499999999999
2012-01-06,945823.65,12,50.43,130.1575161,11.218499999999999
2012-01-13,865467.86,12,48.07,130.244,11.218499999999999
2012-01-20,855922.64,12,46.2,130.2792258,11.218499999999999
2012-01-27,888203.69,12,50.43,130.3144516,11.218499999999999
2012-02-03,1058767.95,12,50.58,130.3496774,11.218499999999999
2012-02-10,1199330.85,12,52.27,130.3849032,11.218499999999999
2012-02-17,1240048.85,12,51.8,130.4546207,11.218499999999999
2012-02-24,1112034.72,12,53.13,130.5502069,11.218499999999999
2012-03-02,1147636.96,12,52.27,130.6457931,11.218499999999999
2012-03-09,1113208.57,12,54.54,130.7413793,11.218499999999999
2012-03-16,1088498.52,12,64.44,130.8261935,11.218499999999999
2012-03-23,1045419.87,12,56.26,130.8966452,11.218499999999999
2012-03-30,1025382.22,12,64.36,130.9670968,11.218499999999999
2012-04-06,1128765.71,12,64.05,131.0375484,11.218499999999999
2012-04-13,1083811.19,12,64.28,131.108,11.218499999999999
2012-04-20,1006486.96,12,66.73,131.1173333,11.218499999999999
2012-04-27,1004252.38,12,77.99,131.1266667,11.218499999999999
2012-05-04,1073433.69,12,76.03,131.136,11.218499999999999
2012-05-11,1041995.22,12,77.27,131.1453333,11.218499999999999
2012-05-18,1020486.05,12,84.51,131.0983226,11.218499999999999
2012-05-25,991514.21,12,83.84,131.0287742,11.218499999999999
2012-06-01,981345.2,12,78.11,130.9592258,11.218499999999999
2012-06-08,1086231.47,12,84.83,130.8896774,11.218499999999999
2012-06-15,1019555.51,12,85.94,130.8295333,11.218499999999999
2012-06-22,981386.25,12,91.61,130.7929,11.218499999999999
2012-06-29,943124.74,12,90.47,130.7562667,11.218499999999999
2012-07-06,1014898.78,12,89.13,130.7196333,10.926
2012-07-13,960312.75,12,95.61,130.683,10.926
2012-07-20,941550.34,12,85.53,130.7012903,10.926
2012-07-27,916967.92,12,93.47,130.7195806,10.926
2012-08-03,958667.23,12,88.16,130.737871,10.926
2012-08-10,984689.9,12,95.91,130.7561613,10.926
2012-08-17,1005003.12,12,94.87,130.7909677,10.926
2012-08-24,1048101.39,12,85.32,130.8381613,10.926
2012-08-31,1061943.49,12,89.78,130.8853548,10.926
2012-09-07,955146.04,12,88.52,130.9325484,10.926
2012-09-14,885892.37,12,83.64,130.9776667,10.926
2012-09-21,922735.37,12,82.97,131.0103333,10.926
2012-09-28,880415.67,12,81.22,131.043,10.926
2012-10-05,979825.92,12,81.61,131.0756667,10.199
2012-10-12,934917.47,12,71.74,131.1083333,10.199
2012-10-19,960945.43,12,68.66,131.1499677,10.199
2012-10-26,974697.6,12,65.95,131.1930968,10.199
2010-02-05,1967220.53,13,31.53,126.4420645,8.316
2010-02-12,2030933.46,13,33.16,126.4962581,8.316
2010-02-19,1970274.64,13,35.7,126.5262857,8.316
2010-02-26,1817850.32,13,29.98,126.5522857,8.316
2010-03-05,1939980.43,13,40.65,126.5782857,8.316
2010-03-12,1840686.94,13,37.62,126.6042857,8.316
2010-03-19,1879794.89,13,42.49,126.6066452,8.316
2010-03-26,1882095.98,13,41.48,126.6050645,8.316
2010-04-02,2142482.14,13,42.15,126.6034839,8.107
2010-04-09,1898321.33,13,38.97,126.6019032,8.107
2010-04-16,1819660.44,13,50.39,126.5621,8.107
2010-04-23,1909330.77,13,55.66,126.4713333,8.107
2010-04-30,1785823.37,13,48.33,126.3805667,8.107
2010-05-07,2005478.46,13,44.42,126.2898,8.107
2010-05-14,1890273.44,13,50.15,126.2085484,8.107
2010-05-21,1853657.6,13,57.71,126.1843871,8.107
2010-05-28,1877358.86,13,53.11,126.1602258,8.107
2010-06-04,2022705.22,13,59.85,126.1360645,8.107
2010-06-11,2037880.96,13,65.24,126.1119032,8.107
2010-06-18,2003435.31,13,58.41,126.114,8.107
2010-06-25,1970340.25,13,71.83,126.1266,8.107
2010-07-02,2018314.71,13,78.82,126.1392,7.951
2010-07-09,1870843.9,13,71.33,126.1518,7.951
2010-07-16,1932231.05,13,77.79,126.1498065,7.951
2010-07-23,1907351.2,13,82.27,126.1283548,7.951
2010-07-30,1817887.23,13,78.94,126.1069032,7.951
2010-08-06,1969121.45,13,81.24,126.0854516,7.951
2010-08-13,1877592.55,13,74.93,126.064,7.951
2010-08-20,1997397.63,13,76.34,126.0766452,7.951
2010-08-27,1908278.27,13,75.31,126.0892903,7.951
2010-09-03,1911852.58,13,65.71,126.1019355,7.951
2010-09-10,1772143.94,13,65.74,126.1145806,7.951
2010-09-17,1790279.74,13,66.84,126.1454667,7.951
2010-09-24,1705655.09,13,68.22,126.1900333,7.951
2010-10-01,1765584.48,13,68.74,126.2346,7.795
2010-10-08,1871924.07,13,63.03,126.2791667,7.795
2010-10-15,1851431.06,13,54.12,126.3266774,7.795
2010-10-22,1796949.59,13,56.89,126.3815484,7.795
2010-10-29,1887895.07,13,45.12,126.4364194,7.795
2010-11-05,1854967.66,13,49.96,126.4912903,7.795
2010-11-12,1939964.63,13,42.55,126.5461613,7.795
2010-11-19,1925393.91,13,42.0,126.6072,7.795
2010-11-26,2720371.4924999997,13,28.22,126.6692667,7.795
2010-12-03,2083379.89,13,25.8,126.7313333,7.795
2010-12-10,2461468.35,13,36.78,126.7934,7.795
2010-12-17,2720371.4924999997,13,35.21,126.8794839,7.795
2010-12-24,2720371.4924999997,13,34.9,126.9835806,7.795
2010-12-31,1675292.0,13,26.79,127.0876774,7.795
2011-01-07,1744544.39,13,16.94,127.1917742,7.47
2011-01-14,1682316.31,13,20.6,127.3009355,7.47
2011-01-21,1770177.37,13,34.8,127.4404839,7.47
2011-01-28,1633663.12,13,31.64,127.5800323,7.47
2011-02-04,1848186.58,13,23.35,127.7195806,7.47
2011-02-11,1944438.9,13,30.83,127.859129,7.47
2011-02-18,2003480.59,13,40.85,127.99525,7.47
2011-02-25,1831933.95,13,33.17,128.13,7.47
2011-03-04,1894960.68,13,34.23,128.26475,7.47
2011-03-11,1852432.58,13,41.28,128.3995,7.47
2011-03-18,1852443.78,13,44.69,128.5121935,7.47
2011-03-25,1807545.43,13,42.38,128.6160645,7.47
2011-04-01,1864238.64,13,42.49,128.7199355,7.193
2011-04-08,1887465.04,13,42.75,128.8238065,7.193
2011-04-15,1950994.04,13,41.72,128.9107333,7.193
2011-04-22,2124316.34,13,47.55,128.9553,7.193
2011-04-29,1895583.12,13,43.85,128.9998667,7.193
2011-05-06,1986380.4,13,47.75,129.0444333,7.193
2011-05-13,1958823.56,13,52.4,129.089,7.193
2011-05-20,1860923.55,13,52.12,129.0756774,7.193
2011-05-27,1866369.93,13,54.62,129.0623548,7.193
2011-06-03,1935593.87,13,52.76,129.0490323,7.193
2011-06-10,1997816.98,13,61.39,129.0357097,7.193
2011-06-17,2086433.49,13,63.35,129.0432,7.193
2011-06-24,2009163.08,13,66.38,129.0663,7.193
2011-07-01,2048035.74,13,74.29,129.0894,6.877
2011-07-08,2021699.38,13,77.3,129.1125,6.877
2011-07-15,1956813.31,13,75.59,129.1338387,6.877
2011-07-22,1987089.36,13,78.5,129.1507742,6.877
2011-07-29,1880785.69,13,77.62,129.1677097,6.877
2011-08-05,2076231.8,13,75.56,129.1846452,6.877
2011-08-12,1970341.38,13,75.95,129.2015806,6.877
2011-08-19,2090340.98,13,76.68,129.2405806,6.877
2011-08-26,2035244.54,13,81.53,129.2832581,6.877
2011-09-02,1953628.82,13,77.0,129.3259355,6.877
2011-09-09,1872921.31,13,70.19,129.3686129,6.877
2011-09-16,1923223.82,13,67.54,129.4306,6.877
2011-09-23,1847430.96,13,63.6,129.5183333,6.877
2011-09-30,1835662.69,13,68.28,129.6060667,6.877
2011-10-07,2067232.56,13,60.62,129.6938,6.392
2011-10-14,1929659.07,13,51.74,129.7706452,6.392
2011-10-21,1973544.27,13,54.66,129.7821613,6.392
2011-10-28,1948733.81,13,47.41,129.7936774,6.392
2011-11-04,2036317.54,13,43.51,129.8051935,6.392
2011-11-11,2111592.09,13,33.8,129.8167097,6.392
2011-11-18,2016323.51,13,40.65,129.8268333,6.392
2011-11-25,2720371.4924999997,13,38.89,129.8364,6.392
2011-12-02,2051315.66,13,33.94,129.8459667,6.392
2011-12-09,2462779.06,13,24.82,129.8555333,6.392
2011-12-16,2720371.4924999997,13,27.85,129.8980645,6.392
2011-12-23,2720371.4924999997,13,24.76,129.9845484,6.392
2011-12-30,1969056.91,13,31.53,130.0710323,6.392
2012-01-06,1865752.78,13,33.8,130.1575161,6.104
2012-01-13,1794962.64,13,25.61,130.244,6.104
2012-01-20,1811606.21,13,32.71,130.2792258,6.104
2012-01-27,1733983.09,13,34.32,130.3144516,6.104
2012-02-03,1927780.74,13,31.39,130.3496774,6.104
2012-02-10,2069284.57,13,33.73,130.3849032,6.104
2012-02-17,2214477.06,13,36.57,130.4546207,6.104
2012-02-24,1929768.03,13,35.38,130.5502069,6.104
2012-03-02,1969742.76,13,32.36,130.6457931,6.104
2012-03-09,1986445.65,13,38.24,130.7413793,6.104
2012-03-16,2025582.62,13,52.5,130.8261935,6.104
2012-03-23,1904421.74,13,47.83,130.8966452,6.104
2012-03-30,1948982.7,13,53.2,130.9670968,6.104
2012-04-06,2271614.76,13,48.85,131.0375484,5.965
2012-04-13,2057637.86,13,51.7,131.108,5.965
2012-04-20,1955689.12,13,50.24,131.1173333,5.965
2012-04-27,1970121.65,13,64.8,131.1266667,5.965
2012-05-04,1995994.51,13,54.41,131.136,5.965
2012-05-11,2080764.17,13,56.47,131.1453333,5.965
2012-05-18,2131900.55,13,65.17,131.0983226,5.965
2012-05-25,2043349.41,13,62.39,131.0287742,5.965
2012-06-01,2035431.39,13,61.11,130.9592258,5.965
2012-06-08,2182437.9,13,68.4,130.8896774,5.965
2012-06-15,2152229.11,13,65.97,130.8295333,5.965
2012-06-22,2094373.0,13,72.89,130.7929,5.965
2012-06-29,2037663.71,13,82.0,130.7562667,5.965
2012-07-06,2184980.35,13,79.23,130.7196333,5.765
2012-07-13,2002750.99,13,83.68,130.683,5.765
2012-07-20,2053089.32,13,75.69,130.7012903,5.765
2012-07-27,1914430.53,13,80.42,130.7195806,5.765
2012-08-03,2044148.23,13,81.99,130.737871,5.765
2012-08-10,2041019.92,13,81.69,130.7561613,5.765
2012-08-17,2095769.18,13,79.4,130.7909677,5.765
2012-08-24,2059458.25,13,77.37,130.8381613,5.765
2012-08-31,2073855.42,13,79.18,130.8853548,5.765
2012-09-07,2165796.31,13,70.65,130.9325484,5.765
2012-09-14,1919917.03,13,68.55,130.9776667,5.765
2012-09-21,1938379.66,13,67.96,131.0103333,5.765
2012-09-28,1927664.11,13,64.8,131.043,5.765
2012-10-05,2041918.74,13,61.79,131.0756667,5.621
2012-10-12,1999079.44,13,55.1,131.1083333,5.621
2012-10-19,2018010.15,13,52.06,131.1499677,5.621
2012-10-26,2035189.66,13,46.97,131.1930968,5.621
2010-02-05,2623469.95,14,27.31,181.8711898,8.992
2010-02-12,1704218.84,14,27.73,181.982317,8.992
2010-02-19,2204556.7,14,31.27,182.0347816,8.992
2010-02-26,2095591.63,14,34.89,182.0774691,8.992
2010-03-05,2237544.75,14,37.13,182.1201566,8.992
2010-03-12,2156035.06,14,45.8,182.1628441,8.992
2010-03-19,2066219.3,14,48.79,182.0779857,8.992
2010-03-26,2050396.27,14,54.36,181.9718697,8.992
2010-04-02,2495630.51,14,47.74,181.8657537,8.899
2010-04-09,2258781.28,14,65.45,181.7596377,8.899
2010-04-16,2121788.61,14,54.28,181.6924769,8.899
2010-04-23,2138144.91,14,53.47,181.6772564,8.899
2010-04-30,2082355.12,14,53.15,181.6620359,8.899
2010-05-07,2370116.52,14,70.75,181.6468154,8.899
2010-05-14,2129771.13,14,54.26,181.6612792,8.899
2010-05-21,2108187.1,14,62.62,181.8538486,8.899
2010-05-28,2227152.16,14,69.27,182.0464181,8.899
2010-06-04,2363601.47,14,75.93,182.2389876,8.899
2010-06-11,2249570.04,14,69.71,182.4315571,8.899
2010-06-18,2248645.59,14,72.62,182.4424199,8.899
2010-06-25,2246179.91,14,79.32,182.3806,8.899
2010-07-02,2334788.42,14,76.61,182.3187801,8.743
2010-07-09,2236209.13,14,82.45,182.2569603,8.743
2010-07-16,2130287.27,14,77.84,182.2604411,8.743
2010-07-23,2044155.39,14,81.46,182.3509895,8.743
2010-07-30,2054843.28,14,79.78,182.4415378,8.743
2010-08-06,2219813.5,14,77.17,182.5320862,8.743
2010-08-13,2052984.81,14,78.44,182.6226346,8.743
2010-08-20,2057138.31,14,76.01,182.6165205,8.743
2010-08-27,2020332.07,14,71.36,182.6104063,8.743
2010-09-03,2182563.66,14,78.37,182.6042922,8.743
2010-09-10,2191767.76,14,70.87,182.598178,8.743
2010-09-17,1953539.85,14,66.55,182.622509,8.743
2010-09-24,1879891.13,14,68.59,182.6696737,8.743
2010-10-01,1855703.66,14,70.58,182.7168385,8.724
2010-10-08,2091663.2,14,56.49,182.7640032,8.724
2010-10-15,1932162.63,14,58.61,182.8106203,8.724
2010-10-22,1936621.09,14,53.15,182.8558685,8.724
2010-10-29,1984768.34,14,61.3,182.9011166,8.724
2010-11-05,2078417.47,14,45.65,182.9463648,8.724
2010-11-12,2092189.06,14,46.14,182.9916129,8.724
2010-11-19,1968462.58,14,50.02,182.8989385,8.724
2010-11-26,2720371.4924999997,14,46.15,182.7832769,8.724
2010-12-03,2258489.63,14,40.93,182.6676154,8.724
2010-12-10,2600519.26,14,30.54,182.5519538,8.724
2010-12-17,2720371.4924999997,14,30.51,182.517732,8.724
2010-12-24,2720371.4924999997,14,30.59,182.54459,8.724
2010-12-31,1623716.46,14,29.67,182.5714479,8.724
2011-01-07,1864746.1,14,34.32,182.5983058,8.549
2011-01-14,1699095.9,14,24.78,182.6585782,8.549
2011-01-21,1743188.87,14,30.55,182.9193368,8.549
2011-01-28,1613718.38,14,24.05,183.1800955,8.549
2011-02-04,1995891.87,14,28.73,183.4408542,8.549
2011-02-11,1980405.03,14,30.3,183.7016129,8.549
2011-02-18,2019031.67,14,40.7,183.9371353,8.549
2011-02-25,1875708.88,14,35.78,184.1625632,8.549
2011-03-04,2041215.61,14,38.65,184.3879911,8.549
2011-03-11,1931104.67,14,45.01,184.613419,8.549
2011-03-18,1932491.42,14,46.66,184.809719,8.549
2011-03-25,1879451.23,14,41.76,184.9943679,8.549
2011-04-01,1869110.55,14,37.27,185.1790167,8.521
2011-04-08,2037798.88,14,48.71,185.3636656,8.521
2011-04-15,1974960.86,14,53.69,185.5339821,8.521
2011-04-22,2256461.39,14,53.04,185.6684673,8.521
2011-04-29,1930617.64,14,66.18,185.8029526,8.521
2011-05-06,2095599.93,14,58.21,185.9374378,8.521
2011-05-13,2004330.3,14,60.38,186.0719231,8.521
2011-05-20,1959967.8,14,62.28,185.9661154,8.521
2011-05-27,2080694.24,14,69.7,185.8603077,8.521
2011-06-03,2079899.47,14,76.38,185.7545,8.521
2011-06-10,2132446.0,14,73.88,185.6486923,8.521
2011-06-17,2082083.34,14,69.32,185.6719333,8.521
2011-06-24,2069523.52,14,74.85,185.7919609,8.521
2011-07-01,2074668.19,14,74.04,185.9119885,8.625
2011-07-08,2063401.06,14,77.49,186.032016,8.625
2011-07-15,1953544.76,14,78.47,186.1399808,8.625
2011-07-22,1882070.88,14,82.33,186.2177885,8.625
2011-07-29,1871021.01,14,81.31,186.2955962,8.625
2011-08-05,2066020.69,14,78.22,186.3734038,8.625
2011-08-12,1928773.82,14,77.0,186.4512115,8.625
2011-08-19,1896873.99,14,72.98,186.5093071,8.625
2011-08-26,2273470.62,14,72.55,186.5641172,8.625
2011-09-02,1750891.47,14,70.63,186.6189274,8.625
2011-09-09,2202742.9,14,71.48,186.6737376,8.625
2011-09-16,1864637.89,14,69.17,186.8024,8.625
2011-09-23,1871555.64,14,63.75,187.0295321,8.625
2011-09-30,1809989.29,14,70.66,187.2566641,8.625
2011-10-07,2078796.76,14,55.82,187.4837962,8.523
2011-10-14,1890870.75,14,63.82,187.6917481,8.523
2011-10-21,2009004.59,14,59.6,187.7846197,8.523
2011-10-28,2056846.12,14,51.78,187.8774913,8.523
2011-11-04,2174056.71,14,43.92,187.9703629,8.523
2011-11-11,2081534.65,14,47.65,188.0632345,8.523
2011-11-18,1969360.72,14,51.34,188.1983654,8.523
2011-11-25,2685351.81,14,48.71,188.3504,8.523
2011-12-02,2143080.57,14,50.19,188.5024346,8.523
2011-12-09,2470581.29,14,46.57,188.6544692,8.523
2011-12-16,2594363.09,14,39.93,188.7979349,8.523
2011-12-23,2720371.4924999997,14,42.27,188.9299752,8.523
2011-12-30,1914148.89,14,37.79,189.0620155,8.523
2012-01-06,1859144.96,14,35.88,189.1940558,8.424
2012-01-13,1696248.27,14,41.18,189.3260962,8.424
2012-01-20,1789113.32,14,31.85,189.4214733,8.424
2012-01-27,1595362.27,14,37.93,189.5168505,8.424
2012-02-03,1877410.36,14,42.96,189.6122277,8.424
2012-02-10,2077256.24,14,37.0,189.7076048,8.424
2012-02-17,2020550.99,14,36.85,189.8424834,8.424
2012-02-24,1875040.16,14,42.86,190.0069881,8.424
2012-03-02,1926004.99,14,41.55,190.1714927,8.424
2012-03-09,2020839.31,14,45.52,190.3359973,8.424
2012-03-16,1941040.5,14,50.56,190.4618964,8.424
2012-03-23,1893447.71,14,59.45,190.5363213,8.424
2012-03-30,1905033.01,14,50.04,190.6107463,8.424
2012-04-06,2376022.26,14,49.73,190.6851712,8.567
2012-04-13,1912909.69,14,51.83,190.7595962,8.567
2012-04-20,1875686.44,14,63.13,190.8138013,8.567
2012-04-27,1784029.95,14,53.2,190.8680064,8.567
2012-05-04,1949354.29,14,55.21,190.9222115,8.567
2012-05-11,1987531.05,14,61.24,190.9764167,8.567
2012-05-18,1932233.17,14,66.3,190.9964479,8.567
2012-05-25,2030869.61,14,67.21,191.0028096,8.567
2012-06-01,2049485.49,14,74.48,191.0091712,8.567
2012-06-08,2099615.88,14,64.3,191.0155329,8.567
2012-06-15,1905733.68,14,71.93,191.0299731,8.567
2012-06-22,1660228.88,14,74.22,191.0646096,8.567
2012-06-29,1591835.02,14,75.22,191.0992462,8.567
2012-07-06,1862128.95,14,82.99,191.1338827,8.684
2012-07-13,1544422.35,14,79.97,191.1685192,8.684
2012-07-20,1553250.16,14,78.89,191.1670428,8.684
2012-07-27,1479514.66,14,77.2,191.1655664,8.684
2012-08-03,1656886.46,14,76.58,191.16409,8.684
2012-08-10,1648570.03,14,78.65,191.1626135,8.684
2012-08-17,1660433.3,14,75.71,191.2284919,8.684
2012-08-24,1621841.33,14,72.62,191.3448865,8.684
2012-08-31,1613342.19,14,75.09,191.461281,8.684
2012-09-07,1904512.34,14,75.7,191.5776756,8.684
2012-09-14,1554794.22,14,67.87,191.69985,8.684
2012-09-21,1565352.46,14,65.32,191.8567038,8.684
2012-09-28,1522512.2,14,64.88,192.0135577,8.684
2012-10-05,1687592.16,14,64.89,192.1704115,8.667
2012-10-12,1639585.61,14,54.47,192.3272654,8.667
2012-10-19,1590274.72,14,56.47,192.3308542,8.667
2012-10-26,1704357.62,14,58.85,192.3088989,8.667
2010-02-05,652122.44,15,19.83,131.5279032,8.35
2010-02-12,682447.1,15,22.0,131.5866129,8.35
2010-02-19,660838.75,15,27.54,131.637,8.35
2010-02-26,564883.2,15,29.87,131.686,8.35
2010-03-05,605325.43,15,31.79,131.735,8.35
2010-03-12,604173.59,15,41.39,131.784,8.35
2010-03-19,593710.67,15,44.69,131.8242903,8.35
2010-03-26,592111.49,15,39.53,131.863129,8.35
2010-04-02,718470.71,15,45.27,131.9019677,8.185
2010-04-09,634605.77,15,57.77,131.9408065,8.185
2010-04-16,641208.65,15,49.63,131.9809,8.185
2010-04-23,643097.6,15,46.54,132.0226667,8.185
2010-04-30,570791.11,15,49.09,132.0644333,8.185
2010-05-07,661348.88,15,63.16,132.1062,8.185
2010-05-14,594385.2,15,47.13,132.152129,8.185
2010-05-21,616598.1,15,59.09,132.2230323,8.185
2010-05-28,744772.88,15,70.61,132.2939355,8.185
2010-06-04,693192.5,15,69.99,132.3648387,8.185
2010-06-11,619337.29,15,61.04,132.4357419,8.185
2010-06-18,652329.53,15,65.83,132.4733333,8.185
2010-06-25,672194.03,15,72.79,132.4976,8.185
2010-07-02,709337.11,15,66.13,132.5218667,8.099
2010-07-09,691497.62,15,77.33,132.5461333,8.099
2010-07-16,633203.69,15,72.83,132.5667742,8.099
2010-07-23,598553.43,15,73.2,132.5825806,8.099
2010-07-30,619224.06,15,72.04,132.5983871,8.099
2010-08-06,639651.24,15,72.7,132.6141935,8.099
2010-08-13,622437.08,15,72.17,132.63,8.099
2010-08-20,637090.44,15,71.1,132.6616129,8.099
2010-08-27,649791.15,15,65.07,132.6932258,8.099
2010-09-03,638647.21,15,73.17,132.7248387,8.099
2010-09-10,641965.2,15,62.36,132.7564516,8.099
2010-09-17,583210.87,15,57.94,132.7670667,8.099
2010-09-24,548542.47,15,62.53,132.7619333,8.099
2010-10-01,566945.95,15,59.69,132.7568,8.067
2010-10-08,591603.79,15,52.19,132.7516667,8.067
2010-10-15,577011.26,15,49.96,132.7633548,8.067
2010-10-22,600395.73,15,47.1,132.8170968,8.067
2010-10-29,598301.5,15,55.09,132.8708387,8.067
2010-11-05,612987.64,15,40.29,132.9245806,8.067
2010-11-12,619639.74,15,39.63,132.9783226,8.067
2010-11-19,608200.81,15,44.1,132.9172,8.067
2010-11-26,1120018.92,15,40.71,132.8369333,8.067
2010-12-03,754134.95,15,36.0,132.7566667,8.067
2010-12-10,847294.04,15,23.97,132.6764,8.067
2010-12-17,983825.15,15,25.3,132.6804516,8.067
2010-12-24,1368318.17,15,25.07,132.7477419,8.067
2010-12-31,543754.17,15,26.54,132.8150323,8.067
2011-01-07,509640.77,15,30.53,132.8823226,7.771
2011-01-14,479424.2,15,19.53,132.9510645,7.771
2011-01-21,487311.03,15,21.84,133.0285161,7.771
2011-01-28,481119.6,15,19.61,133.1059677,7.771
2011-02-04,556550.85,15,20.69,133.1834194,7.771
2011-02-11,582864.35,15,21.64,133.260871,7.771
2011-02-18,649993.5,15,33.06,133.3701429,7.771
2011-02-25,547564.09,15,20.87,133.4921429,7.771
2011-03-04,573374.49,15,28.16,133.6141429,7.771
2011-03-11,537035.28,15,34.27,133.7361429,7.771
2011-03-18,551553.99,15,40.23,133.8492258,7.771
2011-03-25,527389.28,15,32.63,133.9587419,7.771
2011-04-01,542556.05,15,30.34,134.0682581,7.658
2011-04-08,587370.81,15,40.94,134.1777742,7.658
2011-04-15,607691.36,15,48.63,134.2784667,7.658
2011-04-22,655318.26,15,41.37,134.3571,7.658
2011-04-29,560764.41,15,55.46,134.4357333,7.658
2011-05-06,630522.67,15,49.87,134.5143667,7.658
2011-05-13,630482.91,15,57.07,134.593,7.658
2011-05-20,593941.9,15,57.19,134.6803871,7.658
2011-05-27,636193.24,15,65.87,134.7677742,7.658
2011-06-03,695396.19,15,69.8,134.8551613,7.658
2011-06-10,642679.81,15,69.86,134.9425484,7.658
2011-06-17,639928.85,15,63.9,135.0837333,7.658
2011-06-24,656594.95,15,69.96,135.2652667,7.658
2011-07-01,674669.16,15,67.43,135.4468,7.806
2011-07-08,635118.48,15,73.47,135.6283333,7.806
2011-07-15,624114.56,15,73.34,135.7837419,7.806
2011-07-22,607475.44,15,79.97,135.8738387,7.806
2011-07-29,577511.02,15,74.67,135.9639355,7.806
2011-08-05,607961.21,15,73.63,136.0540323,7.806
2011-08-12,590836.37,15,70.63,136.144129,7.806
2011-08-19,599488.98,15,70.41,136.183129,7.806
2011-08-26,605413.17,15,69.19,136.2136129,7.806
2011-09-02,649159.68,15,67.63,136.2440968,7.806
2011-09-09,607593.51,15,67.59,136.2745806,7.806
2011-09-16,545052.34,15,62.1,136.3145,7.806
2011-09-23,545570.86,15,59.0,136.367,7.806
2011-09-30,521297.31,15,64.87,136.4195,7.806
2011-10-07,579068.88,15,51.24,136.472,7.866
2011-10-14,537300.94,15,61.3,136.5150968,7.866
2011-10-21,603318.89,15,51.67,136.5017742,7.866
2011-10-28,589842.69,15,45.54,136.4884516,7.866
2011-11-04,615121.78,15,43.39,136.475129,7.866
2011-11-11,618949.82,15,47.13,136.4618065,7.866
2011-11-18,597856.51,15,46.53,136.4666667,7.866
2011-11-25,1066478.1,15,41.1,136.4788,7.866
2011-12-02,699028.66,15,45.67,136.4909333,7.866
2011-12-09,764565.55,15,38.53,136.5030667,7.866
2011-12-16,870415.49,15,35.49,136.5335161,7.866
2011-12-23,1182691.87,15,34.93,136.5883871,7.866
2011-12-30,603460.79,15,31.44,136.6432581,7.866
2012-01-06,516087.65,15,30.24,136.698129,7.943
2012-01-13,454183.42,15,36.26,136.753,7.943
2012-01-20,492721.85,15,21.39,136.8564194,7.943
2012-01-27,466045.63,15,30.87,136.9598387,7.943
2012-02-03,523831.64,15,35.3,137.0632581,7.943
2012-02-10,628218.22,15,31.91,137.1666774,7.943
2012-02-17,598502.83,15,30.26,137.2583103,7.943
2012-02-24,561137.06,15,33.18,137.3411034,7.943
2012-03-02,541292.64,15,33.24,137.4238966,7.943
2012-03-09,545120.67,15,36.97,137.5066897,7.943
2012-03-16,570611.23,15,47.42,137.5843871,7.943
2012-03-23,565481.88,15,58.92,137.6552903,7.943
2012-03-30,557547.25,15,42.65,137.7261935,7.943
2012-04-06,659950.36,15,40.01,137.7970968,8.15
2012-04-13,558585.13,15,43.52,137.868,8.15
2012-04-20,534780.57,15,54.47,137.9230667,8.15
2012-04-27,527402.62,15,41.57,137.9781333,8.15
2012-05-04,577868.38,15,51.04,138.0332,8.15
2012-05-11,579539.95,15,54.23,138.0882667,8.15
2012-05-18,600050.98,15,58.84,138.1065806,8.15
2012-05-25,693780.42,15,67.97,138.1101935,8.15
2012-06-01,663971.26,15,67.61,138.1138065,8.15
2012-06-08,611390.67,15,59.35,138.1174194,8.15
2012-06-15,636737.65,15,67.7,138.1295333,8.15
2012-06-22,687085.6,15,74.28,138.1629,8.15
2012-06-29,624099.48,15,68.91,138.1962667,8.15
2012-07-06,678024.75,15,74.64,138.2296333,8.193
2012-07-13,591335.5,15,72.62,138.263,8.193
2012-07-20,592369.22,15,75.31,138.2331935,8.193
2012-07-27,571190.83,15,73.9,138.2033871,8.193
2012-08-03,590739.62,15,73.13,138.1735806,8.193
2012-08-10,590453.63,15,73.99,138.1437742,8.193
2012-08-17,579738.2,15,70.29,138.1857097,8.193
2012-08-24,606210.77,15,66.98,138.2814516,8.193
2012-08-31,610185.32,15,71.42,138.3771935,8.193
2012-09-07,587259.82,15,71.61,138.4729355,8.193
2012-09-14,527509.76,15,65.44,138.5673,8.193
2012-09-21,533161.64,15,60.34,138.6534,8.193
2012-09-28,553901.97,15,57.13,138.7395,8.193
2012-10-05,573498.64,15,59.57,138.8256,7.992
2012-10-12,551799.63,15,49.12,138.9117,7.992
2012-10-19,555652.77,15,52.89,138.8336129,7.992
2012-10-26,558473.6,15,55.75,138.7281613,7.992
2010-02-05,477409.3,16,19.79,189.3816974,7.039
2010-02-12,472044.28,16,20.87,189.4642725,7.039
2010-02-19,469868.7,16,21.13,189.5340998,7.039
2010-02-26,443242.17,16,18.12,189.6018023,7.039
2010-03-05,444181.85,16,27.92,189.6695049,7.039
2010-03-12,445393.74,16,28.64,189.7372075,7.039
2010-03-19,504307.35,16,33.45,189.734262,7.039
2010-03-26,483177.2,16,29.88,189.7195417,7.039
2010-04-02,490503.69,16,36.19,189.7048215,6.842
2010-04-09,424083.99,16,34.21,189.6901012,6.842
2010-04-16,436312.41,16,45.69,189.6628845,6.842
2010-04-23,370230.94,16,44.9,189.6190057,6.842
2010-04-30,383550.93,16,37.75,189.575127,6.842
2010-05-07,403217.22,16,37.43,189.5312483,6.842
2010-05-14,401770.9,16,41.26,189.4904116,6.842
2010-05-21,435300.51,16,47.34,189.467827,6.842
2010-05-28,479430.0,16,52.08,189.4452425,6.842
2010-06-04,516295.81,16,53.76,189.422658,6.842
2010-06-11,535587.31,16,62.63,189.4000734,6.842
2010-06-18,540149.85,16,52.4,189.4185259,6.842
2010-06-25,546554.96,16,62.37,189.4533931,6.842
2010-07-02,610641.42,16,64.44,189.4882603,6.868
2010-07-09,614253.33,16,61.79,189.5231276,6.868
2010-07-16,586583.69,16,67.68,189.6125456,6.868
2010-07-23,588344.18,16,70.67,189.774698,6.868
2010-07-30,562633.67,16,70.71,189.9368504,6.868
2010-08-06,586936.45,16,67.42,190.0990028,6.868
2010-08-13,543757.97,16,63.91,190.2611552,6.868
2010-08-20,521516.96,16,63.59,190.2948237,6.868
2010-08-27,581010.52,16,65.66,190.3284922,6.868
2010-09-03,542087.89,16,58.02,190.3621607,6.868
2010-09-10,537518.57,16,57.24,190.3958293,6.868
2010-09-17,522049.52,16,56.55,190.4688287,6.868
2010-09-24,511330.32,16,58.19,190.5713264,6.868
2010-10-01,463977.54,16,59.39,190.6738241,6.986
2010-10-08,442894.2,16,54.29,190.7763218,6.986
2010-10-15,452169.28,16,45.0,190.8623087,6.986
2010-10-22,541216.92,16,45.85,190.9070184,6.986
2010-10-29,495022.51,16,35.76,190.951728,6.986
2010-11-05,446905.02,16,39.94,190.9964377,6.986
2010-11-12,453632.76,16,34.04,191.0411474,6.986
2010-11-19,458634.68,16,27.26,191.0312172,6.986
2010-11-26,651837.77,16,23.46,191.0121805,6.986
2010-12-03,512260.59,16,23.68,190.9931437,6.986
2010-12-10,570103.64,16,32.02,190.9741069,6.986
2010-12-17,648652.01,16,26.01,191.0303376,6.986
2010-12-24,1004730.69,16,32.46,191.1430189,6.986
2010-12-31,575317.38,16,19.66,191.2557002,6.986
2011-01-07,573545.96,16,12.39,191.3683815,6.614
2011-01-14,470365.59,16,17.46,191.4784939,6.614
2011-01-21,462888.13,16,28.6,191.5731924,6.614
2011-01-28,448391.99,16,20.8,191.667891,6.614
2011-02-04,479263.15,16,13.64,191.7625895,6.614
2011-02-11,466806.89,16,15.02,191.8572881,6.614
2011-02-18,491179.79,16,27.18,191.9178331,6.614
2011-02-25,475201.64,16,26.15,191.9647167,6.614
2011-03-04,484829.07,16,31.77,192.0116004,6.614
2011-03-11,457504.35,16,29.36,192.058484,6.614
2011-03-18,497373.49,16,36.5,192.1237981,6.614
2011-03-25,465279.68,16,32.61,192.1964844,6.614
2011-04-01,459756.11,16,35.75,192.2691707,6.339
2011-04-08,439276.5,16,38.04,192.3418571,6.339
2011-04-15,427855.24,16,34.59,192.4225954,6.339
2011-04-22,368600.0,16,40.74,192.5234638,6.339
2011-04-29,378100.31,16,37.77,192.6243322,6.339
2011-05-06,423805.22,16,38.64,192.7252006,6.339
2011-05-13,410406.95,16,43.29,192.826069,6.339
2011-05-20,435397.19,16,43.95,192.831317,6.339
2011-05-27,444718.68,16,45.17,192.8365651,6.339
2011-06-03,531080.31,16,54.08,192.8418131,6.339
2011-06-10,600952.06,16,55.78,192.8470612,6.339
2011-06-17,581546.23,16,58.34,192.9034759,6.339
2011-06-24,569105.03,16,54.36,192.9982655,6.339
2011-07-01,608737.56,16,63.59,193.0930552,6.338
2011-07-08,634634.66,16,65.0,193.1878448,6.338
2011-07-15,586841.77,16,65.16,193.3125484,6.338
2011-07-22,581758.22,16,65.36,193.5120367,6.338
2011-07-29,582381.95,16,66.84,193.711525,6.338
2011-08-05,592981.33,16,63.96,193.9110133,6.338
2011-08-12,563884.47,16,67.09,194.1105017,6.338
2011-08-19,554630.42,16,68.83,194.2500634,6.338
2011-08-26,557312.01,16,67.51,194.3796374,6.338
2011-09-02,580805.33,16,63.44,194.5092113,6.338
2011-09-09,574622.56,16,56.99,194.6387853,6.338
2011-09-16,539081.09,16,53.68,194.7419707,6.338
2011-09-23,504856.97,16,50.39,194.8099713,6.338
2011-09-30,450075.31,16,57.61,194.8779718,6.338
2011-10-07,482926.93,16,48.91,194.9459724,6.232
2011-10-14,498241.06,16,39.97,195.0261012,6.232
2011-10-21,560104.16,16,46.99,195.1789994,6.232
2011-10-28,505918.21,16,41.97,195.3318977,6.232
2011-11-04,511059.95,16,33.43,195.4847959,6.232
2011-11-11,513181.31,16,29.56,195.6376941,6.232
2011-11-18,480353.64,16,31.73,195.7184713,6.232
2011-11-25,712422.4,16,31.39,195.7704,6.232
2011-12-02,530492.84,16,27.83,195.8223287,6.232
2011-12-09,574798.86,16,14.44,195.8742575,6.232
2011-12-16,679481.9,16,22.5,195.9841685,6.232
2011-12-23,950691.96,16,20.79,196.1713893,6.232
2011-12-30,665861.06,16,23.91,196.3586101,6.232
2012-01-06,564538.07,16,26.49,196.5458309,6.162
2012-01-13,508520.09,16,19.55,196.7330517,6.162
2012-01-20,474389.75,16,29.3,196.7796652,6.162
2012-01-27,453979.19,16,28.17,196.8262786,6.162
2012-02-03,475905.1,16,25.53,196.8728921,6.162
2012-02-10,473766.97,16,23.69,196.9195056,6.162
2012-02-17,494069.49,16,31.19,196.9432711,6.162
2012-02-24,495720.3,16,26.21,196.9499007,6.162
2012-03-02,464189.09,16,23.4,196.9565303,6.162
2012-03-09,495951.66,16,28.16,196.9631599,6.162
2012-03-16,520850.71,16,38.02,197.0457208,6.162
2012-03-23,493503.89,16,38.7,197.2295234,6.162
2012-03-30,485095.41,16,48.29,197.4133259,6.162
2012-04-06,502662.07,16,48.93,197.5971285,6.169
2012-04-13,450756.71,16,45.83,197.780931,6.169
2012-04-20,436221.26,16,43.61,197.7227385,6.169
2012-04-27,398445.15,16,59.69,197.664546,6.169
2012-05-04,426959.62,16,51.34,197.6063534,6.169
2012-05-11,479855.0,16,53.57,197.5481609,6.169
2012-05-18,493506.47,16,56.74,197.5553137,6.169
2012-05-25,518045.09,16,57.36,197.5886046,6.169
2012-06-01,532311.93,16,58.97,197.6218954,6.169
2012-06-08,603618.89,16,65.43,197.6551863,6.169
2012-06-15,570045.79,16,65.36,197.692292,6.169
2012-06-22,581745.72,16,70.41,197.7389345,6.169
2012-06-29,570162.28,16,77.31,197.785577,6.169
2012-07-06,641763.53,16,70.49,197.8322195,6.061
2012-07-13,569005.06,16,70.29,197.8788621,6.061
2012-07-20,565297.54,16,68.43,197.9290378,6.061
2012-07-27,539337.87,16,69.0,197.9792136,6.061
2012-08-03,584000.71,16,68.59,198.0293893,6.061
2012-08-10,554036.84,16,70.24,198.0795651,6.061
2012-08-17,521896.6,16,62.07,198.1001057,6.061
2012-08-24,551152.15,16,61.44,198.0984199,6.061
2012-08-31,551837.31,16,64.19,198.0967341,6.061
2012-09-07,537138.58,16,60.09,198.0950484,6.061
2012-09-14,526525.16,16,56.69,198.1267184,6.061
2012-09-21,509942.56,16,56.48,198.358523,6.061
2012-09-28,469607.73,16,51.4,198.5903276,6.061
2012-10-05,471281.68,16,50.46,198.8221322,5.847
2012-10-12,491817.19,16,43.26,199.0539368,5.847
2012-10-19,577198.97,16,40.59,199.1481963,5.847
2012-10-26,475770.14,16,40.99,199.2195317,5.847
2010-02-05,789036.02,17,23.11,126.4420645,6.548
2010-02-12,841951.91,17,18.36,126.4962581,6.548
2010-02-19,800714.0,17,25.06,126.5262857,6.548
2010-02-26,749549.55,17,15.64,126.5522857,6.548
2010-03-05,783300.05,17,31.58,126.5782857,6.548
2010-03-12,763961.82,17,29.71,126.6042857,6.548
2010-03-19,752034.52,17,33.96,126.6066452,6.548
2010-03-26,793097.64,17,35.59,126.6050645,6.548
2010-04-02,848521.17,17,36.94,126.6034839,6.635
2010-04-09,770228.02,17,34.05,126.6019032,6.635
2010-04-16,757738.76,17,45.22,126.5621,6.635
2010-04-23,977790.83,17,52.25,126.4713333,6.635
2010-04-30,807798.73,17,43.82,126.3805667,6.635
2010-05-07,843848.65,17,40.26,126.2898,6.635
2010-05-14,813756.09,17,47.28,126.2085484,6.635
2010-05-21,826626.5,17,53.94,126.1843871,6.635
2010-05-28,872817.62,17,48.19,126.1602258,6.635
2010-06-04,876902.87,17,53.79,126.1360645,6.635
2010-06-11,845252.21,17,57.14,126.1119032,6.635
2010-06-18,877996.27,17,54.94,126.114,6.635
2010-06-25,893995.44,17,62.64,126.1266,6.635
2010-07-02,958875.37,17,68.98,126.1392,6.697
2010-07-09,836915.92,17,62.41,126.1518,6.697
2010-07-16,876591.41,17,65.66,126.1498065,6.697
2010-07-23,893504.87,17,69.66,126.1283548,6.697
2010-07-30,833517.19,17,69.96,126.1069032,6.697
2010-08-06,795301.17,17,70.53,126.0854516,6.697
2010-08-13,759995.18,17,65.17,126.064,6.697
2010-08-20,783929.7,17,67.04,126.0766452,6.697
2010-08-27,802583.89,17,65.03,126.0892903,6.697
2010-09-03,834373.73,17,57.86,126.1019355,6.697
2010-09-10,1200888.28,17,56.28,126.1145806,6.697
2010-09-17,871264.25,17,58.53,126.1454667,6.697
2010-09-24,852876.29,17,58.39,126.1900333,6.697
2010-10-01,829207.27,17,60.07,126.2346,6.885
2010-10-08,827738.06,17,58.06,126.2791667,6.885
2010-10-15,838297.32,17,47.35,126.3266774,6.885
2010-10-22,815093.76,17,47.95,126.3815484,6.885
2010-10-29,861941.25,17,39.87,126.4364194,6.885
2010-11-05,818434.49,17,42.54,126.4912903,6.885
2010-11-12,855459.96,17,36.32,126.5461613,6.885
2010-11-19,782252.57,17,36.31,126.6072,6.885
2010-11-26,1005448.76,17,19.03,126.6692667,6.885
2010-12-03,926573.81,17,22.47,126.7313333,6.885
2010-12-10,962475.55,17,31.64,126.7934,6.885
2010-12-17,1049372.38,17,25.13,126.8794839,6.885
2010-12-24,1309226.79,17,26.58,126.9835806,6.885
2010-12-31,635862.55,17,20.79,127.0876774,6.885
2011-01-07,1083071.14,17,6.240000000000002,127.1917742,6.866
2011-01-14,758510.36,17,16.57,127.3009355,6.866
2011-01-21,755804.37,17,26.62,127.4404839,6.866
2011-01-28,736335.69,17,22.16,127.5800323,6.866
2011-02-04,816603.05,17,11.29,127.7195806,6.866
2011-02-11,813211.46,17,14.19,127.859129,6.866
2011-02-18,860962.91,17,26.86,127.99525,6.866
2011-02-25,767256.53,17,24.36,128.13,6.866
2011-03-04,816138.33,17,24.21,128.26475,6.866
2011-03-11,779602.36,17,32.42,128.3995,6.866
2011-03-18,778436.81,17,34.48,128.5121935,6.866
2011-03-25,781267.76,17,36.71,128.6160645,6.866
2011-04-01,795859.23,17,39.38,128.7199355,6.774
2011-04-08,811855.72,17,39.16,128.8238065,6.774
2011-04-15,825283.43,17,39.98,128.9107333,6.774
2011-04-22,1060770.11,17,42.24,128.9553,6.774
2011-04-29,806979.15,17,40.14,128.9998667,6.774
2011-05-06,882132.28,17,45.66,129.0444333,6.774
2011-05-13,870625.49,17,49.26,129.089,6.774
2011-05-20,844443.35,17,51.93,129.0756774,6.774
2011-05-27,892056.64,17,51.04,129.0623548,6.774
2011-06-03,895020.48,17,49.61,129.0490323,6.774
2011-06-10,881190.46,17,54.57,129.0357097,6.774
2011-06-17,894686.67,17,56.61,129.0432,6.774
2011-06-24,920719.98,17,60.99,129.0663,6.774
2011-07-01,940554.34,17,67.39,129.0894,6.745
2011-07-08,915064.22,17,70.6,129.1125,6.745
2011-07-15,902727.76,17,67.93,129.1338387,6.745
2011-07-22,899044.34,17,69.82,129.1507742,6.745
2011-07-29,861894.77,17,68.59,129.1677097,6.745
2011-08-05,866184.92,17,65.71,129.1846452,6.745
2011-08-12,800819.79,17,64.79,129.2015806,6.745
2011-08-19,797523.04,17,67.59,129.2405806,6.745
2011-08-26,837390.79,17,72.04,129.2832581,6.745
2011-09-02,847380.07,17,69.31,129.3259355,6.745
2011-09-09,1161900.18,17,61.94,129.3686129,6.745
2011-09-16,1051116.95,17,61.48,129.4306,6.745
2011-09-23,895535.31,17,56.96,129.5183333,6.745
2011-09-30,868191.05,17,61.4,129.6060667,6.745
2011-10-07,918006.9,17,54.4,129.6938,6.617
2011-10-14,884042.63,17,47.69,129.7706452,6.617
2011-10-21,877380.22,17,47.27,129.7821613,6.617
2011-10-28,936508.43,17,41.89,129.7936774,6.617
2011-11-04,927657.63,17,37.52,129.8051935,6.617
2011-11-11,914759.2,17,27.61,129.8167097,6.617
2011-11-18,877724.31,17,32.93,129.8268333,6.617
2011-11-25,1225700.28,17,32.81,129.8364,6.617
2011-12-02,945267.68,17,26.47,129.8459667,6.617
2011-12-09,976522.93,17,17.56,129.8555333,6.617
2011-12-16,1067754.06,17,21.07,129.8980645,6.617
2011-12-23,1289156.9,17,18.76,129.9845484,6.617
2011-12-30,777207.3,17,26.73,130.0710323,6.617
2012-01-06,1198104.22,17,27.64,130.1575161,6.403
2012-01-13,873576.96,17,20.28,130.244,6.403
2012-01-20,809272.65,17,27.26,130.2792258,6.403
2012-01-27,769522.33,17,29.99,130.3144516,6.403
2012-02-03,864852.85,17,26.26,130.3496774,6.403
2012-02-10,880165.7,17,23.63,130.3849032,6.403
2012-02-17,927084.65,17,30.76,130.4546207,6.403
2012-02-24,843864.43,17,30.01,130.5502069,6.403
2012-03-02,856178.47,17,26.28,130.6457931,6.403
2012-03-09,860224.98,17,32.02,130.7413793,6.403
2012-03-16,853136.46,17,43.69,130.8261935,6.403
2012-03-23,851762.28,17,40.69,130.8966452,6.403
2012-03-30,872469.03,17,45.29,130.9670968,6.403
2012-04-06,986922.62,17,43.92,131.0375484,6.235
2012-04-13,877055.32,17,46.94,131.108,6.235
2012-04-20,1119979.98,17,47.69,131.1173333,6.235
2012-04-27,925916.65,17,59.11,131.1266667,6.235
2012-05-04,930121.14,17,48.86,131.136,6.235
2012-05-11,944100.3,17,49.96,131.1453333,6.235
2012-05-18,968816.33,17,59.67,131.0983226,6.235
2012-05-25,984881.59,17,55.69,131.0287742,6.235
2012-06-01,938914.28,17,54.13,130.9592258,6.235
2012-06-08,987990.24,17,60.51,130.8896774,6.235
2012-06-15,964169.67,17,56.67,130.8295333,6.235
2012-06-22,981210.57,17,62.9,130.7929,6.235
2012-06-29,982322.24,17,71.14,130.7562667,6.235
2012-07-06,1046782.52,17,68.91,130.7196333,5.936
2012-07-13,960746.04,17,72.94,130.683,5.936
2012-07-20,944698.7,17,70.59,130.7012903,5.936
2012-07-27,907493.24,17,74.2,130.7195806,5.936
2012-08-03,877813.33,17,72.94,130.737871,5.936
2012-08-10,849074.04,17,73.29,130.7561613,5.936
2012-08-17,844928.17,17,70.98,130.7909677,5.936
2012-08-24,924299.78,17,68.89,130.8381613,5.936
2012-08-31,865924.2,17,68.07,130.8853548,5.936
2012-09-07,1255633.29,17,61.99,130.9325484,5.936
2012-09-14,1071040.22,17,59.64,130.9776667,5.936
2012-09-21,938303.28,17,58.43,131.0103333,5.936
2012-09-28,972716.24,17,57.77,131.043,5.936
2012-10-05,952609.17,17,52.81,131.0756667,5.527
2012-10-12,919878.34,17,44.82,131.1083333,5.527
2012-10-19,957356.84,17,48.16,131.1499677,5.527
2012-10-26,943465.29,17,39.94,131.1930968,5.527
2010-02-05,1205307.5,18,21.33,131.5279032,9.202
2010-02-12,1187880.7,18,26.41,131.5866129,9.202
2010-02-19,1150663.42,18,30.91,131.637,9.202
2010-02-26,1068157.45,18,35.42,131.686,9.202
2010-03-05,1179738.5,18,37.17,131.735,9.202
2010-03-12,1138800.32,18,42.39,131.784,9.202
2010-03-19,1087507.47,18,45.42,131.8242903,9.202
2010-03-26,1092704.09,18,47.55,131.863129,9.202
2010-04-02,1254107.84,18,45.63,131.9019677,9.269
2010-04-09,1174447.55,18,59.91,131.9408065,9.269
2010-04-16,1135577.62,18,50.26,131.9809,9.269
2010-04-23,1132433.55,18,50.3,132.0226667,9.269
2010-04-30,1060446.16,18,51.12,132.0644333,9.269
2010-05-07,1222255.47,18,65.64,132.1062,9.269
2010-05-14,1092616.49,18,49.9,132.152129,9.269
2010-05-21,1101621.36,18,60.27,132.2230323,9.269
2010-05-28,1256282.79,18,69.12,132.2939355,9.269
2010-06-04,1271311.76,18,70.28,132.3648387,9.269
2010-06-11,1173521.82,18,64.08,132.4357419,9.269
2010-06-18,1183225.92,18,65.96,132.4733333,9.269
2010-06-25,1220983.17,18,74.04,132.4976,9.269
2010-07-02,1257928.35,18,71.22,132.5218667,9.342
2010-07-09,1171391.41,18,79.75,132.5461333,9.342
2010-07-16,1115514.61,18,76.9,132.5667742,9.342
2010-07-23,1032908.23,18,75.71,132.5825806,9.342
2010-07-30,1078557.62,18,75.79,132.5983871,9.342
2010-08-06,1166117.85,18,73.67,132.6141935,9.342
2010-08-13,1084722.78,18,74.19,132.63,9.342
2010-08-20,1141860.67,18,71.76,132.6616129,9.342
2010-08-27,1214302.76,18,67.05,132.6932258,9.342
2010-09-03,1187359.77,18,75.42,132.7248387,9.342
2010-09-10,1011201.12,18,67.09,132.7564516,9.342
2010-09-17,997998.21,18,60.94,132.7670667,9.342
2010-09-24,950862.92,18,64.82,132.7619333,9.342
2010-10-01,948977.5,18,67.76,132.7568,9.331
2010-10-08,1107432.71,18,54.73,132.7516667,9.331
2010-10-15,1029618.1,18,52.02,132.7633548,9.331
2010-10-22,1052120.43,18,47.12,132.8170968,9.331
2010-10-29,1038576.54,18,55.85,132.8708387,9.331
2010-11-05,1089530.94,18,42.05,132.9245806,9.331
2010-11-12,1081322.12,18,43.17,132.9783226,9.331
2010-11-19,1045722.37,18,45.26,132.9172,9.331
2010-11-26,1653759.36,18,40.81,132.8369333,9.331
2010-12-03,1211026.13,18,37.09,132.7566667,9.331
2010-12-10,1416168.98,18,25.64,132.6764,9.331
2010-12-17,1588430.71,18,27.4,132.6804516,9.331
2010-12-24,2027507.15,18,28.16,132.7477419,9.331
2010-12-31,887907.01,18,26.1,132.8150323,9.331
2011-01-07,933960.3,18,30.1,132.8823226,9.131
2011-01-14,777175.28,18,22.69,132.9510645,9.131
2011-01-21,891148.55,18,22.55,133.0285161,9.131
2011-01-28,849540.85,18,14.84,133.1059677,9.131
2011-02-04,1055841.24,18,20.79,133.1834194,9.131
2011-02-11,1122053.58,18,24.3,133.260871,9.131
2011-02-18,1095058.57,18,31.59,133.3701429,9.131
2011-02-25,1005983.31,18,26.15,133.4921429,9.131
2011-03-04,1063310.62,18,28.49,133.6141429,9.131
2011-03-11,1002714.25,18,38.4,133.7361429,9.131
2011-03-18,945889.59,18,41.12,133.8492258,9.131
2011-03-25,944523.3,18,36.65,133.9587419,9.131
2011-04-01,938083.17,18,35.06,134.0682581,8.975
2011-04-08,1018541.3,18,43.32,134.1777742,8.975
2011-04-15,988157.72,18,49.91,134.2784667,8.975
2011-04-22,1105860.06,18,45.99,134.3571,8.975
2011-04-29,974114.39,18,58.82,134.4357333,8.975
2011-05-06,1065427.37,18,54.17,134.5143667,8.975
2011-05-13,993172.98,18,58.48,134.593,8.975
2011-05-20,994610.43,18,57.55,134.6803871,8.975
2011-05-27,1065214.14,18,64.6,134.7677742,8.975
2011-06-03,1178039.0,18,70.9,134.8551613,8.975
2011-06-10,1044079.2,18,69.49,134.9425484,8.975
2011-06-17,1045859.39,18,63.23,135.0837333,8.975
2011-06-24,1056478.65,18,67.41,135.2652667,8.975
2011-07-01,1087051.26,18,69.75,135.4468,8.89
2011-07-08,1048802.62,18,73.12,135.6283333,8.89
2011-07-15,974916.13,18,74.36,135.7837419,8.89
2011-07-22,991262.46,18,78.68,135.8738387,8.89
2011-07-29,954148.64,18,73.85,135.9639355,8.89
2011-08-05,1002806.39,18,74.58,136.0540323,8.89
2011-08-12,928470.83,18,73.57,136.144129,8.89
2011-08-19,932679.79,18,69.24,136.183129,8.89
2011-08-26,1147906.46,18,70.32,136.2136129,8.89
2011-09-02,540922.94,18,68.23,136.2440968,8.89
2011-09-09,951549.61,18,68.11,136.2745806,8.89
2011-09-16,845715.37,18,66.23,136.3145,8.89
2011-09-23,853073.17,18,60.44,136.367,8.89
2011-09-30,847348.08,18,69.01,136.4195,8.89
2011-10-07,1019741.1,18,54.65,136.472,8.471
2011-10-14,953533.95,18,60.26,136.5150968,8.471
2011-10-21,1048212.62,18,55.83,136.5017742,8.471
2011-10-28,1106642.63,18,45.61,136.4884516,8.471
2011-11-04,1100625.06,18,38.29,136.475129,8.471
2011-11-11,1079931.63,18,45.69,136.4618065,8.471
2011-11-18,1056992.18,18,47.88,136.4666667,8.471
2011-11-25,1624170.99,18,41.97,136.4788,8.471
2011-12-02,1188047.61,18,46.25,136.4909333,8.471
2011-12-09,1368471.23,18,42.36,136.5030667,8.471
2011-12-16,1516924.23,18,35.52,136.5335161,8.471
2011-12-23,1882393.4,18,35.78,136.5883871,8.471
2011-12-30,1010562.49,18,32.36,136.6432581,8.471
2012-01-06,977286.07,18,31.27,136.698129,8.075
2012-01-13,890130.25,18,35.25,136.753,8.075
2012-01-20,937522.77,18,24.2,136.8564194,8.075
2012-01-27,825584.22,18,30.44,136.9598387,8.075
2012-02-03,1049772.04,18,37.62,137.0632581,8.075
2012-02-10,1161615.51,18,32.83,137.1666774,8.075
2012-02-17,1115985.81,18,32.87,137.2583103,8.075
2012-02-24,1037861.11,18,36.34,137.3411034,8.075
2012-03-02,1047178.91,18,33.59,137.4238966,8.075
2012-03-09,1084894.47,18,38.1,137.5066897,8.075
2012-03-16,1022018.43,18,45.84,137.5843871,8.075
2012-03-23,1031139.3,18,58.06,137.6552903,8.075
2012-03-30,1009121.2,18,45.35,137.7261935,8.075
2012-04-06,1200815.3,18,43.8,137.7970968,8.304
2012-04-13,998443.5,18,47.75,137.868,8.304
2012-04-20,1025813.8,18,60.88,137.9230667,8.304
2012-04-27,961186.23,18,50.43,137.9781333,8.304
2012-05-04,1050027.89,18,49.66,138.0332,8.304
2012-05-11,1060433.1,18,57.44,138.0882667,8.304
2012-05-18,1047444.59,18,62.31,138.1065806,8.304
2012-05-25,1088446.58,18,65.48,138.1101935,8.304
2012-06-01,1118313.7,18,71.42,138.1138065,8.304
2012-06-08,1110479.94,18,59.1,138.1174194,8.304
2012-06-15,1057425.83,18,66.58,138.1295333,8.304
2012-06-22,1080357.89,18,70.92,138.1629,8.304
2012-06-29,1097006.3,18,70.17,138.1962667,8.304
2012-07-06,1158247.31,18,76.08,138.2296333,8.535
2012-07-13,1024784.92,18,75.09,138.263,8.535
2012-07-20,1033543.56,18,77.43,138.2331935,8.535
2012-07-27,924506.26,18,72.97,138.2033871,8.535
2012-08-03,1052066.58,18,72.67,138.1735806,8.535
2012-08-10,967304.07,18,75.7,138.1437742,8.535
2012-08-17,1048134.24,18,73.25,138.1857097,8.535
2012-08-24,1145840.91,18,68.52,138.2814516,8.535
2012-08-31,1117097.23,18,70.09,138.3771935,8.535
2012-09-07,1083521.24,18,71.85,138.4729355,8.535
2012-09-14,960476.1,18,64.45,138.5673,8.535
2012-09-21,971386.65,18,60.23,138.6534,8.535
2012-09-28,1002856.2,18,58.24,138.7395,8.535
2012-10-05,1092204.79,18,59.68,138.8256,8.243
2012-10-12,1074079.0,18,50.97,138.9117,8.243
2012-10-19,1048706.75,18,51.96,138.8336129,8.243
2012-10-26,1127516.25,18,56.09,138.7281613,8.243
2010-02-05,1507637.17,19,20.96,131.5279032,8.35
2010-02-12,1536549.95,19,23.22,131.5866129,8.35
2010-02-19,1515976.11,19,28.57,131.637,8.35
2010-02-26,1373270.06,19,30.33,131.686,8.35
2010-03-05,1495844.57,19,32.92,131.735,8.35
2010-03-12,1467889.2,19,39.06,131.784,8.35
2010-03-19,1332940.35,19,43.74,131.8242903,8.35
2010-03-26,1427023.45,19,39.07,131.863129,8.35
2010-04-02,1642970.27,19,45.26,131.9019677,8.185
2010-04-09,1489613.32,19,55.66,131.9408065,8.185
2010-04-16,1460354.67,19,49.67,131.9809,8.185
2010-04-23,1456793.33,19,46.87,132.0226667,8.185
2010-04-30,1405065.57,19,49.89,132.0644333,8.185
2010-05-07,1566219.77,19,62.54,132.1062,8.185
2010-05-14,1437319.45,19,46.53,132.152129,8.185
2010-05-21,1377716.17,19,57.53,132.2230323,8.185
2010-05-28,1648882.62,19,68.85,132.2939355,8.185
2010-06-04,1519013.49,19,68.88,132.3648387,8.185
2010-06-11,1410683.94,19,61.64,132.4357419,8.185
2010-06-18,1457314.39,19,66.25,132.4733333,8.185
2010-06-25,1450407.32,19,72.3,132.4976,8.185
2010-07-02,1549018.68,19,66.25,132.5218667,8.099
2010-07-09,1577541.24,19,78.22,132.5461333,8.099
2010-07-16,1412157.02,19,74.6,132.5667742,8.099
2010-07-23,1372043.71,19,74.68,132.5825806,8.099
2010-07-30,1366395.96,19,72.83,132.5983871,8.099
2010-08-06,1492060.89,19,74.2,132.6141935,8.099
2010-08-13,1418027.08,19,72.71,132.63,8.099
2010-08-20,1419383.19,19,72.22,132.6616129,8.099
2010-08-27,1557888.16,19,66.4,132.6932258,8.099
2010-09-03,1623519.64,19,74.69,132.7248387,8.099
2010-09-10,1591453.39,19,63.36,132.7564516,8.099
2010-09-17,1386789.31,19,58.68,132.7670667,8.099
2010-09-24,1318343.58,19,63.43,132.7619333,8.099
2010-10-01,1379456.3,19,59.91,132.7568,8.067
2010-10-08,1428960.72,19,53.74,132.7516667,8.067
2010-10-15,1369317.63,19,51.32,132.7633548,8.067
2010-10-22,1357154.71,19,48.45,132.8170968,8.067
2010-10-29,1404576.48,19,56.11,132.8708387,8.067
2010-11-05,1435379.25,19,41.78,132.9245806,8.067
2010-11-12,1490235.86,19,40.3,132.9783226,8.067
2010-11-19,1377593.1,19,44.22,132.9172,8.067
2010-11-26,1993367.83,19,42.62,132.8369333,8.067
2010-12-03,1615987.96,19,36.64,132.7566667,8.067
2010-12-10,1799070.98,19,25.12,132.6764,8.067
2010-12-17,1911967.44,19,26.83,132.6804516,8.067
2010-12-24,2678206.42,19,26.05,132.7477419,8.067
2010-12-31,1275146.94,19,28.65,132.8150323,8.067
2011-01-07,1224175.99,19,31.34,132.8823226,7.771
2011-01-14,1181204.53,19,21.68,132.9510645,7.771
2011-01-21,1212967.84,19,22.8,133.0285161,7.771
2011-01-28,1284185.49,19,20.66,133.1059677,7.771
2011-02-04,1370562.11,19,21.02,133.1834194,7.771
2011-02-11,1430851.11,19,21.79,133.260871,7.771
2011-02-18,1457270.16,19,34.74,133.3701429,7.771
2011-02-25,1296658.47,19,23.24,133.4921429,7.771
2011-03-04,1433569.44,19,29.28,133.6141429,7.771
2011-03-11,1351450.43,19,35.59,133.7361429,7.771
2011-03-18,1257972.37,19,40.32,133.8492258,7.771
2011-03-25,1266564.94,19,33.26,133.9587419,7.771
2011-04-01,1305950.22,19,30.68,134.0682581,7.658
2011-04-08,1419911.91,19,41.26,134.1777742,7.658
2011-04-15,1392093.04,19,48.67,134.2784667,7.658
2011-04-22,1514288.82,19,41.66,134.3571,7.658
2011-04-29,1297237.7,19,54.23,134.4357333,7.658
2011-05-06,1451953.95,19,50.43,134.5143667,7.658
2011-05-13,1429143.06,19,54.2,134.593,7.658
2011-05-20,1355234.3,19,52.8,134.6803871,7.658
2011-05-27,1388553.11,19,63.2,134.7677742,7.658
2011-06-03,1457345.75,19,66.01,134.8551613,7.658
2011-06-10,1467473.63,19,68.26,134.9425484,7.658
2011-06-17,1418973.62,19,64.02,135.0837333,7.658
2011-06-24,1440785.7,19,68.4,135.2652667,7.658
2011-07-01,1462731.93,19,67.64,135.4468,7.806
2011-07-08,1465489.75,19,73.2,135.6283333,7.806
2011-07-15,1391580.41,19,73.7,135.7837419,7.806
2011-07-22,1377119.45,19,79.37,135.8738387,7.806
2011-07-29,1298775.8,19,74.86,135.9639355,7.806
2011-08-05,1408968.55,19,73.84,136.0540323,7.806
2011-08-12,1360969.45,19,70.92,136.144129,7.806
2011-08-19,1391792.69,19,71.14,136.183129,7.806
2011-08-26,1547729.24,19,69.34,136.2136129,7.806
2011-09-02,1609951.02,19,69.27,136.2440968,7.806
2011-09-09,1566712.79,19,68.28,136.2745806,7.806
2011-09-16,1365633.53,19,62.76,136.3145,7.806
2011-09-23,1300375.76,19,61.32,136.367,7.806
2011-09-30,1330757.22,19,64.99,136.4195,7.806
2011-10-07,1461718.87,19,53.1,136.472,7.866
2011-10-14,1318905.53,19,61.86,136.5150968,7.866
2011-10-21,1374863.1,19,52.05,136.5017742,7.866
2011-10-28,1396612.36,19,46.49,136.4884516,7.866
2011-11-04,1480289.64,19,44.97,136.475129,7.866
2011-11-11,1502078.93,19,48.22,136.4618065,7.866
2011-11-18,1411835.57,19,48.21,136.4666667,7.866
2011-11-25,1974646.78,19,42.75,136.4788,7.866
2011-12-02,1484708.38,19,45.67,136.4909333,7.866
2011-12-09,1713769.06,19,40.18,136.5030667,7.866
2011-12-16,1852179.15,19,37.07,136.5335161,7.866
2011-12-23,2480159.47,19,36.09,136.5883871,7.866
2011-12-30,1405168.06,19,31.65,136.6432581,7.866
2012-01-06,1266570.4,19,31.84,136.698129,7.943
2012-01-13,1182198.7,19,37.08,136.753,7.943
2012-01-20,1237104.73,19,23.44,136.8564194,7.943
2012-01-27,1279623.26,19,32.41,136.9598387,7.943
2012-02-03,1345311.65,19,36.22,137.0632581,7.943
2012-02-10,1499496.67,19,32.61,137.1666774,7.943
2012-02-17,1424720.27,19,30.95,137.2583103,7.943
2012-02-24,1352470.09,19,33.91,137.3411034,7.943
2012-03-02,1308977.05,19,34.83,137.4238966,7.943
2012-03-09,1358816.46,19,38.15,137.5066897,7.943
2012-03-16,1312849.1,19,48.2,137.5843871,7.943
2012-03-23,1342254.55,19,56.72,137.6552903,7.943
2012-03-30,1327139.35,19,43.47,137.7261935,7.943
2012-04-06,1631737.68,19,40.23,137.7970968,8.15
2012-04-13,1365098.46,19,44.42,137.868,8.15
2012-04-20,1255087.26,19,55.2,137.9230667,8.15
2012-04-27,1285897.24,19,42.45,137.9781333,8.15
2012-05-04,1405007.44,19,50.76,138.0332,8.15
2012-05-11,1442873.22,19,55.33,138.0882667,8.15
2012-05-18,1366937.1,19,58.81,138.1065806,8.15
2012-05-25,1485540.28,19,67.79,138.1101935,8.15
2012-06-01,1450733.29,19,68.18,138.1138065,8.15
2012-06-08,1390122.11,19,60.19,138.1174194,8.15
2012-06-15,1440263.15,19,68.19,138.1295333,8.15
2012-06-22,1468350.36,19,75.83,138.1629,8.15
2012-06-29,1379652.65,19,69.92,138.1962667,8.15
2012-07-06,1557120.44,19,76.07,138.2296333,8.193
2012-07-13,1321741.35,19,73.17,138.263,8.193
2012-07-20,1317672.92,19,76.17,138.2331935,8.193
2012-07-27,1248915.43,19,74.43,138.2033871,8.193
2012-08-03,1342123.78,19,73.41,138.1735806,8.193
2012-08-10,1408907.89,19,74.45,138.1437742,8.193
2012-08-17,1375101.26,19,69.83,138.1857097,8.193
2012-08-24,1544653.37,19,66.66,138.2814516,8.193
2012-08-31,1542719.87,19,71.85,138.3771935,8.193
2012-09-07,1497073.82,19,72.2,138.4729355,8.193
2012-09-14,1370653.41,19,65.08,138.5673,8.193
2012-09-21,1338572.29,19,60.62,138.6534,8.193
2012-09-28,1338299.02,19,56.81,138.7395,8.193
2012-10-05,1408016.1,19,59.86,138.8256,7.992
2012-10-12,1352809.5,19,48.29,138.9117,7.992
2012-10-19,1321102.35,19,53.44,138.8336129,7.992
2012-10-26,1322117.96,19,56.49,138.7281613,7.992
2010-02-05,2401395.47,20,25.92,204.2471935,8.187
2010-02-12,2109107.9,20,22.12,204.3857472,8.187
2010-02-19,2161549.76,20,25.43,204.4321004,8.187
2010-02-26,1898193.95,20,32.32,204.4630869,8.187
2010-03-05,2119213.72,20,31.75,204.4940734,8.187
2010-03-12,2010974.84,20,43.82,204.5250598,8.187
2010-03-19,1951848.43,20,47.32,204.3782258,8.187
2010-03-26,1894742.95,20,50.49,204.201755,8.187
2010-04-02,2405395.22,20,51.0,204.0252842,7.856
2010-04-09,2007796.26,20,65.1,203.8488134,7.856
2010-04-16,1985784.59,20,55.43,203.7307486,7.856
2010-04-23,1878862.42,20,50.65,203.6905586,7.856
2010-04-30,1919053.21,20,54.75,203.6503685,7.856
2010-05-07,2137202.38,20,66.74,203.6101784,7.856
2010-05-14,2033211.62,20,55.91,203.6133915,7.856
2010-05-21,1893736.9,20,60.38,203.8770235,7.856
2010-05-28,2065984.95,20,70.97,204.1406556,7.856
2010-06-04,2203619.35,20,72.52,204.4042877,7.856
2010-06-11,2100489.79,20,67.32,204.6679198,7.856
2010-06-18,2091903.63,20,72.62,204.670036,7.856
2010-06-25,1973135.87,20,75.17,204.5675459,7.856
2010-07-02,2143676.77,20,70.1,204.4650559,7.527
2010-07-09,2107285.85,20,78.09,204.3625658,7.527
2010-07-16,2031852.16,20,75.14,204.3571656,7.527
2010-07-23,1900535.9,20,77.75,204.4812188,7.527
2010-07-30,1955896.59,20,76.03,204.605272,7.527
2010-08-06,1910177.38,20,74.57,204.7293252,7.527
2010-08-13,2071022.45,20,75.98,204.8533784,7.527
2010-08-20,1975374.56,20,75.34,204.8217044,7.527
2010-08-27,1946369.57,20,70.51,204.7900305,7.527
2010-09-03,2121561.41,20,75.5,204.7583566,7.527
2010-09-10,2014954.79,20,65.02,204.7266827,7.527
2010-09-17,1948359.78,20,65.28,204.7513279,7.527
2010-09-24,1789687.65,20,69.37,204.8182126,7.527
2010-10-01,1933719.21,20,61.08,204.8850973,7.484
2010-10-08,2060389.27,20,51.5,204.951982,7.484
2010-10-15,1950676.39,20,59.17,205.0137637,7.484
2010-10-22,1893955.27,20,50.52,205.0627881,7.484
2010-10-29,1891816.0,20,57.56,205.1118126,7.484
2010-11-05,2184316.64,20,42.78,205.160837,7.484
2010-11-12,2187765.28,20,42.38,205.2098614,7.484
2010-11-19,2105058.91,20,45.88,205.0992811,7.484
2010-11-26,2720371.4924999997,20,46.66,204.9621,7.484
2010-12-03,2416051.17,20,35.47,204.8249189,7.484
2010-12-10,2720371.4924999997,20,24.27,204.6877378,7.484
2010-12-17,2720371.4924999997,20,24.07,204.6321194,7.484
2010-12-24,2720371.4924999997,20,25.17,204.6376731,7.484
2010-12-31,1799737.79,20,28.85,204.6432267,7.484
2011-01-07,1843030.95,20,31.43,204.6487803,7.343
2011-01-14,1884345.01,20,20.39,204.7026042,7.343
2011-01-21,1781805.66,20,27.43,205.0460497,7.343
2011-01-28,1761506.68,20,23.21,205.3894952,7.343
2011-02-04,2351143.07,20,28.58,205.7329407,7.343
2011-02-11,2211388.14,20,25.38,206.0763862,7.343
2011-02-18,2258616.24,20,42.95,206.3694701,7.343
2011-02-25,1938608.52,20,33.2,206.6424093,7.343
2011-03-04,2143424.61,20,37.33,206.9153485,7.343
2011-03-11,1990932.77,20,39.53,207.1882876,7.343
2011-03-18,1931668.64,20,44.8,207.4283845,7.343
2011-03-25,1824711.21,20,44.83,207.6553444,7.343
2011-04-01,1927993.09,20,32.43,207.8823043,7.287
2011-04-08,2027056.39,20,47.09,208.1092642,7.287
2011-04-15,2057406.33,20,55.0,208.3172811,7.287
2011-04-22,2313861.81,20,52.56,208.4779405,7.287
2011-04-29,1881788.19,20,62.97,208.6386,7.287
2011-05-06,2090838.44,20,53.41,208.7992595,7.287
2011-05-13,2036748.53,20,62.26,208.9599189,7.287
2011-05-20,1953416.06,20,59.01,208.7583165,7.287
2011-05-27,1944433.17,20,69.12,208.556714,7.287
2011-06-03,2182246.69,20,73.51,208.3551116,7.287
2011-06-10,2135062.04,20,73.64,208.1535092,7.287
2011-06-17,2065191.27,20,66.41,208.1265604,7.287
2011-06-24,1950826.32,20,72.4,208.2306018,7.287
2011-07-01,2053165.41,20,69.66,208.3346432,7.274
2011-07-08,2123787.79,20,74.69,208.4386847,7.274
2011-07-15,2039875.75,20,74.88,208.5309337,7.274
2011-07-22,1950904.84,20,78.89,208.5937018,7.274
2011-07-29,1858440.92,20,77.47,208.6564699,7.274
2011-08-05,2189353.63,20,77.8,208.719238,7.274
2011-08-12,2052246.4,20,73.52,208.7820061,7.274
2011-08-19,1990017.93,20,71.25,208.8424359,7.274
2011-08-26,1933577.2,20,70.15,208.902476,7.274
2011-09-02,2141765.98,20,70.82,208.9625161,7.274
2011-09-09,2050542.56,20,68.74,209.0225562,7.274
2011-09-16,1979009.46,20,64.02,209.1893892,7.274
2011-09-23,1888119.7,20,62.15,209.4986126,7.274
2011-09-30,1945808.26,20,63.44,209.807836,7.274
2011-10-07,2135982.79,20,52.42,210.1170595,7.082
2011-10-14,2010107.68,20,62.54,210.4027602,7.082
2011-10-21,2104241.9,20,53.69,210.5473252,7.082
2011-10-28,2065421.52,20,49.36,210.6918901,7.082
2011-11-04,2284106.6,20,43.88,210.8364551,7.082
2011-11-11,2269975.85,20,47.27,210.9810201,7.082
2011-11-18,2169933.82,20,49.3,211.1847207,7.082
2011-11-25,2720371.4924999997,20,46.38,211.4120757,7.082
2011-12-02,2298776.83,20,46.32,211.6394306,7.082
2011-12-09,2546123.78,20,41.64,211.8667856,7.082
2011-12-16,2720371.4924999997,20,37.16,212.0685039,7.082
2011-12-23,2720371.4924999997,20,40.19,212.2360401,7.082
2011-12-30,2043245.0,20,36.35,212.4035763,7.082
2012-01-06,1964701.94,20,33.42,212.5711125,6.961
2012-01-13,1911510.64,20,37.79,212.7386486,6.961
2012-01-20,1892775.94,20,27.65,212.8336399,6.961
2012-01-27,1761016.51,20,37.19,212.9286312,6.961
2012-02-03,2203523.2,20,39.93,213.0236225,6.961
2012-02-10,2462978.28,20,33.47,213.1186138,6.961
2012-02-17,2309025.16,20,31.11,213.2732106,6.961
2012-02-24,2045837.55,20,39.79,213.4725116,6.961
2012-03-02,2148822.76,20,39.98,213.6718127,6.961
2012-03-09,2139265.4,20,41.14,213.8711137,6.961
2012-03-16,2064991.71,20,53.73,214.0167132,6.961
2012-03-23,1992436.96,20,66.11,214.0907105,6.961
2012-03-30,2074721.74,20,51.52,214.1647079,6.961
2012-04-06,2565259.92,20,50.06,214.2387053,7.139
2012-04-13,2045396.06,20,45.68,214.3127027,7.139
2012-04-20,1884427.84,20,60.11,214.3675045,7.139
2012-04-27,1886503.93,20,47.64,214.4223063,7.139
2012-05-04,2163510.89,20,62.74,214.4771081,7.139
2012-05-11,2168097.11,20,63.19,214.5319099,7.139
2012-05-18,2039222.26,20,60.99,214.5485571,7.139
2012-05-25,2114989.0,20,70.04,214.5499425,7.139
2012-06-01,2143126.59,20,73.67,214.5513278,7.139
2012-06-08,2231962.13,20,62.01,214.5527132,7.139
2012-06-15,2165160.29,20,71.51,214.5653243,7.139
2012-06-22,2060588.69,20,76.51,214.606,7.139
2012-06-29,2055952.61,20,74.15,214.6466757,7.139
2012-07-06,2358055.3,20,79.2,214.6873514,7.28
2012-07-13,2134680.12,20,78.27,214.728027,7.28
2012-07-20,1970170.29,20,76.04,214.7331351,7.28
2012-07-27,1911559.1,20,74.6,214.7382432,7.28
2012-08-03,2094515.71,20,74.73,214.7433514,7.28
2012-08-10,2144245.39,20,75.4,214.7484595,7.28
2012-08-17,2045061.22,20,69.57,214.825578,7.28
2012-08-24,2005341.43,20,68.27,214.9567044,7.28
2012-08-31,2062481.56,20,72.66,215.0878309,7.28
2012-09-07,2080529.06,20,76.36,215.2189573,7.28
2012-09-14,2047949.98,20,64.84,215.3583757,7.28
2012-09-21,2028587.24,20,60.94,215.5475459,7.28
2012-09-28,2008350.58,20,58.65,215.7367162,7.28
2012-10-05,2246411.89,20,60.77,215.9258865,7.293
2012-10-12,2162951.36,20,47.2,216.1150568,7.293
2012-10-19,1999363.49,20,56.26,216.1464699,7.293
2012-10-26,2031650.55,20,60.04,216.1515902,7.293
2010-02-05,798593.88,21,39.05,210.7526053,8.324
2010-02-12,809321.44,21,37.77,210.8979935,8.324
2010-02-19,867283.25,21,39.75,210.9451605,8.324
2010-02-26,749597.24,21,45.31,210.9759573,8.324
2010-03-05,747444.32,21,48.61,211.0067542,8.324
2010-03-12,712312.89,21,57.1,211.037551,8.324
2010-03-19,727070.0,21,54.68,210.8733316,8.324
2010-03-26,686497.53,21,51.66,210.6766095,8.324
2010-04-02,753664.12,21,64.12,210.4798874,8.2
2010-04-09,751181.4,21,65.74,210.2831653,8.2
2010-04-16,716026.51,21,67.87,210.1495463,8.2
2010-04-23,718780.59,21,64.21,210.1000648,8.2
2010-04-30,680532.69,21,66.93,210.0505833,8.2
2010-05-07,744969.42,21,70.87,210.0011018,8.2
2010-05-14,723559.88,21,73.08,209.9984585,8.2
2010-05-21,753361.72,21,74.24,210.2768443,8.2
2010-05-28,755214.26,21,80.94,210.5552301,8.2
2010-06-04,806012.48,21,82.68,210.833616,8.2
2010-06-11,784305.55,21,83.51,211.1120018,8.2
2010-06-18,785104.29,21,86.18,211.1096543,8.2
2010-06-25,769848.75,21,87.01,210.9950134,8.2
2010-07-02,711470.8,21,82.29,210.8803726,8.099
2010-07-09,714677.47,21,81.67,210.7657317,8.099
2010-07-16,755098.41,21,85.61,210.7577954,8.099
2010-07-23,765823.48,21,87.17,210.8921319,8.099
2010-07-30,715876.27,21,83.59,211.0264684,8.099
2010-08-06,739279.19,21,90.3,211.1608049,8.099
2010-08-13,793589.18,21,89.65,211.2951413,8.099
2010-08-20,848873.28,21,89.58,211.2596586,8.099
2010-08-27,855882.57,21,86.2,211.2241759,8.099
2010-09-03,727772.8,21,82.57,211.1886931,8.099
2010-09-10,674055.81,21,79.3,211.1532104,8.099
2010-09-17,684340.86,21,83.03,211.1806415,8.099
2010-09-24,671688.06,21,80.79,211.2552578,8.099
2010-10-01,677158.39,21,70.28,211.3298742,8.163
2010-10-08,680579.49,21,65.76,211.4044906,8.163
2010-10-15,693412.05,21,68.61,211.4713286,8.163
2010-10-22,710668.45,21,70.72,211.5187208,8.163
2010-10-29,731756.65,21,67.51,211.5661131,8.163
2010-11-05,719888.76,21,58.71,211.6135053,8.163
2010-11-12,735796.38,21,60.95,211.6608975,8.163
2010-11-19,756288.89,21,51.71,211.5470304,8.163
2010-11-26,1245628.61,21,62.96,211.4062867,8.163
2010-12-03,829210.73,21,50.43,211.265543,8.163
2010-12-10,943891.64,21,46.35,211.1247993,8.163
2010-12-17,1147556.83,21,48.63,211.0645458,8.163
2010-12-24,1587257.78,21,51.29,211.0646599,8.163
2010-12-31,672903.23,21,47.19,211.064774,8.163
2011-01-07,629152.06,21,44.24,211.0648881,8.028
2011-01-14,650789.13,21,34.14,211.1176713,8.028
2011-01-21,663941.73,21,42.72,211.4864691,8.028
2011-01-28,649878.29,21,44.04,211.8552668,8.028
2011-02-04,596218.24,21,36.33,212.2240646,8.028
2011-02-11,771908.51,21,34.61,212.5928624,8.028
2011-02-18,884701.92,21,59.87,212.9033115,8.028
2011-02-25,768313.85,21,61.27,213.190421,8.028
2011-03-04,796277.72,21,59.52,213.4775305,8.028
2011-03-11,763479.9,21,54.69,213.7646401,8.028
2011-03-18,793569.0,21,63.26,214.0156238,8.028
2011-03-25,753711.32,21,70.33,214.2521573,8.028
2011-04-01,732056.37,21,56.36,214.4886908,7.931
2011-04-08,744782.89,21,68.62,214.7252242,7.931
2011-04-15,768390.05,21,71.01,214.9420631,7.931
2011-04-22,801302.01,21,70.79,215.1096657,7.931
2011-04-29,783250.75,21,70.19,215.2772683,7.931
2011-05-06,718898.33,21,61.87,215.4448709,7.931
2011-05-13,754236.7,21,75.04,215.6124735,7.931
2011-05-20,744836.56,21,68.36,215.3834778,7.931
2011-05-27,744389.81,21,76.86,215.1544822,7.931
2011-06-03,773878.58,21,83.82,214.9254865,7.931
2011-06-10,794397.89,21,84.71,214.6964908,7.931
2011-06-17,823220.43,21,87.54,214.6513538,7.931
2011-06-24,771298.98,21,85.72,214.7441108,7.931
2011-07-01,784639.12,21,87.57,214.8368678,7.852
2011-07-08,734099.4,21,89.16,214.9296249,7.852
2011-07-15,728311.15,21,91.05,215.0134426,7.852
2011-07-22,784490.67,21,90.27,215.0749122,7.852
2011-07-29,751167.12,21,91.56,215.1363819,7.852
2011-08-05,783614.89,21,94.22,215.1978515,7.852
2011-08-12,776933.37,21,92.32,215.2593211,7.852
2011-08-19,855546.5,21,90.11,215.3229307,7.852
2011-08-26,821127.53,21,92.07,215.386897,7.852
2011-09-02,705557.8,21,91.94,215.4508632,7.852
2011-09-09,653989.65,21,78.87,215.5148295,7.852
2011-09-16,653525.84,21,80.62,215.6944378,7.852
2011-09-23,681913.29,21,75.68,216.0282356,7.852
2011-09-30,651970.48,21,78.91,216.3620333,7.852
2011-10-07,663452.46,21,71.64,216.6958311,7.441
2011-10-14,671379.44,21,69.79,217.0048261,7.441
2011-10-21,729036.06,21,65.16,217.1650042,7.441
2011-10-28,738812.0,21,65.46,217.3251824,7.441
2011-11-04,767358.37,21,56.01,217.4853605,7.441
2011-11-11,757369.87,21,59.8,217.6455387,7.441
2011-11-18,737014.09,21,61.9,217.8670218,7.441
2011-11-25,1219263.4,21,56.43,218.1130269,7.441
2011-12-02,793184.25,21,48.72,218.3590319,7.441
2011-12-09,897747.13,21,41.44,218.605037,7.441
2011-12-16,1027584.51,21,50.56,218.8217928,7.441
2011-12-23,1384552.17,21,46.54,218.9995495,7.441
2011-12-30,804362.36,21,45.16,219.1773063,7.441
2012-01-06,640181.86,21,48.1,219.355063,7.057
2012-01-13,631181.25,21,45.0,219.5328198,7.057
2012-01-20,651178.2,21,52.21,219.6258417,7.057
2012-01-27,611258.71,21,50.79,219.7188636,7.057
2012-02-03,680725.43,21,55.83,219.8118854,7.057
2012-02-10,770652.79,21,46.52,219.9049073,7.057
2012-02-17,834663.52,21,45.03,220.0651993,7.057
2012-02-24,747099.07,21,54.81,220.275944,7.057
2012-03-02,764385.4,21,59.3,220.4866886,7.057
2012-03-09,755084.4,21,57.16,220.6974332,7.057
2012-03-16,767338.32,21,63.39,220.8498468,7.057
2012-03-23,729759.97,21,62.96,220.9244858,7.057
2012-03-30,724798.76,21,67.87,220.9991248,7.057
2012-04-06,761956.58,21,69.02,221.0737638,6.891
2012-04-13,769319.04,21,69.03,221.1484028,6.891
2012-04-20,734858.91,21,66.97,221.2021074,6.891
2012-04-27,674829.58,21,69.21,221.255812,6.891
2012-05-04,697645.32,21,77.53,221.3095166,6.891
2012-05-11,649945.54,21,74.14,221.3632212,6.891
2012-05-18,700554.16,21,72.42,221.380331,6.891
2012-05-25,722891.24,21,79.49,221.3828029,6.891
2012-06-01,695439.83,21,79.24,221.3852748,6.891
2012-06-08,707895.72,21,79.47,221.3877467,6.891
2012-06-15,727049.04,21,81.51,221.4009901,6.891
2012-06-22,735870.0,21,81.78,221.4411622,6.891
2012-06-29,716341.39,21,88.05,221.4813343,6.891
2012-07-06,693013.59,21,85.26,221.5215064,6.565
2012-07-13,668132.36,21,82.51,221.5616784,6.565
2012-07-20,691200.33,21,84.25,221.5701123,6.565
2012-07-27,677789.14,21,88.09,221.5785461,6.565
2012-08-03,693785.85,21,91.57,221.5869799,6.565
2012-08-10,700272.01,21,89.57,221.5954138,6.565
2012-08-17,751963.81,21,85.55,221.6751459,6.565
2012-08-24,802003.61,21,77.72,221.8083518,6.565
2012-08-31,763867.59,21,83.58,221.9415576,6.565
2012-09-07,642827.29,21,88.4,222.0747635,6.565
2012-09-14,628494.63,21,76.1,222.2174395,6.565
2012-09-21,667151.46,21,71.54,222.4169362,6.565
2012-09-28,647097.65,21,80.38,222.6164329,6.565
2012-10-05,651768.91,21,70.28,222.8159296,6.17
2012-10-12,653043.44,21,61.53,223.0154263,6.17
2012-10-19,641368.14,21,68.52,223.0598077,6.17
2012-10-26,675202.87,21,70.5,223.0783366,6.17
2010-02-05,1033017.37,22,24.36,135.3524608,8.283
2010-02-12,1022571.25,22,28.14,135.4113076,8.283
2010-02-19,988467.61,22,31.96,135.4657781,8.283
2010-02-26,899761.48,22,35.98,135.5195191,8.283
2010-03-05,1009201.24,22,36.82,135.5732602,8.283
2010-03-12,967187.37,22,43.43,135.6270013,8.283
2010-03-19,966145.09,22,46.03,135.6682247,8.283
2010-03-26,1012075.12,22,48.56,135.7073618,8.283
2010-04-02,1177340.99,22,44.96,135.7464988,8.348
2010-04-09,1033171.07,22,57.06,135.7856359,8.348
2010-04-16,1000968.67,22,51.14,135.82725,8.348
2010-04-23,969594.47,22,51.04,135.8721667,8.348
2010-04-30,977683.06,22,50.96,135.9170833,8.348
2010-05-07,1052973.28,22,63.81,135.962,8.348
2010-05-14,973585.33,22,50.99,136.010394,8.348
2010-05-21,979977.89,22,59.99,136.0796521,8.348
2010-05-28,1103740.4,22,65.64,136.1489101,8.348
2010-06-04,1095539.13,22,69.49,136.2181682,8.348
2010-06-11,1061196.47,22,65.01,136.2874263,8.348
2010-06-18,1052895.25,22,67.13,136.3243393,8.348
2010-06-25,1095020.33,22,74.37,136.3483143,8.348
2010-07-02,1120259.71,22,72.88,136.3722893,8.433
2010-07-09,1092654.26,22,79.22,136.3962643,8.433
2010-07-16,988392.99,22,76.3,136.4179827,8.433
2010-07-23,974123.2,22,76.91,136.4366924,8.433
2010-07-30,970773.64,22,76.35,136.4554021,8.433
2010-08-06,1010326.14,22,74.37,136.4741118,8.433
2010-08-13,993097.43,22,74.75,136.4928214,8.433
2010-08-20,1017045.44,22,73.21,136.5249182,8.433
2010-08-27,1081420.96,22,68.99,136.557015,8.433
2010-09-03,1074535.88,22,75.85,136.5891118,8.433
2010-09-10,924174.4,22,68.6,136.6212085,8.433
2010-09-17,918285.97,22,62.49,136.6338071,8.433
2010-09-24,902779.25,22,65.14,136.6317821,8.433
2010-10-01,905987.17,22,69.31,136.6297571,8.572
2010-10-08,1015051.62,22,56.32,136.6277321,8.572
2010-10-15,954401.46,22,55.23,136.6401935,8.572
2010-10-22,960998.52,22,50.24,136.688871,8.572
2010-10-29,1025766.27,22,57.73,136.7375484,8.572
2010-11-05,1006888.16,22,44.34,136.7862258,8.572
2010-11-12,1043698.64,22,44.42,136.8349032,8.572
2010-11-19,985896.44,22,48.62,136.7715714,8.572
2010-11-26,1564502.26,22,44.61,136.6895714,8.572
2010-12-03,1230514.58,22,39.42,136.6075714,8.572
2010-12-10,1367202.84,22,28.43,136.5255714,8.572
2010-12-17,1527682.99,22,30.46,136.5292811,8.572
2010-12-24,1962445.04,22,29.76,136.597273,8.572
2010-12-31,774262.28,22,28.49,136.665265,8.572
2011-01-07,873954.7,22,32.56,136.7332569,8.458
2011-01-14,807535.52,22,24.76,136.803477,8.458
2011-01-21,855001.02,22,26.8,136.8870657,8.458
2011-01-28,799369.15,22,20.61,136.9706544,8.458
2011-02-04,946060.98,22,26.39,137.0542431,8.458
2011-02-11,1009206.33,22,28.89,137.1378318,8.458
2011-02-18,975964.86,22,35.34,137.2511849,8.458
2011-02-25,911245.43,22,30.23,137.3764439,8.458
2011-03-04,997353.15,22,33.52,137.5017028,8.458
2011-03-11,944587.23,22,41.42,137.6269617,8.458
2011-03-18,926427.12,22,43.38,137.7398929,8.458
2011-03-25,933528.39,22,38.77,137.8478929,8.458
2011-04-01,951588.37,22,36.04,137.9558929,8.252
2011-04-08,969046.69,22,44.42,138.0638929,8.252
2011-04-15,1008557.04,22,48.88,138.1646952,8.252
2011-04-22,1152781.9,22,47.76,138.2475036,8.252
2011-04-29,926133.8,22,57.2,138.3303119,8.252
2011-05-06,1032076.06,22,53.63,138.4131202,8.252
2011-05-13,1001558.74,22,57.71,138.4959286,8.252
2011-05-20,970307.83,22,58.56,138.587106,8.252
2011-05-27,1021568.34,22,62.59,138.6782834,8.252
2011-06-03,1125169.92,22,70.09,138.7694608,8.252
2011-06-10,1060868.49,22,69.53,138.8606382,8.252
2011-06-17,1042454.61,22,63.97,139.0028333,8.252
2011-06-24,1012584.2,22,68.53,139.1832917,8.252
2011-07-01,1077491.68,22,70.8,139.36375,8.023
2011-07-08,1017050.65,22,74.22,139.5442083,8.023
2011-07-15,961953.57,22,75.2,139.7006325,8.023
2011-07-22,964683.8,22,77.79,139.7969712,8.023
2011-07-29,944958.69,22,75.32,139.8933099,8.023
2011-08-05,983232.96,22,75.33,139.9896486,8.023
2011-08-12,991779.2,22,74.69,140.0859873,8.023
2011-08-19,973004.91,22,71.3,140.1289205,8.023
2011-08-26,1181815.31,22,72.22,140.1629528,8.023
2011-09-02,912762.76,22,69.16,140.196985,8.023
2011-09-09,1004434.54,22,69.14,140.2310173,8.023
2011-09-16,937420.65,22,68.08,140.2735,8.023
2011-09-23,899834.75,22,62.36,140.32725,8.023
2011-09-30,953314.16,22,69.78,140.381,8.023
2011-10-07,993436.67,22,56.44,140.43475,7.706
2011-10-14,944337.32,22,62.63,140.4784194,7.706
2011-10-21,981567.22,22,59.3,140.4616048,7.706
2011-10-28,1099351.68,22,49.31,140.4447903,7.706
2011-11-04,1106575.59,22,42.81,140.4279758,7.706
2011-11-11,1051740.29,22,47.8,140.4111613,7.706
2011-11-18,1007579.44,22,50.62,140.4127857,7.706
2011-11-25,1535857.49,22,46.28,140.4217857,7.706
2011-12-02,1167621.14,22,49.11,140.4307857,7.706
2011-12-09,1308967.44,22,45.35,140.4397857,7.706
2011-12-16,1453153.33,22,39.11,140.4700795,7.706
2011-12-23,1863195.68,22,39.83,140.528765,7.706
2011-12-30,982661.14,22,36.28,140.5874505,7.706
2012-01-06,895358.2,22,34.61,140.6461359,7.503
2012-01-13,855437.57,22,39.0,140.7048214,7.503
2012-01-20,897027.44,22,29.16,140.8086118,7.503
2012-01-27,786459.23,22,35.68,140.9124021,7.503
2012-02-03,958487.75,22,40.58,141.0161924,7.503
2012-02-10,1034448.07,22,35.68,141.1199827,7.503
2012-02-17,1004749.41,22,36.25,141.2140357,7.503
2012-02-24,912958.95,22,39.0,141.3007857,7.503
2012-03-02,974866.65,22,37.47,141.3875357,7.503
2012-03-09,991127.01,22,41.72,141.4742857,7.503
2012-03-16,966780.01,22,46.06,141.55478,7.503
2012-03-23,992774.4,22,54.68,141.6269332,7.503
2012-03-30,965769.93,22,46.4,141.6990864,7.503
2012-04-06,1197489.66,22,46.38,141.7712396,7.671
2012-04-13,939118.24,22,49.89,141.8433929,7.671
2012-04-20,1000342.87,22,58.81,141.9015262,7.671
2012-04-27,922539.94,22,51.42,141.9596595,7.671
2012-05-04,1005083.31,22,50.75,142.0177929,7.671
2012-05-11,997868.63,22,56.72,142.0759262,7.671
2012-05-18,986612.02,22,61.9,142.0970115,7.671
2012-05-25,1047297.38,22,62.39,142.1032776,7.671
2012-06-01,1102857.37,22,70.01,142.1095438,7.671
2012-06-08,1061134.37,22,61.71,142.1158099,7.671
2012-06-15,1061219.19,22,66.56,142.1292548,7.671
2012-06-22,1112449.3,22,70.61,142.1606464,7.671
2012-06-29,1053881.78,22,70.99,142.1920381,7.671
2012-07-06,1097786.14,22,77.41,142.2234298,7.753
2012-07-13,971361.38,22,75.81,142.2548214,7.753
2012-07-20,991969.37,22,76.57,142.2337569,7.753
2012-07-27,925731.21,22,73.52,142.2126924,7.753
2012-08-03,1007257.83,22,72.99,142.1916279,7.753
2012-08-10,973812.79,22,76.74,142.1705634,7.753
2012-08-17,981273.26,22,74.92,142.2157385,7.753
2012-08-24,1060906.75,22,70.42,142.3105933,7.753
2012-08-31,1022270.86,22,71.93,142.4054482,7.753
2012-09-07,996628.8,22,73.3,142.500303,7.753
2012-09-14,918049.28,22,66.42,142.5938833,7.753
2012-09-21,921612.53,22,63.38,142.6798167,7.753
2012-09-28,976479.51,22,62.17,142.76575,7.753
2012-10-05,1009887.36,22,62.09,142.8516833,7.543
2012-10-12,1004039.84,22,54.18,142.9376167,7.543
2012-10-19,978027.95,22,55.28,142.8633629,7.543
2012-10-26,1094422.69,22,57.58,142.7624113,7.543
2010-02-05,1364721.58,23,15.25,131.5279032,5.892
2010-02-12,1380892.08,23,18.75,131.5866129,5.892
2010-02-19,1319588.04,23,26.7,131.637,5.892
2010-02-26,1198709.65,23,32.68,131.686,5.892
2010-03-05,1311175.93,23,33.15,131.735,5.892
2010-03-12,1408082.96,23,36.07,131.784,5.892
2010-03-19,1229008.32,23,43.01,131.8242903,5.892
2010-03-26,1310701.8,23,38.59,131.863129,5.892
2010-04-02,1556627.62,23,40.5,131.9019677,5.435
2010-04-09,1264434.7,23,56.82,131.9408065,5.435
2010-04-16,1288823.72,23,44.25,131.9809,5.435
2010-04-23,1315023.08,23,46.4,132.0226667,5.435
2010-04-30,1259414.52,23,45.47,132.0644333,5.435
2010-05-07,1365552.28,23,61.04,132.1062,5.435
2010-05-14,1303055.09,23,45.33,132.152129,5.435
2010-05-21,1327424.28,23,57.94,132.2230323,5.435
2010-05-28,1571158.56,23,69.26,132.2939355,5.435
2010-06-04,1514435.51,23,64.94,132.3648387,5.435
2010-06-11,1439432.06,23,58.35,132.4357419,5.435
2010-06-18,1507708.93,23,60.29,132.4733333,5.435
2010-06-25,1415204.88,23,69.83,132.4976,5.435
2010-07-02,1549113.18,23,64.76,132.5218667,5.326
2010-07-09,1417535.78,23,77.16,132.5461333,5.326
2010-07-16,1413124.11,23,73.94,132.5667742,5.326
2010-07-23,1333634.45,23,70.2,132.5825806,5.326
2010-07-30,1319773.55,23,69.71,132.5983871,5.326
2010-08-06,1417013.07,23,70.03,132.6141935,5.326
2010-08-13,1346345.97,23,67.43,132.63,5.326
2010-08-20,1439901.05,23,68.65,132.6616129,5.326
2010-08-27,1584623.36,23,63.25,132.6932258,5.326
2010-09-03,1405119.23,23,72.91,132.7248387,5.326
2010-09-10,1272842.85,23,63.21,132.7564516,5.326
2010-09-17,1159132.58,23,55.3,132.7670667,5.326
2010-09-24,1099055.65,23,57.75,132.7619333,5.326
2010-10-01,1129909.44,23,62.07,132.7568,5.287
2010-10-08,1179851.68,23,50.75,132.7516667,5.287
2010-10-15,1119809.71,23,45.55,132.7633548,5.287
2010-10-22,1147503.92,23,43.19,132.8170968,5.287
2010-10-29,1112871.23,23,48.68,132.8708387,5.287
2010-11-05,1203119.96,23,36.6,132.9245806,5.287
2010-11-12,1387953.75,23,35.59,132.9783226,5.287
2010-11-19,1314994.32,23,41.66,132.9172,5.287
2010-11-26,2072685.05,23,34.95,132.8369333,5.287
2010-12-03,1617025.41,23,34.3,132.7566667,5.287
2010-12-10,1872365.99,23,20.12,132.6764,5.287
2010-12-17,2238573.48,23,23.05,132.6804516,5.287
2010-12-24,2720371.4924999997,23,22.96,132.7477419,5.287
2010-12-31,1169773.85,23,19.05,132.8150323,5.287
2011-01-07,1122034.48,23,27.81,132.8823226,5.114
2011-01-14,1016756.1,23,18.2,132.9510645,5.114
2011-01-21,1110706.06,23,15.58,133.0285161,5.114
2011-01-28,1083657.61,23,10.91,133.1059677,5.114
2011-02-04,1159438.53,23,14.5,133.1834194,5.114
2011-02-11,1249786.4,23,21.52,133.260871,5.114
2011-02-18,1369971.57,23,26.6,133.3701429,5.114
2011-02-25,1206917.2,23,17.0,133.4921429,5.114
2011-03-04,1301185.28,23,20.67,133.6141429,5.114
2011-03-11,1042043.55,23,29.36,133.7361429,5.114
2011-03-18,1203682.62,23,37.28,133.8492258,5.114
2011-03-25,1148624.83,23,29.11,133.9587419,5.114
2011-04-01,1182694.95,23,29.44,134.0682581,4.781
2011-04-08,1248901.98,23,36.74,134.1777742,4.781
2011-04-15,1263680.51,23,45.51,134.2784667,4.781
2011-04-22,1447301.24,23,39.62,134.3571,4.781
2011-04-29,1173307.4,23,54.2,134.4357333,4.781
2011-05-06,1359921.13,23,50.07,134.5143667,4.781
2011-05-13,1254914.87,23,55.12,134.593,4.781
2011-05-20,1337617.55,23,56.67,134.6803871,4.781
2011-05-27,1361945.18,23,63.27,134.7677742,4.781
2011-06-03,1562161.97,23,67.21,134.8551613,4.781
2011-06-10,1447028.06,23,65.23,134.9425484,4.781
2011-06-17,1470520.83,23,61.06,135.0837333,4.781
2011-06-24,1434036.18,23,63.8,135.2652667,4.781
2011-07-01,1492507.44,23,65.65,135.4468,4.584
2011-07-08,1379488.05,23,69.92,135.6283333,4.584
2011-07-15,1360520.56,23,69.8,135.7837419,4.584
2011-07-22,1362144.0,23,76.74,135.8738387,4.584
2011-07-29,1319767.55,23,69.55,135.9639355,4.584
2011-08-05,1416344.68,23,69.53,136.0540323,4.584
2011-08-12,1380952.05,23,69.86,136.144129,4.584
2011-08-19,1453416.53,23,67.09,136.183129,4.584
2011-08-26,1637266.29,23,67.04,136.2136129,4.584
2011-09-02,1464295.69,23,65.33,136.2440968,4.584
2011-09-09,1423289.9,23,66.04,136.2745806,4.584
2011-09-16,1253329.17,23,60.52,136.3145,4.584
2011-09-23,1289082.81,23,57.14,136.367,4.584
2011-09-30,1275597.85,23,64.76,136.4195,4.584
2011-10-07,1463501.99,23,49.0,136.472,4.42
2011-10-14,1257778.34,23,56.79,136.5150968,4.42
2011-10-21,1441032.59,23,52.12,136.5017742,4.42
2011-10-28,1407191.96,23,42.57,136.4884516,4.42
2011-11-04,1428436.33,23,39.18,136.475129,4.42
2011-11-11,1436940.78,23,44.04,136.4618065,4.42
2011-11-18,1345631.96,23,45.48,136.4666667,4.42
2011-11-25,2057059.53,23,35.23,136.4788,4.42
2011-12-02,1552886.59,23,43.6,136.4909333,4.42
2011-12-09,1841173.6,23,36.4,136.5030667,4.42
2011-12-16,2173621.2,23,32.99,136.5335161,4.42
2011-12-23,2587953.32,23,27.8,136.5883871,4.42
2011-12-30,1213486.95,23,22.3,136.6432581,4.42
2012-01-06,1150662.55,23,24.29,136.698129,4.2945
2012-01-13,1031451.35,23,28.49,136.753,4.2945
2012-01-20,1146992.13,23,15.33,136.8564194,4.2945
2012-01-27,1037476.38,23,25.71,136.9598387,4.2945
2012-02-03,1261872.67,23,29.71,137.0632581,4.2945
2012-02-10,1358444.07,23,26.6,137.1666774,4.2945
2012-02-17,1365546.69,23,27.01,137.2583103,4.2945
2012-02-24,1272948.27,23,31.12,137.3411034,4.2945
2012-03-02,1322852.2,23,25.91,137.4238966,4.2945
2012-03-09,1292724.9,23,33.11,137.5066897,4.2945
2012-03-16,1258364.31,23,41.19,137.5843871,4.2945
2012-03-23,1288154.1,23,57.82,137.6552903,4.2945
2012-03-30,1261964.96,23,36.71,137.7261935,4.2945
2012-04-06,1604605.69,23,37.43,137.7970968,4.2945
2012-04-13,1231752.54,23,41.81,137.868,4.2945
2012-04-20,1287899.41,23,56.55,137.9230667,4.2945
2012-04-27,1277758.76,23,44.62,137.9781333,4.2945
2012-05-04,1317379.68,23,45.88,138.0332,4.2945
2012-05-11,1321914.34,23,52.9,138.0882667,4.2945
2012-05-18,1332952.47,23,58.42,138.1065806,4.2945
2012-05-25,1552934.64,23,66.43,138.1101935,4.2945
2012-06-01,1476144.34,23,66.22,138.1138065,4.2945
2012-06-08,1568048.54,23,56.82,138.1174194,4.2945
2012-06-15,1543667.68,23,64.73,138.1295333,4.2945
2012-06-22,1522042.57,23,71.82,138.1629,4.2945
2012-06-29,1451782.16,23,64.23,138.1962667,4.2945
2012-07-06,1545370.16,23,70.86,138.2296333,4.2945
2012-07-13,1384921.63,23,69.19,138.263,4.2945
2012-07-20,1381339.23,23,71.13,138.2331935,4.2945
2012-07-27,1322932.36,23,69.31,138.2033871,4.2945
2012-08-03,1416926.31,23,71.51,138.1735806,4.2945
2012-08-10,1436311.76,23,71.12,138.1437742,4.2945
2012-08-17,1510131.45,23,69.97,138.1857097,4.2945
2012-08-24,1702220.96,23,64.63,138.2814516,4.2945
2012-08-31,1577468.78,23,68.34,138.3771935,4.2945
2012-09-07,1427162.26,23,66.74,138.4729355,4.2945
2012-09-14,1279041.64,23,61.37,138.5673,4.2945
2012-09-21,1338627.55,23,56.8,138.6534,4.2945
2012-09-28,1319035.06,23,53.71,138.7395,4.2945
2012-10-05,1464616.59,23,56.65,138.8256,4.2945
2012-10-12,1412925.25,23,48.1,138.9117,4.2945
2012-10-19,1363155.77,23,47.89,138.8336129,4.2945
2012-10-26,1347454.59,23,50.56,138.7281613,4.2945
2010-02-05,1388725.63,24,22.43,131.5279032,8.326
2010-02-12,1414107.1,24,25.94,131.5866129,8.326
2010-02-19,1385362.49,24,31.05,131.637,8.326
2010-02-26,1158722.74,24,33.98,131.686,8.326
2010-03-05,1412387.37,24,36.73,131.735,8.326
2010-03-12,1309340.16,24,42.31,131.784,8.326
2010-03-19,1222511.29,24,46.09,131.8242903,8.326
2010-03-26,1258311.56,24,48.87,131.863129,8.326
2010-04-02,1478321.26,24,45.22,131.9019677,8.211
2010-04-09,1379579.63,24,62.06,131.9408065,8.211
2010-04-16,1268266.72,24,51.08,131.9809,8.211
2010-04-23,1264117.01,24,51.07,132.0226667,8.211
2010-04-30,1259877.19,24,51.48,132.0644333,8.211
2010-05-07,1409705.03,24,66.65,132.1062,8.211
2010-05-14,1346783.35,24,51.31,132.152129,8.211
2010-05-21,1283482.85,24,60.44,132.2230323,8.211
2010-05-28,1473868.15,24,69.59,132.2939355,8.211
2010-06-04,1566668.91,24,71.99,132.3648387,8.211
2010-06-11,1375458.21,24,64.84,132.4357419,8.211
2010-06-18,1354168.18,24,67.17,132.4733333,8.211
2010-06-25,1399073.75,24,74.9,132.4976,8.211
2010-07-02,1563387.94,24,71.12,132.5218667,8.117
2010-07-09,1665502.55,24,79.05,132.5461333,8.117
2010-07-16,1418697.05,24,76.56,132.5667742,8.117
2010-07-23,1333740.35,24,75.27,132.5825806,8.117
2010-07-30,1387517.63,24,75.91,132.5983871,8.117
2010-08-06,1442819.28,24,74.54,132.6141935,8.117
2010-08-13,1384243.75,24,74.17,132.63,8.117
2010-08-20,1375307.54,24,72.17,132.6616129,8.117
2010-08-27,1350059.35,24,67.0,132.6932258,8.117
2010-09-03,1366381.6,24,73.52,132.7248387,8.117
2010-09-10,1474498.59,24,67.11,132.7564516,8.117
2010-09-17,1273295.46,24,60.31,132.7670667,8.117
2010-09-24,1169413.27,24,64.3,132.7619333,8.117
2010-10-01,1215273.2,24,66.88,132.7568,8.275
2010-10-08,1361944.94,24,54.82,132.7516667,8.275
2010-10-15,1300806.74,24,52.83,132.7633548,8.275
2010-10-22,1234875.33,24,48.69,132.8170968,8.275
2010-10-29,1244925.94,24,57.29,132.8708387,8.275
2010-11-05,1285358.01,24,42.2,132.9245806,8.275
2010-11-12,1312877.01,24,41.76,132.9783226,8.275
2010-11-19,1277150.6,24,45.63,132.9172,8.275
2010-11-26,1779276.51,24,41.92,132.8369333,8.275
2010-12-03,1413302.7,24,37.08,132.7566667,8.275
2010-12-10,1593012.75,24,27.11,132.6764,8.275
2010-12-17,1663525.77,24,27.99,132.6804516,8.275
2010-12-24,2386015.75,24,27.74,132.7477419,8.275
2010-12-31,1208600.05,24,25.9,132.8150323,8.275
2011-01-07,1178641.71,24,30.72,132.8823226,8.252
2011-01-14,1167740.2,24,22.41,132.9510645,8.252
2011-01-21,1107170.39,24,23.69,133.0285161,8.252
2011-01-28,1126921.34,24,17.91,133.1059677,8.252
2011-02-04,1225182.04,24,23.83,133.1834194,8.252
2011-02-11,1341240.62,24,26.51,133.260871,8.252
2011-02-18,1360150.12,24,34.04,133.3701429,8.252
2011-02-25,1235121.33,24,26.09,133.4921429,8.252
2011-03-04,1346994.53,24,31.36,133.6141429,8.252
2011-03-11,1253218.7,24,39.51,133.7361429,8.252
2011-03-18,1168397.26,24,43.39,133.8492258,8.252
2011-03-25,1158693.12,24,36.88,133.9587419,8.252
2011-04-01,1163803.3,24,35.73,134.0682581,8.212
2011-04-08,1273670.32,24,44.7,134.1777742,8.212
2011-04-15,1245576.65,24,52.36,134.2784667,8.212
2011-04-22,1372484.9,24,46.0,134.3571,8.212
2011-04-29,1197761.17,24,60.48,134.4357333,8.212
2011-05-06,1339630.35,24,55.75,134.5143667,8.212
2011-05-13,1311950.16,24,58.49,134.593,8.212
2011-05-20,1234281.7,24,59.84,134.6803871,8.212
2011-05-27,1311153.72,24,65.74,134.7677742,8.212
2011-06-03,1554837.62,24,73.12,134.8551613,8.212
2011-06-10,1373841.91,24,70.02,134.9425484,8.212
2011-06-17,1320359.23,24,64.34,135.0837333,8.212
2011-06-24,1304850.67,24,68.88,135.2652667,8.212
2011-07-01,1445596.61,24,70.27,135.4468,8.358
2011-07-08,1567340.07,24,72.56,135.6283333,8.358
2011-07-15,1356938.95,24,74.43,135.7837419,8.358
2011-07-22,1357672.24,24,79.29,135.8738387,8.358
2011-07-29,1310973.06,24,74.84,135.9639355,8.358
2011-08-05,1417616.81,24,74.64,136.0540323,8.358
2011-08-12,1402818.01,24,72.52,136.144129,8.358
2011-08-19,1352039.88,24,69.93,136.183129,8.358
2011-08-26,1402372.09,24,69.94,136.2136129,8.358
2011-09-02,1196105.44,24,68.14,136.2440968,8.358
2011-09-09,1527455.19,24,68.32,136.2745806,8.358
2011-09-16,1227535.97,24,65.56,136.3145,8.358
2011-09-23,1232376.49,24,60.61,136.367,8.358
2011-09-30,1246242.61,24,68.0,136.4195,8.358
2011-10-07,1405914.39,24,53.87,136.472,8.454
2011-10-14,1333315.03,24,60.21,136.5150968,8.454
2011-10-21,1283563.43,24,56.6,136.5017742,8.454
2011-10-28,1307142.75,24,48.0,136.4884516,8.454
2011-11-04,1385860.38,24,39.87,136.475129,8.454
2011-11-11,1425078.59,24,46.78,136.4618065,8.454
2011-11-18,1297535.69,24,48.17,136.4666667,8.454
2011-11-25,1761235.67,24,41.83,136.4788,8.454
2011-12-02,1335647.1,24,47.21,136.4909333,8.454
2011-12-09,1529615.54,24,42.3,136.5030667,8.454
2011-12-16,1624994.43,24,36.0,136.5335161,8.454
2011-12-23,2168344.23,24,36.93,136.5883871,8.454
2011-12-30,1363973.16,24,33.45,136.6432581,8.454
2012-01-06,1251581.89,24,32.86,136.698129,8.659
2012-01-13,1155594.2,24,36.5,136.753,8.659
2012-01-20,1151993.85,24,25.73,136.8564194,8.659
2012-01-27,1057290.41,24,31.92,136.9598387,8.659
2012-02-03,1249696.97,24,38.61,137.0632581,8.659
2012-02-10,1403460.87,24,33.82,137.1666774,8.659
2012-02-17,1326370.08,24,33.92,137.2583103,8.659
2012-02-24,1303233.15,24,37.35,137.3411034,8.659
2012-03-02,1213994.39,24,35.36,137.4238966,8.659
2012-03-09,1325835.7,24,41.5,137.5066897,8.659
2012-03-16,1239299.12,24,48.68,137.5843871,8.659
2012-03-23,1221723.94,24,59.51,137.6552903,8.659
2012-03-30,1230106.13,24,47.28,137.7261935,8.659
2012-04-06,1524734.29,24,45.25,137.7970968,8.983
2012-04-13,1285783.87,24,48.65,137.868,8.983
2012-04-20,1208654.4,24,61.05,137.9230667,8.983
2012-04-27,1194334.65,24,49.26,137.9781333,8.983
2012-05-04,1306551.71,24,52.14,138.0332,8.983
2012-05-11,1355391.79,24,58.7,138.0882667,8.983
2012-05-18,1298809.8,24,63.1,138.1065806,8.983
2012-05-25,1407897.57,24,65.79,138.1101935,8.983
2012-06-01,1467722.19,24,71.79,138.1138065,8.983
2012-06-08,1406313.13,24,59.93,138.1174194,8.983
2012-06-15,1364445.98,24,68.28,138.1295333,8.983
2012-06-22,1434709.63,24,72.29,138.1629,8.983
2012-06-29,1428869.9,24,70.4,138.1962667,8.983
2012-07-06,1645097.75,24,77.18,138.2296333,8.953
2012-07-13,1405475.78,24,75.36,138.263,8.953
2012-07-20,1394299.0,24,76.42,138.2331935,8.953
2012-07-27,1307339.14,24,73.62,138.2033871,8.953
2012-08-03,1440374.13,24,73.26,138.1735806,8.953
2012-08-10,1497054.81,24,75.53,138.1437742,8.953
2012-08-17,1397970.54,24,72.87,138.1857097,8.953
2012-08-24,1303726.54,24,68.13,138.2814516,8.953
2012-08-31,1344558.92,24,71.18,138.3771935,8.953
2012-09-07,1477134.75,24,72.81,138.4729355,8.953
2012-09-14,1242909.53,24,64.28,138.5673,8.953
2012-09-21,1261158.47,24,61.25,138.6534,8.953
2012-09-28,1259278.36,24,58.86,138.7395,8.953
2012-10-05,1416720.54,24,60.35,138.8256,8.693
2012-10-12,1416301.17,24,51.64,138.9117,8.693
2012-10-19,1255414.84,24,52.59,138.8336129,8.693
2012-10-26,1307182.29,24,55.16,138.7281613,8.693
2010-02-05,677231.63,25,21.1,204.2471935,8.187
2010-02-12,583364.02,25,19.64,204.3857472,8.187
2010-02-19,676260.67,25,24.16,204.4321004,8.187
2010-02-26,628516.57,25,29.16,204.4630869,8.187
2010-03-05,665750.06,25,29.45,204.4940734,8.187
2010-03-12,660619.99,25,40.05,204.5250598,8.187
2010-03-19,659795.84,25,45.0,204.3782258,8.187
2010-03-26,696687.6,25,45.84,204.201755,8.187
2010-04-02,822486.37,25,47.2,204.0252842,7.856
2010-04-09,712647.97,25,61.36,203.8488134,7.856
2010-04-16,715311.6,25,52.16,203.7307486,7.856
2010-04-23,694531.72,25,46.12,203.6905586,7.856
2010-04-30,706924.02,25,50.97,203.6503685,7.856
2010-05-07,724468.97,25,63.67,203.6101784,7.856
2010-05-14,698073.95,25,50.27,203.6133915,7.856
2010-05-21,704113.22,25,57.17,203.8770235,7.856
2010-05-28,792442.54,25,69.31,204.1406556,7.856
2010-06-04,764155.44,25,69.22,204.4042877,7.856
2010-06-11,737163.2,25,63.68,204.6679198,7.856
2010-06-18,780444.94,25,69.56,204.670036,7.856
2010-06-25,737569.14,25,72.17,204.5675459,7.856
2010-07-02,759407.87,25,66.42,204.4650559,7.527
2010-07-09,719591.13,25,75.24,204.3625658,7.527
2010-07-16,726997.84,25,73.43,204.3571656,7.527
2010-07-23,665290.93,25,75.37,204.4812188,7.527
2010-07-30,682124.34,25,71.99,204.605272,7.527
2010-08-06,699464.43,25,71.79,204.7293252,7.527
2010-08-13,686072.39,25,72.73,204.8533784,7.527
2010-08-20,724499.81,25,71.81,204.8217044,7.527
2010-08-27,711461.95,25,67.15,204.7900305,7.527
2010-09-03,685700.08,25,71.17,204.7583566,7.527
2010-09-10,655811.95,25,61.14,204.7266827,7.527
2010-09-17,628989.88,25,60.13,204.7513279,7.527
2010-09-24,607819.33,25,65.06,204.8182126,7.527
2010-10-01,658640.14,25,57.56,204.8850973,7.484
2010-10-08,674283.86,25,48.46,204.951982,7.484
2010-10-15,616094.72,25,54.09,205.0137637,7.484
2010-10-22,661644.19,25,46.73,205.0627881,7.484
2010-10-29,674458.03,25,55.72,205.1118126,7.484
2010-11-05,696314.53,25,38.8,205.160837,7.484
2010-11-12,713250.08,25,40.68,205.2098614,7.484
2010-11-19,718056.73,25,42.72,205.0992811,7.484
2010-11-26,1115240.61,25,43.43,204.9621,7.484
2010-12-03,885572.96,25,32.41,204.8249189,7.484
2010-12-10,964729.18,25,22.65,204.6877378,7.484
2010-12-17,1047707.59,25,21.6,204.6321194,7.484
2010-12-24,1295391.19,25,22.94,204.6376731,7.484
2010-12-31,623092.54,25,25.89,204.6432267,7.484
2011-01-07,558794.63,25,29.0,204.6487803,7.343
2011-01-14,572360.83,25,18.3,204.7026042,7.343
2011-01-21,568093.57,25,23.21,205.0460497,7.343
2011-01-28,600448.69,25,18.92,205.3894952,7.343
2011-02-04,639830.45,25,23.94,205.7329407,7.343
2011-02-11,615666.78,25,21.18,206.0763862,7.343
2011-02-18,634637.03,25,38.42,206.3694701,7.343
2011-02-25,570816.34,25,28.36,206.6424093,7.343
2011-03-04,640912.18,25,31.59,206.9153485,7.343
2011-03-11,599828.39,25,36.73,207.1882876,7.343
2011-03-18,603393.64,25,40.94,207.4283845,7.343
2011-03-25,616324.24,25,38.51,207.6553444,7.343
2011-04-01,618377.79,25,28.5,207.8823043,7.287
2011-04-08,648606.13,25,42.11,208.1092642,7.287
2011-04-15,674562.45,25,51.43,208.3172811,7.287
2011-04-22,756588.42,25,45.87,208.4779405,7.287
2011-04-29,649245.0,25,58.43,208.6386,7.287
2011-05-06,659446.55,25,49.5,208.7992595,7.287
2011-05-13,684783.15,25,60.1,208.9599189,7.287
2011-05-20,677971.33,25,56.56,208.7583165,7.287
2011-05-27,718373.94,25,67.18,208.556714,7.287
2011-06-03,737551.74,25,70.69,208.3551116,7.287
2011-06-10,740259.63,25,71.45,208.1535092,7.287
2011-06-17,717373.43,25,63.58,208.1265604,7.287
2011-06-24,699270.1,25,70.71,208.2306018,7.287
2011-07-01,706206.86,25,66.61,208.3346432,7.274
2011-07-08,698529.64,25,71.64,208.4386847,7.274
2011-07-15,680510.23,25,72.67,208.5309337,7.274
2011-07-22,670854.96,25,78.1,208.5937018,7.274
2011-07-29,668390.82,25,74.72,208.6564699,7.274
2011-08-05,679706.01,25,74.0,208.719238,7.274
2011-08-12,667130.48,25,70.93,208.7820061,7.274
2011-08-19,688958.75,25,68.09,208.8424359,7.274
2011-08-26,726422.55,25,66.8,208.902476,7.274
2011-09-02,699779.0,25,67.2,208.9625161,7.274
2011-09-09,673248.48,25,67.51,209.0225562,7.274
2011-09-16,628720.46,25,62.05,209.1893892,7.274
2011-09-23,620885.93,25,60.28,209.4986126,7.274
2011-09-30,639160.24,25,60.7,209.807836,7.274
2011-10-07,671522.87,25,50.82,210.1170595,7.082
2011-10-14,646915.47,25,58.95,210.4027602,7.082
2011-10-21,690675.5,25,50.22,210.5473252,7.082
2011-10-28,724443.97,25,46.28,210.6918901,7.082
2011-11-04,718393.61,25,40.88,210.8364551,7.082
2011-11-11,719235.07,25,44.81,210.9810201,7.082
2011-11-18,728525.6,25,46.41,211.1847207,7.082
2011-11-25,1116211.39,25,43.49,211.4120757,7.082
2011-12-02,878314.57,25,42.85,211.6394306,7.082
2011-12-09,916446.02,25,38.69,211.8667856,7.082
2011-12-16,997502.47,25,33.09,212.0685039,7.082
2011-12-23,1290532.97,25,36.56,212.2360401,7.082
2011-12-30,683665.37,25,32.42,212.4035763,7.082
2012-01-06,636419.12,25,30.23,212.5711125,6.961
2012-01-13,614764.31,25,34.6,212.7386486,6.961
2012-01-20,594744.89,25,23.87,212.8336399,6.961
2012-01-27,589554.29,25,32.24,212.9286312,6.961
2012-02-03,642776.4,25,34.98,213.0236225,6.961
2012-02-10,658984.38,25,32.47,213.1186138,6.961
2012-02-17,654088.02,25,32.23,213.2732106,6.961
2012-02-24,613501.05,25,35.51,213.4725116,6.961
2012-03-02,643155.89,25,36.01,213.6718127,6.961
2012-03-09,643711.53,25,37.44,213.8711137,6.961
2012-03-16,638204.27,25,50.64,214.0167132,6.961
2012-03-23,672831.78,25,62.7,214.0907105,6.961
2012-03-30,684348.92,25,47.92,214.1647079,6.961
2012-04-06,791356.9,25,44.73,214.2387053,7.139
2012-04-13,658691.56,25,42.46,214.3127027,7.139
2012-04-20,661566.48,25,57.1,214.3675045,7.139
2012-04-27,655157.32,25,44.2,214.4223063,7.139
2012-05-04,696421.72,25,58.76,214.4771081,7.139
2012-05-11,739866.16,25,59.21,214.5319099,7.139
2012-05-18,717207.19,25,58.21,214.5485571,7.139
2012-05-25,783371.02,25,67.69,214.5499425,7.139
2012-06-01,694765.95,25,69.54,214.5513278,7.139
2012-06-08,730254.19,25,58.48,214.5527132,7.139
2012-06-15,753860.89,25,68.34,214.5653243,7.139
2012-06-22,721601.9,25,73.52,214.606,7.139
2012-06-29,718890.81,25,69.84,214.6466757,7.139
2012-07-06,753385.55,25,75.52,214.6873514,7.28
2012-07-13,714093.95,25,73.87,214.728027,7.28
2012-07-20,685676.58,25,74.32,214.7331351,7.28
2012-07-27,659109.53,25,72.98,214.7382432,7.28
2012-08-03,709724.6,25,72.08,214.7433514,7.28
2012-08-10,710496.97,25,71.93,214.7484595,7.28
2012-08-17,728467.72,25,66.99,214.825578,7.28
2012-08-24,756527.64,25,64.53,214.9567044,7.28
2012-08-31,714828.73,25,68.55,215.0878309,7.28
2012-09-07,671482.9,25,72.79,215.2189573,7.28
2012-09-14,657241.63,25,60.9,215.3583757,7.28
2012-09-21,664745.2,25,57.6,215.5475459,7.28
2012-09-28,683300.84,25,54.52,215.7367162,7.28
2012-10-05,699536.73,25,57.58,215.9258865,7.293
2012-10-12,697317.41,25,43.74,216.1150568,7.293
2012-10-19,685531.85,25,51.93,216.1464699,7.293
2012-10-26,688940.94,25,56.69,216.1515902,7.293
2010-02-05,1034119.21,26,9.55,131.5279032,8.488
2010-02-12,1015684.09,26,18.14,131.5866129,8.488
2010-02-19,999348.55,26,22.62,131.637,8.488
2010-02-26,855385.01,26,27.32,131.686,8.488
2010-03-05,1005669.58,26,28.6,131.735,8.488
2010-03-12,963382.09,26,31.1,131.784,8.488
2010-03-19,903366.55,26,35.34,131.8242903,8.488
2010-03-26,893613.0,26,35.26,131.863129,8.488
2010-04-02,1029849.2,26,36.53,131.9019677,8.512
2010-04-09,1022293.81,26,50.13,131.9408065,8.512
2010-04-16,905548.38,26,36.6,131.9809,8.512
2010-04-23,881930.87,26,39.68,132.0226667,8.512
2010-04-30,904503.85,26,40.56,132.0644333,8.512
2010-05-07,1074479.73,26,54.72,132.1062,8.512
2010-05-14,972663.59,26,39.08,132.152129,8.512
2010-05-21,986765.01,26,50.81,132.2230323,8.512
2010-05-28,1069851.59,26,61.65,132.2939355,8.512
2010-06-04,1003202.66,26,58.46,132.3648387,8.512
2010-06-11,1073862.59,26,51.62,132.4357419,8.512
2010-06-18,1001286.67,26,53.62,132.4733333,8.512
2010-06-25,976242.09,26,63.78,132.4976,8.512
2010-07-02,1078455.48,26,58.9,132.5218667,8.445
2010-07-09,1122356.53,26,71.08,132.5461333,8.445
2010-07-16,1028151.72,26,67.66,132.5667742,8.445
2010-07-23,971615.62,26,65.4,132.5825806,8.445
2010-07-30,1005324.28,26,63.79,132.5983871,8.445
2010-08-06,1125329.77,26,62.93,132.6141935,8.445
2010-08-13,1011938.29,26,61.58,132.63,8.445
2010-08-20,1007385.36,26,62.68,132.6616129,8.445
2010-08-27,977322.52,26,57.23,132.6932258,8.445
2010-09-03,1037549.71,26,66.93,132.7248387,8.445
2010-09-10,1042226.3,26,54.82,132.7564516,8.445
2010-09-17,923473.7,26,50.08,132.7670667,8.445
2010-09-24,868636.3,26,52.47,132.7619333,8.445
2010-10-01,923221.52,26,57.8,132.7568,8.149
2010-10-08,1001069.52,26,46.81,132.7516667,8.149
2010-10-15,937956.89,26,39.93,132.7633548,8.149
2010-10-22,916522.66,26,36.13,132.8170968,8.149
2010-10-29,895069.88,26,40.3,132.8708387,8.149
2010-11-05,970224.51,26,30.51,132.9245806,8.149
2010-11-12,971193.01,26,37.51,132.9783226,8.149
2010-11-19,901972.7,26,36.73,132.9172,8.149
2010-11-26,1286833.62,26,28.11,132.8369333,8.149
2010-12-03,1016143.64,26,27.73,132.7566667,8.149
2010-12-10,1149612.04,26,16.6,132.6764,8.149
2010-12-17,1196813.33,26,20.61,132.6804516,8.149
2010-12-24,1573982.47,26,21.81,132.7477419,8.149
2010-12-31,877268.29,26,18.73,132.8150323,8.149
2011-01-07,938149.21,26,21.13,132.8823226,7.907
2011-01-14,812323.29,26,16.7,132.9510645,7.907
2011-01-21,809833.21,26,12.98,133.0285161,7.907
2011-01-28,817485.14,26,6.240000000000002,133.1059677,7.907
2011-02-04,911807.02,26,11.17,133.1834194,7.907
2011-02-11,1010711.08,26,15.12,133.260871,7.907
2011-02-18,981978.02,26,19.63,133.3701429,7.907
2011-02-25,910298.44,26,16.3,133.4921429,7.907
2011-03-04,945643.17,26,14.31,133.6141429,7.907
2011-03-11,946614.55,26,28.13,133.7361429,7.907
2011-03-18,887426.12,26,31.76,133.8492258,7.907
2011-03-25,866566.54,26,22.99,133.9587419,7.907
2011-04-01,849231.61,26,22.99,134.0682581,7.818
2011-04-08,985229.81,26,29.09,134.1777742,7.818
2011-04-15,863266.12,26,39.46,134.2784667,7.818
2011-04-22,921700.61,26,33.81,134.3571,7.818
2011-04-29,873450.29,26,47.17,134.4357333,7.818
2011-05-06,1024778.23,26,45.0,134.5143667,7.818
2011-05-13,941008.85,26,48.2,134.593,7.818
2011-05-20,938334.62,26,48.86,134.6803871,7.818
2011-05-27,996723.58,26,56.74,134.7677742,7.818
2011-06-03,1054454.4,26,60.49,134.8551613,7.818
2011-06-10,1094058.68,26,59.85,134.9425484,7.818
2011-06-17,981646.46,26,54.5,135.0837333,7.818
2011-06-24,997474.93,26,56.94,135.2652667,7.818
2011-07-01,1070119.09,26,59.89,135.4468,7.767
2011-07-08,1133807.03,26,63.34,135.6283333,7.767
2011-07-15,1021534.7,26,64.43,135.7837419,7.767
2011-07-22,1017867.8,26,69.52,135.8738387,7.767
2011-07-29,1005360.5,26,63.32,135.9639355,7.767
2011-08-05,1107552.43,26,63.16,136.0540323,7.767
2011-08-12,1087644.5,26,62.99,136.144129,7.767
2011-08-19,1021766.75,26,60.58,136.183129,7.767
2011-08-26,1064617.62,26,61.1,136.2136129,7.767
2011-09-02,1040143.14,26,59.67,136.2440968,7.767
2011-09-09,1069710.97,26,60.98,136.2745806,7.767
2011-09-16,951569.84,26,55.19,136.3145,7.767
2011-09-23,923644.6,26,50.72,136.367,7.767
2011-09-30,959339.51,26,59.42,136.4195,7.767
2011-10-07,1130022.99,26,46.84,136.472,7.598
2011-10-14,987886.08,26,53.91,136.5150968,7.598
2011-10-21,974907.28,26,45.23,136.5017742,7.598
2011-10-28,972256.98,26,35.06,136.4884516,7.598
2011-11-04,988950.75,26,31.7,136.475129,7.598
2011-11-11,1077640.13,26,40.08,136.4618065,7.598
2011-11-18,946091.79,26,37.78,136.4666667,7.598
2011-11-25,1282320.05,26,31.07,136.4788,7.598
2011-12-02,1012498.49,26,36.74,136.4909333,7.598
2011-12-09,1148987.46,26,34.24,136.5030667,7.598
2011-12-16,1204807.83,26,28.24,136.5335161,7.598
2011-12-23,1515175.01,26,22.53,136.5883871,7.598
2011-12-30,972834.42,26,18.8,136.6432581,7.598
2012-01-06,971557.62,26,22.94,136.698129,7.467
2012-01-13,836305.65,26,25.55,136.753,7.467
2012-01-20,838751.5,26,15.22,136.8564194,7.467
2012-01-27,820059.89,26,24.16,136.9598387,7.467
2012-02-03,939158.25,26,25.24,137.0632581,7.467
2012-02-10,1081005.64,26,23.89,137.1666774,7.467
2012-02-17,965788.76,26,23.9,137.2583103,7.467
2012-02-24,917924.47,26,28.06,137.3411034,7.467
2012-03-02,955641.74,26,22.49,137.4238966,7.467
2012-03-09,1028569.01,26,29.03,137.5066897,7.467
2012-03-16,919503.4,26,35.06,137.5843871,7.467
2012-03-23,874790.68,26,49.97,137.6552903,7.467
2012-03-30,922018.43,26,33.33,137.7261935,7.467
2012-04-06,1116829.23,26,33.35,137.7970968,7.489
2012-04-13,889670.29,26,36.9,137.868,7.489
2012-04-20,923600.02,26,50.81,137.9230667,7.489
2012-04-27,911969.0,26,43.6,137.9781333,7.489
2012-05-04,946573.29,26,40.29,138.0332,7.489
2012-05-11,1062548.73,26,47.11,138.0882667,7.489
2012-05-18,978082.84,26,52.55,138.1065806,7.489
2012-05-25,1067310.74,26,58.2,138.1101935,7.489
2012-06-01,1015853.03,26,58.51,138.1138065,7.489
2012-06-08,1106176.83,26,49.43,138.1174194,7.489
2012-06-15,1029248.22,26,57.84,138.1295333,7.489
2012-06-22,1056282.91,26,63.04,138.1629,7.489
2012-06-29,1051190.44,26,60.71,138.1962667,7.489
2012-07-06,1180470.8,26,64.94,138.2296333,7.405
2012-07-13,1063149.78,26,64.47,138.263,7.405
2012-07-20,1049625.9,26,66.75,138.2331935,7.405
2012-07-27,1031745.14,26,64.12,138.2033871,7.405
2012-08-03,1090915.09,26,65.6,138.1735806,7.405
2012-08-10,1121476.51,26,67.01,138.1437742,7.405
2012-08-17,1068292.56,26,65.54,138.1857097,7.405
2012-08-24,1022704.2,26,62.08,138.2814516,7.405
2012-08-31,1053495.51,26,63.69,138.3771935,7.405
2012-09-07,1081874.03,26,61.58,138.4729355,7.405
2012-09-14,986131.94,26,57.69,138.5673,7.405
2012-09-21,961084.08,26,52.68,138.6534,7.405
2012-09-28,964726.37,26,50.66,138.7395,7.405
2012-10-05,1095504.26,26,54.07,138.8256,7.138
2012-10-12,1044639.69,26,45.19,138.9117,7.138
2012-10-19,975578.02,26,43.51,138.8336129,7.138
2012-10-26,958619.8,26,46.95,138.7281613,7.138
2010-02-05,1874289.79,27,27.19,135.3524608,8.237
2010-02-12,1745362.72,27,29.81,135.4113076,8.237
2010-02-19,1945070.33,27,32.44,135.4657781,8.237
2010-02-26,1390934.27,27,36.0,135.5195191,8.237
2010-03-05,1313729.72,27,38.07,135.5732602,8.237
2010-03-12,1925113.12,27,45.98,135.6270013,8.237
2010-03-19,1700627.97,27,49.04,135.6682247,8.237
2010-03-26,1836714.84,27,52.34,135.7073618,8.237
2010-04-02,2053952.97,27,46.9,135.7464988,8.058
2010-04-09,1955814.13,27,62.62,135.7856359,8.058
2010-04-16,1857500.96,27,54.95,135.82725,8.058
2010-04-23,1850205.47,27,53.91,135.8721667,8.058
2010-04-30,1805885.04,27,53.55,135.9170833,8.058
2010-05-07,1939458.84,27,69.02,135.962,8.058
2010-05-14,1842465.78,27,53.82,136.010394,8.058
2010-05-21,1836595.58,27,63.31,136.0796521,8.058
2010-05-28,1962468.67,27,67.88,136.1489101,8.058
2010-06-04,2073102.59,27,74.29,136.2181682,8.058
2010-06-11,1873812.93,27,68.9,136.2874263,8.058
2010-06-18,1887182.27,27,70.0,136.3243393,8.058
2010-06-25,1962625.01,27,78.02,136.3483143,8.058
2010-07-02,2024554.1,27,76.25,136.3722893,7.982
2010-07-09,2119163.01,27,82.69,136.3962643,7.982
2010-07-16,1880691.64,27,78.26,136.4179827,7.982
2010-07-23,1808250.71,27,81.56,136.4366924,7.982
2010-07-30,1816489.53,27,79.78,136.4554021,7.982
2010-08-06,1908036.68,27,77.45,136.4741118,7.982
2010-08-13,1864436.12,27,77.36,136.4928214,7.982
2010-08-20,1936878.46,27,75.16,136.5249182,7.982
2010-08-27,1870684.21,27,70.31,136.557015,7.982
2010-09-03,1908110.9,27,78.52,136.5891118,7.982
2010-09-10,1913494.81,27,70.38,136.6212085,7.982
2010-09-17,1629978.46,27,64.5,136.6338071,7.982
2010-09-24,1597002.71,27,67.08,136.6317821,7.982
2010-10-01,1543532.83,27,70.19,136.6297571,8.021
2010-10-08,1707662.87,27,57.78,136.6277321,8.021
2010-10-15,1728388.2,27,58.38,136.6401935,8.021
2010-10-22,1693935.29,27,52.82,136.688871,8.021
2010-10-29,1688955.49,27,61.02,136.7375484,8.021
2010-11-05,1686010.02,27,45.91,136.7862258,8.021
2010-11-12,1828010.25,27,45.9,136.8349032,8.021
2010-11-19,1704785.74,27,50.81,136.7715714,8.021
2010-11-26,2627910.75,27,46.67,136.6895714,8.021
2010-12-03,1884343.67,27,41.81,136.6075714,8.021
2010-12-10,2139733.68,27,30.83,136.5255714,8.021
2010-12-17,2350098.36,27,31.62,136.5292811,8.021
2010-12-24,2720371.4924999997,27,31.34,136.597273,8.021
2010-12-31,1440963.0,27,29.59,136.665265,8.021
2011-01-07,1568159.48,27,34.42,136.7332569,7.827
2011-01-14,1532308.62,27,25.7,136.803477,7.827
2011-01-21,1517029.9,27,30.13,136.8870657,7.827
2011-01-28,1421111.55,27,23.64,136.9706544,7.827
2011-02-04,1628100.79,27,28.7,137.0542431,7.827
2011-02-11,1636224.77,27,30.45,137.1378318,7.827
2011-02-18,1709365.19,27,39.32,137.2511849,7.827
2011-02-25,1688935.71,27,33.05,137.3764439,7.827
2011-03-04,1656130.67,27,36.99,137.5017028,7.827
2011-03-11,1613259.77,27,43.64,137.6269617,7.827
2011-03-18,1624539.21,27,46.65,137.7398929,7.827
2011-03-25,1554651.08,27,40.11,137.8478929,7.827
2011-04-01,1628868.28,27,37.27,137.9558929,7.725
2011-04-08,1689844.18,27,46.87,138.0638929,7.725
2011-04-15,1727175.61,27,52.24,138.1646952,7.725
2011-04-22,1921655.48,27,50.02,138.2475036,7.725
2011-04-29,1642074.64,27,61.71,138.3303119,7.725
2011-05-06,1757041.96,27,56.48,138.4131202,7.725
2011-05-13,1763545.32,27,60.07,138.4959286,7.725
2011-05-20,1725268.56,27,60.22,138.587106,7.725
2011-05-27,1820723.17,27,66.43,138.6782834,7.725
2011-06-03,2053708.01,27,74.17,138.7694608,7.725
2011-06-10,1817914.71,27,73.26,138.8606382,7.725
2011-06-17,1814740.09,27,67.03,139.0028333,7.725
2011-06-24,1811455.15,27,72.02,139.1832917,7.725
2011-07-01,1949983.93,27,73.76,139.36375,7.85
2011-07-08,2000055.27,27,76.87,139.5442083,7.85
2011-07-15,1762155.79,27,77.83,139.7006325,7.85
2011-07-22,1754879.45,27,82.28,139.7969712,7.85
2011-07-29,1744879.06,27,79.41,139.8933099,7.85
2011-08-05,1747289.53,27,78.14,139.9896486,7.85
2011-08-12,1758437.96,27,76.67,140.0859873,7.85
2011-08-19,1781905.24,27,72.97,140.1289205,7.85
2011-08-26,2034400.78,27,72.88,140.1629528,7.85
2011-09-02,1511717.53,27,71.44,140.196985,7.85
2011-09-09,1911470.84,27,70.93,140.2310173,7.85
2011-09-16,1613773.9,27,69.65,140.2735,7.85
2011-09-23,1606208.68,27,63.61,140.32725,7.85
2011-09-30,1599626.26,27,70.92,140.381,7.85
2011-10-07,1672339.27,27,56.91,140.43475,7.906
2011-10-14,1682652.51,27,64.78,140.4784194,7.906
2011-10-21,1689591.44,27,59.62,140.4616048,7.906
2011-10-28,1710372.4,27,51.81,140.4447903,7.906
2011-11-04,1621109.3,27,44.46,140.4279758,7.906
2011-11-11,1800728.07,27,49.69,140.4111613,7.906
2011-11-18,1723739.44,27,51.42,140.4127857,7.906
2011-11-25,2504400.71,27,47.88,140.4217857,7.906
2011-12-02,1806924.74,27,50.55,140.4307857,7.906
2011-12-09,2014665.98,27,46.28,140.4397857,7.906
2011-12-16,2205919.86,27,40.68,140.4700795,7.906
2011-12-23,2720371.4924999997,27,41.59,140.528765,7.906
2011-12-30,1650604.6,27,37.85,140.5874505,7.906
2012-01-06,1535287.4,27,35.8,140.6461359,8.009
2012-01-13,1492399.13,27,41.3,140.7048214,8.009
2012-01-20,1542131.05,27,30.35,140.8086118,8.009
2012-01-27,1263534.86,27,36.96,140.9124021,8.009
2012-02-03,1564246.02,27,42.52,141.0161924,8.009
2012-02-10,1651605.35,27,37.86,141.1199827,8.009
2012-02-17,1606221.56,27,37.24,141.2140357,8.009
2012-02-24,1648602.39,27,41.74,141.3007857,8.009
2012-03-02,1509323.09,27,40.07,141.3875357,8.009
2012-03-09,1607343.41,27,44.32,141.4742857,8.009
2012-03-16,1635984.07,27,49.6,141.55478,8.009
2012-03-23,1620839.34,27,57.3,141.6269332,8.009
2012-03-30,1615494.14,27,49.4,141.6990864,8.009
2012-04-06,1899013.34,27,48.73,141.7712396,8.253
2012-04-13,1650405.21,27,52.22,141.8433929,8.253
2012-04-20,1639999.47,27,62.62,141.9015262,8.253
2012-04-27,1565498.84,27,52.33,141.9596595,8.253
2012-05-04,1669388.45,27,53.68,142.0177929,8.253
2012-05-11,1674306.31,27,58.97,142.0759262,8.253
2012-05-18,1707158.82,27,65.15,142.0970115,8.253
2012-05-25,1818906.73,27,64.77,142.1032776,8.253
2012-06-01,1900638.6,27,73.4,142.1095438,8.253
2012-06-08,1764756.31,27,64.05,142.1158099,8.253
2012-06-15,1773500.56,27,69.52,142.1292548,8.253
2012-06-22,1837884.79,27,73.23,142.1606464,8.253
2012-06-29,1842555.32,27,73.94,142.1920381,8.253
2012-07-06,2062224.92,27,82.08,142.2234298,8.239
2012-07-13,1755889.53,27,78.95,142.2548214,8.239
2012-07-20,1730913.66,27,78.64,142.2337569,8.239
2012-07-27,1625883.71,27,76.01,142.2126924,8.239
2012-08-03,1705810.84,27,75.22,142.1916279,8.239
2012-08-10,1720537.26,27,78.44,142.1705634,8.239
2012-08-17,1735339.59,27,76.51,142.2157385,8.239
2012-08-24,1780443.36,27,72.93,142.3105933,8.239
2012-08-31,1731935.43,27,75.0,142.4054482,8.239
2012-09-07,1840955.23,27,76.0,142.500303,8.239
2012-09-14,1519604.5,27,68.72,142.5938833,8.239
2012-09-21,1557485.75,27,66.1,142.6798167,8.239
2012-09-28,1540687.63,27,64.92,142.76575,8.239
2012-10-05,1591816.88,27,64.5,142.8516833,8.0
2012-10-12,1660081.29,27,55.4,142.9376167,8.0
2012-10-19,1620374.24,27,56.53,142.8633629,8.0
2012-10-26,1703047.74,27,58.99,142.7624113,8.0
2010-02-05,1672352.29,28,49.47,126.4420645,11.218499999999999
2010-02-12,1558968.49,28,47.87,126.4962581,11.218499999999999
2010-02-19,1491300.42,28,54.83,126.5262857,11.218499999999999
2010-02-26,1542173.33,28,50.23,126.5522857,11.218499999999999
2010-03-05,1608435.45,28,53.77,126.5782857,11.218499999999999
2010-03-12,1326877.11,28,50.11,126.6042857,11.218499999999999
2010-03-19,1279819.43,28,59.57,126.6066452,11.218499999999999
2010-03-26,1245268.77,28,60.06,126.6050645,11.218499999999999
2010-04-02,1441559.4,28,59.84,126.6034839,11.218499999999999
2010-04-09,1382359.21,28,59.25,126.6019032,11.218499999999999
2010-04-16,1268240.66,28,64.95,126.5621,11.218499999999999
2010-04-23,1244177.21,28,64.55,126.4713333,11.218499999999999
2010-04-30,1186971.02,28,67.38,126.3805667,11.218499999999999
2010-05-07,1532893.22,28,70.15,126.2898,11.218499999999999
2010-05-14,1245898.73,28,68.44,126.2085484,11.218499999999999
2010-05-21,1217923.71,28,76.2,126.1843871,11.218499999999999
2010-05-28,1176588.25,28,67.84,126.1602258,11.218499999999999
2010-06-04,1543678.02,28,81.39,126.1360645,11.218499999999999
2010-06-11,1348995.17,28,90.84,126.1119032,11.218499999999999
2010-06-18,1267619.06,28,81.06,126.114,11.218499999999999
2010-06-25,1231025.07,28,87.27,126.1266,11.218499999999999
2010-07-02,1399960.15,28,91.98,126.1392,11.218499999999999
2010-07-09,1340293.87,28,90.37,126.1518,11.218499999999999
2010-07-16,1225336.41,28,97.18,126.1498065,11.218499999999999
2010-07-23,1205884.98,28,99.22,126.1283548,11.218499999999999
2010-07-30,1150204.71,28,96.31,126.1069032,11.218499999999999
2010-08-06,1523101.38,28,92.95,126.0854516,11.218499999999999
2010-08-13,1218688.09,28,87.01,126.064,11.218499999999999
2010-08-20,1195897.6,28,92.81,126.0766452,11.218499999999999
2010-08-27,1191585.92,28,93.19,126.0892903,11.218499999999999
2010-09-03,1523410.71,28,83.12,126.1019355,11.218499999999999
2010-09-10,1246062.17,28,83.63,126.1145806,11.218499999999999
2010-09-17,1159812.35,28,82.45,126.1454667,11.218499999999999
2010-09-24,1111797.21,28,81.77,126.1900333,11.218499999999999
2010-10-01,1203080.41,28,85.2,126.2346,11.218499999999999
2010-10-08,1334571.87,28,71.82,126.2791667,11.218499999999999
2010-10-15,1158062.99,28,75.0,126.3266774,11.218499999999999
2010-10-22,1120619.32,28,68.85,126.3815484,11.218499999999999
2010-10-29,1231688.48,28,61.09,126.4364194,11.218499999999999
2010-11-05,1501663.26,28,65.49,126.4912903,11.218499999999999
2010-11-12,1266460.45,28,57.79,126.5461613,11.218499999999999
2010-11-19,1179315.72,28,58.18,126.6072,11.218499999999999
2010-11-26,1937033.5,28,47.66,126.6692667,11.218499999999999
2010-12-03,1447916.29,28,43.33,126.7313333,11.218499999999999
2010-12-10,1466164.49,28,50.01,126.7934,11.218499999999999
2010-12-17,1510443.62,28,52.77,126.8794839,11.218499999999999
2010-12-24,2026026.39,28,52.02,126.9835806,11.218499999999999
2010-12-31,1090558.57,28,45.64,127.0876774,11.218499999999999
2011-01-07,1402902.47,28,37.64,127.1917742,11.218499999999999
2011-01-14,1098286.61,28,43.15,127.3009355,11.218499999999999
2011-01-21,1079669.11,28,53.53,127.4404839,11.218499999999999
2011-01-28,1127859.69,28,50.74,127.5800323,11.218499999999999
2011-02-04,1564897.32,28,45.14,127.7195806,11.218499999999999
2011-02-11,1397301.38,28,51.3,127.859129,11.218499999999999
2011-02-18,1514828.82,28,53.35,127.99525,11.218499999999999
2011-02-25,1311796.91,28,48.45,128.13,11.218499999999999
2011-03-04,1723736.91,28,51.72,128.26475,11.218499999999999
2011-03-11,1380836.35,28,57.75,128.3995,11.218499999999999
2011-03-18,1286413.71,28,64.21,128.5121935,11.218499999999999
2011-03-25,1201059.72,28,54.4,128.6160645,11.218499999999999
2011-04-01,1336838.41,28,63.63,128.7199355,11.218499999999999
2011-04-08,1414713.5,28,64.47,128.8238065,11.218499999999999
2011-04-15,1240126.07,28,57.63,128.9107333,11.218499999999999
2011-04-22,1297452.0,28,72.12,128.9553,11.218499999999999
2011-04-29,1222367.9,28,68.27,128.9998667,11.218499999999999
2011-05-06,1515890.38,28,68.4,129.0444333,11.218499999999999
2011-05-13,1253316.3,28,70.93,129.089,11.218499999999999
2011-05-20,1151282.31,28,66.59,129.0756774,11.218499999999999
2011-05-27,1160043.98,28,76.67,129.0623548,11.218499999999999
2011-06-03,1403779.25,28,71.81,129.0490323,11.218499999999999
2011-06-10,1339972.83,28,78.72,129.0357097,11.218499999999999
2011-06-17,1268503.49,28,86.84,129.0432,11.218499999999999
2011-06-24,1208809.34,28,88.95,129.0663,11.218499999999999
2011-07-01,1319054.57,28,89.85,129.0894,11.218499999999999
2011-07-08,1459655.85,28,89.9,129.1125,11.218499999999999
2011-07-15,1197373.13,28,88.1,129.1338387,11.218499999999999
2011-07-22,1165870.54,28,91.17,129.1507742,11.218499999999999
2011-07-29,1114530.29,28,93.29,129.1677097,11.218499999999999
2011-08-05,1523870.89,28,90.61,129.1846452,11.218499999999999
2011-08-12,1218764.94,28,91.04,129.2015806,11.218499999999999
2011-08-19,1200019.74,28,91.74,129.2405806,11.218499999999999
2011-08-26,1166479.51,28,94.61,129.2832581,11.218499999999999
2011-09-02,1468871.49,28,93.66,129.3259355,11.218499999999999
2011-09-09,1310087.0,28,88.0,129.3686129,11.218499999999999
2011-09-16,1159212.1,28,76.36,129.4306,11.218499999999999
2011-09-23,1109105.92,28,82.95,129.5183333,11.218499999999999
2011-09-30,1120731.76,28,83.26,129.6060667,11.218499999999999
2011-10-07,1557314.58,28,70.44,129.6938,11.218499999999999
2011-10-14,1220984.94,28,67.31,129.7706452,11.218499999999999
2011-10-21,1203172.05,28,73.05,129.7821613,11.218499999999999
2011-10-28,1242746.06,28,67.41,129.7936774,11.218499999999999
2011-11-04,1576654.67,28,59.77,129.8051935,11.218499999999999
2011-11-11,1402654.95,28,48.76,129.8167097,11.218499999999999
2011-11-18,1255081.22,28,54.2,129.8268333,11.218499999999999
2011-11-25,1929738.27,28,53.25,129.8364,11.218499999999999
2011-12-02,1368130.35,28,52.5,129.8459667,11.218499999999999
2011-12-09,1467024.3,28,42.17,129.8555333,11.218499999999999
2011-12-16,1429954.66,28,43.29,129.8980645,11.218499999999999
2011-12-23,1796203.51,28,45.4,129.9845484,11.218499999999999
2011-12-30,1270036.53,28,44.64,130.0710323,11.218499999999999
2012-01-06,1466046.07,28,50.43,130.1575161,11.218499999999999
2012-01-13,1161190.29,28,48.07,130.244,11.218499999999999
2012-01-20,1129540.48,28,46.2,130.2792258,11.218499999999999
2012-01-27,1132948.48,28,50.43,130.3144516,11.218499999999999
2012-02-03,1531599.44,28,50.58,130.3496774,11.218499999999999
2012-02-10,1572966.15,28,52.27,130.3849032,11.218499999999999
2012-02-17,1501503.68,28,51.8,130.4546207,11.218499999999999
2012-02-24,1323487.91,28,53.13,130.5502069,11.218499999999999
2012-03-02,1451740.57,28,52.27,130.6457931,11.218499999999999
2012-03-09,1680764.06,28,54.54,130.7413793,11.218499999999999
2012-03-16,1337875.49,28,64.44,130.8261935,11.218499999999999
2012-03-23,1216059.41,28,56.26,130.8966452,11.218499999999999
2012-03-30,1209524.11,28,64.36,130.9670968,11.218499999999999
2012-04-06,1559592.79,28,64.05,131.0375484,11.218499999999999
2012-04-13,1290684.95,28,64.28,131.108,11.218499999999999
2012-04-20,1180797.2,28,66.73,131.1173333,11.218499999999999
2012-04-27,1170456.16,28,77.99,131.1266667,11.218499999999999
2012-05-04,1450628.85,28,76.03,131.136,11.218499999999999
2012-05-11,1264575.18,28,77.27,131.1453333,11.218499999999999
2012-05-18,1213310.45,28,84.51,131.0983226,11.218499999999999
2012-05-25,1151214.41,28,83.84,131.0287742,11.218499999999999
2012-06-01,1245480.95,28,78.11,130.9592258,11.218499999999999
2012-06-08,1440687.69,28,84.83,130.8896774,11.218499999999999
2012-06-15,1229760.97,28,85.94,130.8295333,11.218499999999999
2012-06-22,1180671.55,28,91.61,130.7929,11.218499999999999
2012-06-29,1129031.98,28,90.47,130.7562667,11.218499999999999
2012-07-06,1500863.54,28,89.13,130.7196333,10.926
2012-07-13,1179915.04,28,95.61,130.683,10.926
2012-07-20,1149427.48,28,85.53,130.7012903,10.926
2012-07-27,1135035.09,28,93.47,130.7195806,10.926
2012-08-03,1376520.1,28,88.16,130.737871,10.926
2012-08-10,1269113.41,28,95.91,130.7561613,10.926
2012-08-17,1184198.41,28,94.87,130.7909677,10.926
2012-08-24,1199309.59,28,85.32,130.8381613,10.926
2012-08-31,1227118.75,28,89.78,130.8853548,10.926
2012-09-07,1469693.99,28,88.52,130.9325484,10.926
2012-09-14,1124660.77,28,83.64,130.9776667,10.926
2012-09-21,1135340.19,28,82.97,131.0103333,10.926
2012-09-28,1129508.61,28,81.22,131.043,10.926
2012-10-05,1462941.03,28,81.61,131.0756667,10.199
2012-10-12,1205536.71,28,71.74,131.1083333,10.199
2012-10-19,1143724.48,28,68.66,131.1499677,10.199
2012-10-26,1213860.61,28,65.95,131.1930968,10.199
2010-02-05,538634.46,29,24.36,131.5279032,10.064
2010-02-12,529672.95,29,28.14,131.5866129,10.064
2010-02-19,542399.07,29,31.96,131.637,10.064
2010-02-26,488417.61,29,35.98,131.686,10.064
2010-03-05,535087.91,29,36.82,131.735,10.064
2010-03-12,519042.49,29,43.43,131.784,10.064
2010-03-19,496851.6,29,46.03,131.8242903,10.064
2010-03-26,552985.34,29,48.56,131.863129,10.064
2010-04-02,599629.25,29,44.96,131.9019677,10.16
2010-04-09,569937.23,29,57.06,131.9408065,10.16
2010-04-16,509100.84,29,51.14,131.9809,10.16
2010-04-23,505329.66,29,51.04,132.0226667,10.16
2010-04-30,501013.47,29,50.96,132.0644333,10.16
2010-05-07,568497.35,29,63.81,132.1062,10.16
2010-05-14,518940.88,29,50.99,132.152129,10.16
2010-05-21,502021.82,29,59.99,132.2230323,10.16
2010-05-28,577627.66,29,65.64,132.2939355,10.16
2010-06-04,588017.66,29,69.49,132.3648387,10.16
2010-06-11,540716.58,29,65.01,132.4357419,10.16
2010-06-18,558731.74,29,67.13,132.4733333,10.16
2010-06-25,585548.79,29,74.37,132.4976,10.16
2010-07-02,581473.55,29,72.88,132.5218667,10.409
2010-07-09,563449.43,29,79.22,132.5461333,10.409
2010-07-16,512292.01,29,76.3,132.5667742,10.409
2010-07-23,506502.09,29,76.91,132.5825806,10.409
2010-07-30,509872.77,29,76.35,132.5983871,10.409
2010-08-06,519787.93,29,74.37,132.6141935,10.409
2010-08-13,495269.0,29,74.75,132.63,10.409
2010-08-20,531640.19,29,73.21,132.6616129,10.409
2010-08-27,545766.13,29,68.99,132.6932258,10.409
2010-09-03,579272.38,29,75.85,132.7248387,10.409
2010-09-10,491290.37,29,68.6,132.7564516,10.409
2010-09-17,463752.89,29,62.49,132.7670667,10.409
2010-09-24,465338.41,29,65.14,132.7619333,10.409
2010-10-01,474698.01,29,69.31,132.7568,10.524
2010-10-08,530059.06,29,56.32,132.7516667,10.524
2010-10-15,483011.69,29,55.23,132.7633548,10.524
2010-10-22,505221.17,29,50.24,132.8170968,10.524
2010-10-29,527058.59,29,57.73,132.8708387,10.524
2010-11-05,521002.97,29,44.34,132.9245806,10.524
2010-11-12,524450.7,29,44.42,132.9783226,10.524
2010-11-19,508174.55,29,48.62,132.9172,10.524
2010-11-26,975268.91,29,44.61,132.8369333,10.524
2010-12-03,642678.53,29,39.42,132.7566667,10.524
2010-12-10,713834.74,29,28.43,132.6764,10.524
2010-12-17,850538.25,29,30.46,132.6804516,10.524
2010-12-24,1130926.79,29,29.76,132.7477419,10.524
2010-12-31,465992.02,29,28.49,132.8150323,10.524
2011-01-07,455952.18,29,32.56,132.8823226,10.256
2011-01-14,426905.26,29,24.76,132.9510645,10.256
2011-01-21,445134.15,29,26.8,133.0285161,10.256
2011-01-28,410426.97,29,20.61,133.1059677,10.256
2011-02-04,504126.89,29,26.39,133.1834194,10.256
2011-02-11,550387.78,29,28.89,133.260871,10.256
2011-02-18,542529.21,29,35.34,133.3701429,10.256
2011-02-25,483660.15,29,30.23,133.4921429,10.256
2011-03-04,536031.67,29,33.52,133.6141429,10.256
2011-03-11,493430.45,29,41.42,133.7361429,10.256
2011-03-18,493653.43,29,43.38,133.8492258,10.256
2011-03-25,478773.05,29,38.77,133.9587419,10.256
2011-04-01,475615.26,29,36.04,134.0682581,9.966
2011-04-08,505304.33,29,44.42,134.1777742,9.966
2011-04-15,518245.97,29,48.88,134.2784667,9.966
2011-04-22,589252.69,29,47.76,134.3571,9.966
2011-04-29,493078.64,29,57.2,134.4357333,9.966
2011-05-06,534372.53,29,53.63,134.5143667,9.966
2011-05-13,549551.02,29,57.71,134.593,9.966
2011-05-20,492932.51,29,58.56,134.6803871,9.966
2011-05-27,550735.64,29,62.59,134.7677742,9.966
2011-06-03,598251.57,29,70.09,134.8551613,9.966
2011-06-10,558431.44,29,69.53,134.9425484,9.966
2011-06-17,536914.17,29,63.97,135.0837333,9.966
2011-06-24,545368.17,29,68.53,135.2652667,9.966
2011-07-01,567114.6,29,70.8,135.4468,9.863
2011-07-08,547586.07,29,74.22,135.6283333,9.863
2011-07-15,505246.15,29,75.2,135.7837419,9.863
2011-07-22,507335.75,29,77.79,135.8738387,9.863
2011-07-29,474653.06,29,75.32,135.9639355,9.863
2011-08-05,503486.37,29,75.33,136.0540323,9.863
2011-08-12,471311.5,29,74.69,136.144129,9.863
2011-08-19,498056.0,29,71.3,136.183129,9.863
2011-08-26,608294.98,29,72.22,136.2136129,9.863
2011-09-02,497085.91,29,69.16,136.2440968,9.863
2011-09-09,505406.72,29,69.14,136.2745806,9.863
2011-09-16,474129.35,29,68.08,136.3145,9.863
2011-09-23,475696.37,29,62.36,136.367,9.863
2011-09-30,446516.26,29,69.78,136.4195,9.863
2011-10-07,514993.0,29,56.44,136.472,9.357
2011-10-14,475776.45,29,62.63,136.5150968,9.357
2011-10-21,505068.22,29,59.3,136.5017742,9.357
2011-10-28,515119.64,29,49.31,136.4884516,9.357
2011-11-04,620735.72,29,42.81,136.475129,9.357
2011-11-11,531600.62,29,47.8,136.4618065,9.357
2011-11-18,504601.29,29,50.62,136.4666667,9.357
2011-11-25,913165.19,29,46.28,136.4788,9.357
2011-12-02,579874.22,29,49.11,136.4909333,9.357
2011-12-09,633240.53,29,45.35,136.5030667,9.357
2011-12-16,736805.66,29,39.11,136.5335161,9.357
2011-12-23,1016637.39,29,39.83,136.5883871,9.357
2011-12-30,551743.05,29,36.28,136.6432581,9.357
2012-01-06,469773.85,29,34.61,136.698129,8.988
2012-01-13,444756.37,29,39.0,136.753,8.988
2012-01-20,446863.31,29,29.16,136.8564194,8.988
2012-01-27,395987.24,29,35.68,136.9598387,8.988
2012-02-03,493159.35,29,40.58,137.0632581,8.988
2012-02-10,545840.05,29,35.68,137.1666774,8.988
2012-02-17,559606.91,29,36.25,137.2583103,8.988
2012-02-24,488782.63,29,39.0,137.3411034,8.988
2012-03-02,500801.72,29,37.47,137.4238966,8.988
2012-03-09,504750.35,29,41.72,137.5066897,8.988
2012-03-16,489293.72,29,46.06,137.5843871,8.988
2012-03-23,517408.48,29,54.68,137.6552903,8.988
2012-03-30,504566.28,29,46.4,137.7261935,8.988
2012-04-06,633826.55,29,46.38,137.7970968,9.14
2012-04-13,520493.83,29,49.89,137.868,9.14
2012-04-20,525200.59,29,58.81,137.9230667,9.14
2012-04-27,497250.22,29,51.42,137.9781333,9.14
2012-05-04,504963.84,29,50.75,138.0332,9.14
2012-05-11,529707.87,29,56.72,138.0882667,9.14
2012-05-18,543706.04,29,61.9,138.1065806,9.14
2012-05-25,549665.67,29,62.39,138.1101935,9.14
2012-06-01,576252.35,29,70.01,138.1138065,9.14
2012-06-08,554093.15,29,61.71,138.1174194,9.14
2012-06-15,552338.76,29,66.56,138.1295333,9.14
2012-06-22,581854.5,29,70.61,138.1629,9.14
2012-06-29,555954.13,29,70.99,138.1962667,9.14
2012-07-06,578832.41,29,77.41,138.2296333,9.419
2012-07-13,514709.76,29,75.81,138.263,9.419
2012-07-20,506705.36,29,76.57,138.2331935,9.419
2012-07-27,475158.24,29,73.52,138.2033871,9.419
2012-08-03,504754.74,29,72.99,138.1735806,9.419
2012-08-10,518628.42,29,76.74,138.1437742,9.419
2012-08-17,416881.66,29,74.92,138.1857097,9.419
2012-08-24,615026.15,29,70.42,138.2814516,9.419
2012-08-31,545844.91,29,71.93,138.3771935,9.419
2012-09-07,540811.85,29,73.3,138.4729355,9.419
2012-09-14,475127.18,29,66.42,138.5673,9.419
2012-09-21,489079.23,29,63.38,138.6534,9.419
2012-09-28,489674.23,29,62.17,138.7395,9.419
2012-10-05,520632.8,29,62.09,138.8256,9.151
2012-10-12,513737.0,29,54.18,138.9117,9.151
2012-10-19,516909.24,29,55.28,138.8336129,9.151
2012-10-26,534970.68,29,57.58,138.7281613,9.151
2010-02-05,465108.52,30,39.05,210.7526053,8.324
2010-02-12,497374.57,30,37.77,210.8979935,8.324
2010-02-19,463513.26,30,39.75,210.9451605,8.324
2010-02-26,472330.71,30,45.31,210.9759573,8.324
2010-03-05,472591.07,30,48.61,211.0067542,8.324
2010-03-12,468189.93,30,57.1,211.037551,8.324
2010-03-19,445736.36,30,54.68,210.8733316,8.324
2010-03-26,442457.35,30,51.66,210.6766095,8.324
2010-04-02,457884.06,30,64.12,210.4798874,8.2
2010-04-09,454800.96,30,65.74,210.2831653,8.2
2010-04-16,471054.16,30,67.87,210.1495463,8.2
2010-04-23,462454.39,30,64.21,210.1000648,8.2
2010-04-30,456140.34,30,66.93,210.0505833,8.2
2010-05-07,457883.94,30,70.87,210.0011018,8.2
2010-05-14,461868.09,30,73.08,209.9984585,8.2
2010-05-21,455751.84,30,74.24,210.2768443,8.2
2010-05-28,462474.16,30,80.94,210.5552301,8.2
2010-06-04,458343.7,30,82.68,210.833616,8.2
2010-06-11,445530.16,30,83.51,211.1120018,8.2
2010-06-18,447727.52,30,86.18,211.1096543,8.2
2010-06-25,453210.24,30,87.01,210.9950134,8.2
2010-07-02,450337.47,30,82.29,210.8803726,8.099
2010-07-09,436293.4,30,81.67,210.7657317,8.099
2010-07-16,438068.71,30,85.61,210.7577954,8.099
2010-07-23,440491.33,30,87.17,210.8921319,8.099
2010-07-30,437893.76,30,83.59,211.0264684,8.099
2010-08-06,441407.06,30,90.3,211.1608049,8.099
2010-08-13,444160.07,30,89.65,211.2951413,8.099
2010-08-20,447139.8,30,89.58,211.2596586,8.099
2010-08-27,443810.78,30,86.2,211.2241759,8.099
2010-09-03,461548.98,30,82.57,211.1886931,8.099
2010-09-10,455162.92,30,79.3,211.1532104,8.099
2010-09-17,462058.19,30,83.03,211.1806415,8.099
2010-09-24,448392.17,30,80.79,211.2552578,8.099
2010-10-01,445475.3,30,70.28,211.3298742,8.163
2010-10-08,462080.47,30,65.76,211.4044906,8.163
2010-10-15,453943.89,30,68.61,211.4713286,8.163
2010-10-22,459631.74,30,70.72,211.5187208,8.163
2010-10-29,438334.39,30,67.51,211.5661131,8.163
2010-11-05,484661.87,30,58.71,211.6135053,8.163
2010-11-12,431266.64,30,60.95,211.6608975,8.163
2010-11-19,423707.69,30,51.71,211.5470304,8.163
2010-11-26,462732.36,30,62.96,211.4062867,8.163
2010-12-03,407112.22,30,50.43,211.265543,8.163
2010-12-10,428631.91,30,46.35,211.1247993,8.163
2010-12-17,445332.28,30,48.63,211.0645458,8.163
2010-12-24,519354.88,30,51.29,211.0646599,8.163
2010-12-31,397631.02,30,47.19,211.064774,8.163
2011-01-07,451077.21,30,44.24,211.0648881,8.028
2011-01-14,465408.72,30,34.14,211.1176713,8.028
2011-01-21,439132.62,30,42.72,211.4864691,8.028
2011-01-28,425989.04,30,44.04,211.8552668,8.028
2011-02-04,490970.95,30,36.33,212.2240646,8.028
2011-02-11,470921.24,30,34.61,212.5928624,8.028
2011-02-18,417070.51,30,59.87,212.9033115,8.028
2011-02-25,432687.97,30,61.27,213.190421,8.028
2011-03-04,443334.71,30,59.52,213.4775305,8.028
2011-03-11,438529.81,30,54.69,213.7646401,8.028
2011-03-18,425470.84,30,63.26,214.0156238,8.028
2011-03-25,431754.01,30,70.33,214.2521573,8.028
2011-04-01,437926.79,30,56.36,214.4886908,7.931
2011-04-08,443889.5,30,68.62,214.7252242,7.931
2011-04-15,426666.92,30,71.01,214.9420631,7.931
2011-04-22,445358.73,30,70.79,215.1096657,7.931
2011-04-29,423687.2,30,70.19,215.2772683,7.931
2011-05-06,438789.52,30,61.87,215.4448709,7.931
2011-05-13,424614.59,30,75.04,215.6124735,7.931
2011-05-20,435102.2,30,68.36,215.3834778,7.931
2011-05-27,429305.82,30,76.86,215.1544822,7.931
2011-06-03,432808.48,30,83.82,214.9254865,7.931
2011-06-10,424697.05,30,84.71,214.6964908,7.931
2011-06-17,435481.03,30,87.54,214.6513538,7.931
2011-06-24,422715.74,30,85.72,214.7441108,7.931
2011-07-01,428782.38,30,87.57,214.8368678,7.852
2011-07-08,419764.37,30,89.16,214.9296249,7.852
2011-07-15,420515.63,30,91.05,215.0134426,7.852
2011-07-22,423441.76,30,90.27,215.0749122,7.852
2011-07-29,414245.96,30,91.56,215.1363819,7.852
2011-08-05,431798.64,30,94.22,215.1978515,7.852
2011-08-12,412224.67,30,92.32,215.2593211,7.852
2011-08-19,414450.61,30,90.11,215.3229307,7.852
2011-08-26,387944.83,30,92.07,215.386897,7.852
2011-09-02,369722.32,30,91.94,215.4508632,7.852
2011-09-09,370897.82,30,78.87,215.5148295,7.852
2011-09-16,382914.66,30,80.62,215.6944378,7.852
2011-09-23,391837.56,30,75.68,216.0282356,7.852
2011-09-30,387001.13,30,78.91,216.3620333,7.852
2011-10-07,417528.26,30,71.64,216.6958311,7.441
2011-10-14,410711.99,30,69.79,217.0048261,7.441
2011-10-21,428958.53,30,65.16,217.1650042,7.441
2011-10-28,426151.88,30,65.46,217.3251824,7.441
2011-11-04,432359.04,30,56.01,217.4853605,7.441
2011-11-11,409686.63,30,59.8,217.6455387,7.441
2011-11-18,436462.63,30,61.9,217.8670218,7.441
2011-11-25,452163.93,30,56.43,218.1130269,7.441
2011-12-02,412385.75,30,48.72,218.3590319,7.441
2011-12-09,436741.02,30,41.44,218.605037,7.441
2011-12-16,441265.08,30,50.56,218.8217928,7.441
2011-12-23,492022.68,30,46.54,218.9995495,7.441
2011-12-30,376777.45,30,45.16,219.1773063,7.441
2012-01-06,457030.86,30,48.1,219.355063,7.057
2012-01-13,447023.91,30,45.0,219.5328198,7.057
2012-01-20,438760.62,30,52.21,219.6258417,7.057
2012-01-27,433037.66,30,50.79,219.7188636,7.057
2012-02-03,434080.74,30,55.83,219.8118854,7.057
2012-02-10,451365.99,30,46.52,219.9049073,7.057
2012-02-17,435109.11,30,45.03,220.0651993,7.057
2012-02-24,425215.71,30,54.81,220.275944,7.057
2012-03-02,438640.61,30,59.3,220.4866886,7.057
2012-03-09,446617.89,30,57.16,220.6974332,7.057
2012-03-16,413617.45,30,63.39,220.8498468,7.057
2012-03-23,430222.97,30,62.96,220.9244858,7.057
2012-03-30,449603.91,30,67.87,220.9991248,7.057
2012-04-06,461511.92,30,69.02,221.0737638,6.891
2012-04-13,428784.7,30,69.03,221.1484028,6.891
2012-04-20,462909.41,30,66.97,221.2021074,6.891
2012-04-27,433744.83,30,69.21,221.255812,6.891
2012-05-04,454477.54,30,77.53,221.3095166,6.891
2012-05-11,436070.45,30,74.14,221.3632212,6.891
2012-05-18,460945.14,30,72.42,221.380331,6.891
2012-05-25,449355.91,30,79.49,221.3828029,6.891
2012-06-01,427021.18,30,79.24,221.3852748,6.891
2012-06-08,437222.94,30,79.47,221.3877467,6.891
2012-06-15,438523.24,30,81.51,221.4009901,6.891
2012-06-22,428554.63,30,81.78,221.4411622,6.891
2012-06-29,423192.4,30,88.05,221.4813343,6.891
2012-07-06,440553.42,30,85.26,221.5215064,6.565
2012-07-13,417640.34,30,82.51,221.5616784,6.565
2012-07-20,427491.04,30,84.25,221.5701123,6.565
2012-07-27,424581.17,30,88.09,221.5785461,6.565
2012-08-03,425136.55,30,91.57,221.5869799,6.565
2012-08-10,430878.28,30,89.57,221.5954138,6.565
2012-08-17,423351.15,30,85.55,221.6751459,6.565
2012-08-24,425296.65,30,77.72,221.8083518,6.565
2012-08-31,439132.5,30,83.58,221.9415576,6.565
2012-09-07,433565.77,30,88.4,222.0747635,6.565
2012-09-14,437773.31,30,76.1,222.2174395,6.565
2012-09-21,443891.64,30,71.54,222.4169362,6.565
2012-09-28,425410.04,30,80.38,222.6164329,6.565
2012-10-05,446751.45,30,70.28,222.8159296,6.17
2012-10-12,434593.26,30,61.53,223.0154263,6.17
2012-10-19,437537.29,30,68.52,223.0598077,6.17
2012-10-26,439424.5,30,70.5,223.0783366,6.17
2010-02-05,1469252.05,31,39.05,210.7526053,8.324
2010-02-12,1543947.23,31,37.77,210.8979935,8.324
2010-02-19,1473386.75,31,39.75,210.9451605,8.324
2010-02-26,1344354.41,31,45.31,210.9759573,8.324
2010-03-05,1384870.51,31,48.61,211.0067542,8.324
2010-03-12,1366193.35,31,57.1,211.037551,8.324
2010-03-19,1332261.01,31,54.68,210.8733316,8.324
2010-03-26,1229635.7,31,51.66,210.6766095,8.324
2010-04-02,1357600.68,31,64.12,210.4798874,8.2
2010-04-09,1395710.09,31,65.74,210.2831653,8.2
2010-04-16,1367448.28,31,67.87,210.1495463,8.2
2010-04-23,1280465.8,31,64.21,210.1000648,8.2
2010-04-30,1243200.24,31,66.93,210.0505833,8.2
2010-05-07,1381796.8,31,70.87,210.0011018,8.2
2010-05-14,1287288.59,31,73.08,209.9984585,8.2
2010-05-21,1337405.6,31,74.24,210.2768443,8.2
2010-05-28,1309437.17,31,80.94,210.5552301,8.2
2010-06-04,1427624.5,31,82.68,210.833616,8.2
2010-06-11,1377092.33,31,83.51,211.1120018,8.2
2010-06-18,1368090.08,31,86.18,211.1096543,8.2
2010-06-25,1303523.73,31,87.01,210.9950134,8.2
2010-07-02,1311704.92,31,82.29,210.8803726,8.099
2010-07-09,1315118.4,31,81.67,210.7657317,8.099
2010-07-16,1335433.72,31,85.61,210.7577954,8.099
2010-07-23,1276031.84,31,87.17,210.8921319,8.099
2010-07-30,1231993.14,31,83.59,211.0264684,8.099
2010-08-06,1352401.08,31,90.3,211.1608049,8.099
2010-08-13,1327719.34,31,89.65,211.2951413,8.099
2010-08-20,1376571.21,31,89.58,211.2596586,8.099
2010-08-27,1326621.98,31,86.2,211.2241759,8.099
2010-09-03,1302047.48,31,82.57,211.1886931,8.099
2010-09-10,1308179.02,31,79.3,211.1532104,8.099
2010-09-17,1294105.01,31,83.03,211.1806415,8.099
2010-09-24,1230250.25,31,80.79,211.2552578,8.099
2010-10-01,1213981.64,31,70.28,211.3298742,8.163
2010-10-08,1300131.68,31,65.76,211.4044906,8.163
2010-10-15,1265852.43,31,68.61,211.4713286,8.163
2010-10-22,1262289.29,31,70.72,211.5187208,8.163
2010-10-29,1257921.28,31,67.51,211.5661131,8.163
2010-11-05,1324455.72,31,58.71,211.6135053,8.163
2010-11-12,1352780.76,31,60.95,211.6608975,8.163
2010-11-19,1359158.57,31,51.71,211.5470304,8.163
2010-11-26,1858856.06,31,62.96,211.4062867,8.163
2010-12-03,1338716.37,31,50.43,211.265543,8.163
2010-12-10,1475685.1,31,46.35,211.1247993,8.163
2010-12-17,1714667.0,31,48.63,211.0645458,8.163
2010-12-24,2068942.97,31,51.29,211.0646599,8.163
2010-12-31,1198071.6,31,47.19,211.064774,8.163
2011-01-07,1311986.87,31,44.24,211.0648881,8.028
2011-01-14,1350730.31,31,34.14,211.1176713,8.028
2011-01-21,1344167.13,31,42.72,211.4864691,8.028
2011-01-28,1254955.68,31,44.04,211.8552668,8.028
2011-02-04,1443206.46,31,36.33,212.2240646,8.028
2011-02-11,1539230.32,31,34.61,212.5928624,8.028
2011-02-18,1539063.91,31,59.87,212.9033115,8.028
2011-02-25,1365678.22,31,61.27,213.190421,8.028
2011-03-04,1412721.18,31,59.52,213.4775305,8.028
2011-03-11,1405572.93,31,54.69,213.7646401,8.028
2011-03-18,1425559.02,31,63.26,214.0156238,8.028
2011-03-25,1357036.1,31,70.33,214.2521573,8.028
2011-04-01,1344890.73,31,56.36,214.4886908,7.931
2011-04-08,1416790.17,31,68.62,214.7252242,7.931
2011-04-15,1408464.08,31,71.01,214.9420631,7.931
2011-04-22,1461393.91,31,70.79,215.1096657,7.931
2011-04-29,1331137.96,31,70.19,215.2772683,7.931
2011-05-06,1388755.61,31,61.87,215.4448709,7.931
2011-05-13,1408118.22,31,75.04,215.6124735,7.931
2011-05-20,1387365.19,31,68.36,215.3834778,7.931
2011-05-27,1342273.64,31,76.86,215.1544822,7.931
2011-06-03,1430348.1,31,83.82,214.9254865,7.931
2011-06-10,1425299.37,31,84.71,214.6964908,7.931
2011-06-17,1491039.14,31,87.54,214.6513538,7.931
2011-06-24,1375962.46,31,85.72,214.7441108,7.931
2011-07-01,1371889.27,31,87.57,214.8368678,7.852
2011-07-08,1423144.47,31,89.16,214.9296249,7.852
2011-07-15,1415473.91,31,91.05,215.0134426,7.852
2011-07-22,1401944.8,31,90.27,215.0749122,7.852
2011-07-29,1308122.15,31,91.56,215.1363819,7.852
2011-08-05,1428993.33,31,94.22,215.1978515,7.852
2011-08-12,1443311.49,31,92.32,215.2593211,7.852
2011-08-19,1487542.53,31,90.11,215.3229307,7.852
2011-08-26,1417267.07,31,92.07,215.386897,7.852
2011-09-02,1385769.03,31,91.94,215.4508632,7.852
2011-09-09,1376670.27,31,78.87,215.5148295,7.852
2011-09-16,1363460.86,31,80.62,215.6944378,7.852
2011-09-23,1347607.74,31,75.68,216.0282356,7.852
2011-09-30,1285534.74,31,78.91,216.3620333,7.852
2011-10-07,1427383.24,31,71.64,216.6958311,7.441
2011-10-14,1378340.18,31,69.79,217.0048261,7.441
2011-10-21,1409310.4,31,65.16,217.1650042,7.441
2011-10-28,1346862.72,31,65.46,217.3251824,7.441
2011-11-04,1426405.46,31,56.01,217.4853605,7.441
2011-11-11,1444783.64,31,59.8,217.6455387,7.441
2011-11-18,1445174.79,31,61.9,217.8670218,7.441
2011-11-25,1934099.65,31,56.43,218.1130269,7.441
2011-12-02,1388809.43,31,48.72,218.3590319,7.441
2011-12-09,1556798.94,31,41.44,218.605037,7.441
2011-12-16,1611196.61,31,50.56,218.8217928,7.441
2011-12-23,2026176.14,31,46.54,218.9995495,7.441
2011-12-30,1355405.95,31,45.16,219.1773063,7.441
2012-01-06,1401232.52,31,48.1,219.355063,7.057
2012-01-13,1377485.12,31,45.0,219.5328198,7.057
2012-01-20,1372504.9,31,52.21,219.6258417,7.057
2012-01-27,1259941.48,31,50.79,219.7188636,7.057
2012-02-03,1391479.91,31,55.83,219.8118854,7.057
2012-02-10,1527688.58,31,46.52,219.9049073,7.057
2012-02-17,1570813.52,31,45.03,220.0651993,7.057
2012-02-24,1392543.37,31,54.81,220.275944,7.057
2012-03-02,1427881.22,31,59.3,220.4866886,7.057
2012-03-09,1439034.86,31,57.16,220.6974332,7.057
2012-03-16,1481728.13,31,63.39,220.8498468,7.057
2012-03-23,1365824.97,31,62.96,220.9244858,7.057
2012-03-30,1318854.22,31,67.87,220.9991248,7.057
2012-04-06,1496169.81,31,69.02,221.0737638,6.891
2012-04-13,1407842.91,31,69.03,221.1484028,6.891
2012-04-20,1407036.59,31,66.97,221.2021074,6.891
2012-04-27,1311352.25,31,69.21,221.255812,6.891
2012-05-04,1391257.28,31,77.53,221.3095166,6.891
2012-05-11,1392938.06,31,74.14,221.3632212,6.891
2012-05-18,1441473.82,31,72.42,221.380331,6.891
2012-05-25,1397094.26,31,79.49,221.3828029,6.891
2012-06-01,1404516.29,31,79.24,221.3852748,6.891
2012-06-08,1443285.79,31,79.47,221.3877467,6.891
2012-06-15,1431003.43,31,81.51,221.4009901,6.891
2012-06-22,1394065.76,31,81.78,221.4411622,6.891
2012-06-29,1349202.25,31,88.05,221.4813343,6.891
2012-07-06,1458059.42,31,85.26,221.5215064,6.565
2012-07-13,1374301.34,31,82.51,221.5616784,6.565
2012-07-20,1392395.2,31,84.25,221.5701123,6.565
2012-07-27,1303732.36,31,88.09,221.5785461,6.565
2012-08-03,1390174.63,31,91.57,221.5869799,6.565
2012-08-10,1386472.59,31,89.57,221.5954138,6.565
2012-08-17,1410181.7,31,85.55,221.6751459,6.565
2012-08-24,1379783.21,31,77.72,221.8083518,6.565
2012-08-31,1373651.49,31,83.58,221.9415576,6.565
2012-09-07,1358111.62,31,88.4,222.0747635,6.565
2012-09-14,1327705.44,31,76.1,222.2174395,6.565
2012-09-21,1373064.87,31,71.54,222.4169362,6.565
2012-09-28,1279080.58,31,80.38,222.6164329,6.565
2012-10-05,1363365.05,31,70.28,222.8159296,6.17
2012-10-12,1401113.42,31,61.53,223.0154263,6.17
2012-10-19,1378730.45,31,68.52,223.0598077,6.17
2012-10-26,1340232.55,31,70.5,223.0783366,6.17
2010-02-05,1087616.19,32,34.43,189.3816974,9.014
2010-02-12,1123566.12,32,28.09,189.4642725,9.014
2010-02-19,1082559.06,32,29.16,189.5340998,9.014
2010-02-26,1053247.1,32,26.64,189.6018023,9.014
2010-03-05,1066566.74,32,37.72,189.6695049,9.014
2010-03-12,1093319.37,32,39.88,189.7372075,9.014
2010-03-19,1059781.78,32,42.43,189.734262,9.014
2010-03-26,1076021.58,32,36.59,189.7195417,9.014
2010-04-02,1131732.94,32,48.28,189.7048215,8.963
2010-04-09,1095889.22,32,44.88,189.6901012,8.963
2010-04-16,1082763.27,32,53.49,189.6628845,8.963
2010-04-23,1072474.8,32,50.06,189.6190057,8.963
2010-04-30,1066792.63,32,47.51,189.575127,8.963
2010-05-07,1133657.58,32,48.94,189.5312483,8.963
2010-05-14,1079314.52,32,46.42,189.4904116,8.963
2010-05-21,1143819.35,32,55.89,189.467827,8.963
2010-05-28,1205662.85,32,64.69,189.4452425,8.963
2010-06-04,1149234.96,32,66.69,189.422658,8.963
2010-06-11,1192074.09,32,70.86,189.4000734,8.963
2010-06-18,1150191.72,32,60.94,189.4185259,8.963
2010-06-25,1124763.74,32,72.42,189.4533931,8.963
2010-07-02,1187988.64,32,74.74,189.4882603,9.017
2010-07-09,1077253.67,32,67.55,189.5231276,9.017
2010-07-16,1120172.24,32,76.2,189.6125456,9.017
2010-07-23,1109574.11,32,75.69,189.774698,9.017
2010-07-30,1065350.56,32,75.62,189.9368504,9.017
2010-08-06,1144552.09,32,72.95,190.0990028,9.017
2010-08-13,1157975.68,32,74.97,190.2611552,9.017
2010-08-20,1189887.86,32,71.46,190.2948237,9.017
2010-08-27,1140501.03,32,74.95,190.3284922,9.017
2010-09-03,1095932.51,32,70.2,190.3621607,9.017
2010-09-10,1028635.39,32,68.44,190.3958293,9.017
2010-09-17,1043962.36,32,67.17,190.4688287,9.017
2010-09-24,1067432.1,32,64.19,190.5713264,9.017
2010-10-01,1061089.56,32,66.14,190.6738241,9.137
2010-10-08,1085483.44,32,61.81,190.7763218,9.137
2010-10-15,1096692.88,32,52.96,190.8623087,9.137
2010-10-22,1102185.0,32,52.3,190.9070184,9.137
2010-10-29,1115138.51,32,45.45,190.951728,9.137
2010-11-05,1063056.21,32,49.2,190.9964377,9.137
2010-11-12,1141019.11,32,42.3,191.0411474,9.137
2010-11-19,1150729.89,32,36.24,191.0312172,9.137
2010-11-26,1634635.86,32,29.97,191.0121805,9.137
2010-12-03,1200892.56,32,35.18,190.9931437,9.137
2010-12-10,1377322.73,32,36.62,190.9741069,9.137
2010-12-17,1557776.1,32,36.07,191.0303376,9.137
2010-12-24,1949183.14,32,30.72,191.1430189,9.137
2010-12-31,955463.84,32,27.7,191.2557002,9.137
2011-01-07,1046416.17,32,23.78,191.3683815,8.818
2011-01-14,1028206.51,32,21.69,191.4784939,8.818
2011-01-21,1078348.91,32,34.54,191.5731924,8.818
2011-01-28,1006814.85,32,34.86,191.667891,8.818
2011-02-04,1070457.8,32,15.47,191.7625895,8.818
2011-02-11,1124357.2,32,18.51,191.8572881,8.818
2011-02-18,1183528.58,32,42.09,191.9178331,8.818
2011-02-25,1054754.67,32,33.0,191.9647167,8.818
2011-03-04,1106847.62,32,39.17,192.0116004,8.818
2011-03-11,1101458.21,32,36.51,192.058484,8.818
2011-03-18,1100765.5,32,45.25,192.1237981,8.818
2011-03-25,1068719.22,32,46.7,192.1964844,8.818
2011-04-01,1051121.02,32,44.83,192.2691707,8.595
2011-04-08,1102975.59,32,48.81,192.3418571,8.595
2011-04-15,1120508.14,32,45.97,192.4225954,8.595
2011-04-22,1210602.91,32,48.69,192.5234638,8.595
2011-04-29,1107494.55,32,44.86,192.6243322,8.595
2011-05-06,1181793.55,32,46.65,192.7252006,8.595
2011-05-13,1138162.76,32,56.09,192.826069,8.595
2011-05-20,1145084.76,32,45.71,192.831317,8.595
2011-05-27,1175447.49,32,55.13,192.8365651,8.595
2011-06-03,1167757.0,32,61.25,192.8418131,8.595
2011-06-10,1239741.34,32,65.49,192.8470612,8.595
2011-06-17,1192031.38,32,67.38,192.9034759,8.595
2011-06-24,1163869.52,32,65.06,192.9982655,8.595
2011-07-01,1199845.29,32,72.86,193.0930552,8.622
2011-07-08,1110244.52,32,72.56,193.1878448,8.622
2011-07-15,1144254.26,32,70.55,193.3125484,8.622
2011-07-22,1185674.48,32,76.0,193.5120367,8.622
2011-07-29,1169988.62,32,75.91,193.711525,8.622
2011-08-05,1201694.14,32,74.83,193.9110133,8.622
2011-08-12,1206795.74,32,74.2,194.1105017,8.622
2011-08-19,1221318.17,32,73.72,194.2500634,8.622
2011-08-26,1183740.91,32,75.64,194.3796374,8.622
2011-09-02,1152117.5,32,74.6,194.5092113,8.622
2011-09-09,1128237.3,32,61.24,194.6387853,8.622
2011-09-16,1142499.25,32,60.88,194.7419707,8.622
2011-09-23,1116140.29,32,58.66,194.8099713,8.622
2011-09-30,1088943.98,32,65.04,194.8779718,8.622
2011-10-07,1149448.02,32,62.62,194.9459724,8.513
2011-10-14,1175420.26,32,50.15,195.0261012,8.513
2011-10-21,1151258.74,32,48.87,195.1789994,8.513
2011-10-28,1185391.96,32,42.76,195.3318977,8.513
2011-11-04,1204628.28,32,37.95,195.4847959,8.513
2011-11-11,1182733.0,32,38.1,195.6376941,8.513
2011-11-18,1181651.55,32,42.61,195.7184713,8.513
2011-11-25,1684468.66,32,40.22,195.7704,8.513
2011-12-02,1179773.88,32,33.8,195.8223287,8.513
2011-12-09,1415746.91,32,17.94,195.8742575,8.513
2011-12-16,1556017.91,32,26.23,195.9841685,8.513
2011-12-23,1959526.96,32,25.97,196.1713893,8.513
2011-12-30,1102367.65,32,32.99,196.3586101,8.513
2012-01-06,1099937.25,32,36.75,196.5458309,8.256
2012-01-13,1071598.36,32,28.99,196.7330517,8.256
2012-01-20,1080012.04,32,36.86,196.7796652,8.256
2012-01-27,1051864.6,32,36.67,196.8262786,8.256
2012-02-03,1156826.31,32,35.89,196.8728921,8.256
2012-02-10,1129422.86,32,23.34,196.9195056,8.256
2012-02-17,1243812.59,32,24.26,196.9432711,8.256
2012-02-24,1091822.72,32,33.41,196.9499007,8.256
2012-03-02,1153332.89,32,33.4,196.9565303,8.256
2012-03-09,1124537.97,32,39.9,196.9631599,8.256
2012-03-16,1138101.18,32,51.51,197.0457208,8.256
2012-03-23,1146632.46,32,47.64,197.2295234,8.256
2012-03-30,1108686.87,32,56.09,197.4133259,8.256
2012-04-06,1270577.01,32,51.49,197.5971285,8.09
2012-04-13,1171834.47,32,52.1,197.780931,8.09
2012-04-20,1121405.91,32,49.15,197.7227385,8.09
2012-04-27,1126962.44,32,61.76,197.664546,8.09
2012-05-04,1187384.53,32,58.29,197.6063534,8.09
2012-05-11,1187051.07,32,55.4,197.5481609,8.09
2012-05-18,1177539.71,32,57.46,197.5553137,8.09
2012-05-25,1232784.22,32,59.74,197.5886046,8.09
2012-06-01,1157557.79,32,62.84,197.6218954,8.09
2012-06-08,1246322.44,32,71.14,197.6551863,8.09
2012-06-15,1234759.54,32,70.91,197.692292,8.09
2012-06-22,1196880.11,32,74.85,197.7389345,8.09
2012-06-29,1178211.81,32,81.95,197.785577,8.09
2012-07-06,1214183.97,32,78.68,197.8322195,7.872
2012-07-13,1141184.66,32,71.57,197.8788621,7.872
2012-07-20,1167829.33,32,77.76,197.9290378,7.872
2012-07-27,1144901.52,32,77.56,197.9792136,7.872
2012-08-03,1183571.35,32,75.09,198.0293893,7.872
2012-08-10,1227469.2,32,75.93,198.0795651,7.872
2012-08-17,1261306.37,32,70.75,198.1001057,7.872
2012-08-24,1272809.11,32,70.12,198.0984199,7.872
2012-08-31,1183979.27,32,76.12,198.0967341,7.872
2012-09-07,1126685.95,32,72.56,198.0950484,7.872
2012-09-14,1156377.47,32,64.05,198.1267184,7.872
2012-09-21,1159119.6,32,63.49,198.358523,7.872
2012-09-28,1157111.15,32,60.62,198.5903276,7.872
2012-10-05,1202775.24,32,55.34,198.8221322,7.557
2012-10-12,1176681.31,32,43.49,199.0539368,7.557
2012-10-19,1199292.06,32,53.57,199.1481963,7.557
2012-10-26,1219979.29,32,47.22,199.2195317,7.557
2010-02-05,274593.43,33,58.4,126.4420645,10.115
2010-02-12,294882.83,33,55.47,126.4962581,10.115
2010-02-19,296850.83,33,62.16,126.5262857,10.115
2010-02-26,284052.77,33,56.5,126.5522857,10.115
2010-03-05,291484.89,33,59.17,126.5782857,10.115
2010-03-12,312161.0,33,55.61,126.6042857,10.115
2010-03-19,282235.73,33,64.6,126.6066452,10.115
2010-03-26,262893.76,33,64.09,126.6050645,10.115
2010-04-02,274634.52,33,66.79,126.6034839,9.849
2010-04-09,325201.05,33,68.43,126.6019032,9.849
2010-04-16,307779.64,33,72.44,126.5621,9.849
2010-04-23,263263.02,33,71.59,126.4713333,9.849
2010-04-30,275883.23,33,73.29,126.3805667,9.849
2010-05-07,326870.13,33,75.4,126.2898,9.849
2010-05-14,331173.51,33,76.8,126.2085484,9.849
2010-05-21,294264.2,33,82.8,126.1843871,9.849
2010-05-28,279246.33,33,78.47,126.1602258,9.849
2010-06-04,285100.0,33,86.06,126.1360645,9.849
2010-06-11,310800.79,33,93.52,126.1119032,9.849
2010-06-18,272399.08,33,87.69,126.114,9.849
2010-06-25,259419.91,33,93.66,126.1266,9.849
2010-07-02,267495.76,33,97.66,126.1392,9.495
2010-07-09,302423.93,33,95.88,126.1518,9.495
2010-07-16,280937.84,33,100.14,126.1498065,9.495
2010-07-23,252734.31,33,97.04,126.1283548,9.495
2010-07-30,242047.03,33,92.71,126.1069032,9.495
2010-08-06,262789.95,33,92.51,126.0854516,9.495
2010-08-13,265367.51,33,95.57,126.064,9.495
2010-08-20,230519.49,33,96.46,126.0766452,9.495
2010-08-27,224031.19,33,94.0,126.0892903,9.495
2010-09-03,237405.82,33,90.82,126.1019355,9.495
2010-09-10,272834.88,33,91.77,126.1145806,9.495
2010-09-17,246277.18,33,89.43,126.1454667,9.495
2010-09-24,231976.84,33,91.18,126.1900333,9.495
2010-10-01,224294.39,33,91.45,126.2346,9.265
2010-10-08,266484.19,33,79.02,126.2791667,9.265
2010-10-15,251732.92,33,80.49,126.3266774,9.265
2010-10-22,234175.92,33,74.2,126.3815484,9.265
2010-10-29,213538.32,33,71.34,126.4364194,9.265
2010-11-05,246124.61,33,74.23,126.4912903,9.265
2010-11-12,272803.94,33,65.21,126.5461613,9.265
2010-11-19,224639.76,33,61.95,126.6072,9.265
2010-11-26,240044.57,33,56.87,126.6692667,9.265
2010-12-03,209986.25,33,52.82,126.7313333,9.265
2010-12-10,253050.1,33,60.72,126.7934,9.265
2010-12-17,238875.26,33,61.12,126.8794839,9.265
2010-12-24,249246.8,33,60.43,126.9835806,9.265
2010-12-31,219804.85,33,52.91,127.0876774,9.265
2011-01-07,243948.82,33,46.25,127.1917742,8.951
2011-01-14,259527.75,33,53.63,127.3009355,8.951
2011-01-21,244856.44,33,59.46,127.4404839,8.951
2011-01-28,231155.9,33,56.62,127.5800323,8.951
2011-02-04,234218.03,33,49.26,127.7195806,8.951
2011-02-11,276198.74,33,53.35,127.859129,8.951
2011-02-18,252349.6,33,62.03,127.99525,8.951
2011-02-25,242901.21,33,54.89,128.13,8.951
2011-03-04,245435.8,33,59.51,128.26475,8.951
2011-03-11,270921.44,33,66.51,128.3995,8.951
2011-03-18,247234.47,33,72.72,128.5121935,8.951
2011-03-25,238084.08,33,63.34,128.6160645,8.951
2011-04-01,232769.09,33,71.41,128.7199355,8.687
2011-04-08,271924.73,33,75.11,128.8238065,8.687
2011-04-15,275749.56,33,64.64,128.9107333,8.687
2011-04-22,248603.3,33,79.46,128.9553,8.687
2011-04-29,248561.86,33,77.44,128.9998667,8.687
2011-05-06,257031.19,33,77.92,129.0444333,8.687
2011-05-13,279466.87,33,78.24,129.089,8.687
2011-05-20,239206.26,33,76.07,129.0756774,8.687
2011-05-27,239431.85,33,82.32,129.0623548,8.687
2011-06-03,243477.03,33,82.93,129.0490323,8.687
2011-06-10,258427.39,33,87.02,129.0357097,8.687
2011-06-17,238172.66,33,91.11,129.0432,8.687
2011-06-24,238433.53,33,94.11,129.0663,8.687
2011-07-01,226702.36,33,98.43,129.0894,8.442
2011-07-08,262717.71,33,96.44,129.1125,8.442
2011-07-15,265003.47,33,92.83,129.1338387,8.442
2011-07-22,238915.05,33,97.17,129.1507742,8.442
2011-07-29,224806.96,33,95.28,129.1677097,8.442
2011-08-05,242456.39,33,96.93,129.1846452,8.442
2011-08-12,274721.85,33,96.0,129.2015806,8.442
2011-08-19,242771.37,33,95.89,129.2405806,8.442
2011-08-26,237095.82,33,99.66,129.2832581,8.442
2011-09-02,239198.36,33,99.2,129.3259355,8.442
2011-09-09,281842.28,33,96.22,129.3686129,8.442
2011-09-16,262407.57,33,85.79,129.4306,8.442
2011-09-23,234793.12,33,88.93,129.5183333,8.442
2011-09-30,229731.98,33,89.1,129.6060667,8.442
2011-10-07,262159.13,33,81.16,129.6938,8.01
2011-10-14,272487.33,33,76.49,129.7706452,8.01
2011-10-21,233543.08,33,81.74,129.7821613,8.01
2011-10-28,231319.96,33,76.73,129.7936774,8.01
2011-11-04,236157.12,33,71.91,129.8051935,8.01
2011-11-11,271961.04,33,58.75,129.8167097,8.01
2011-11-18,251294.5,33,63.35,129.8268333,8.01
2011-11-25,255996.47,33,62.35,129.8364,8.01
2011-12-02,220060.35,33,59.12,129.8459667,8.01
2011-12-09,270373.05,33,47.7,129.8555333,8.01
2011-12-16,259638.35,33,53.18,129.8980645,8.01
2011-12-23,256235.19,33,53.39,129.9845484,8.01
2011-12-30,215359.21,33,51.6,130.0710323,8.01
2012-01-06,267058.08,33,60.92,130.1575161,7.603
2012-01-13,279447.22,33,54.61,130.244,7.603
2012-01-20,244899.2,33,55.99,130.2792258,7.603
2012-01-27,236920.49,33,56.33,130.3144516,7.603
2012-02-03,256091.32,33,59.53,130.3496774,7.603
2012-02-10,282552.58,33,59.94,130.3849032,7.603
2012-02-17,266300.98,33,57.8,130.4546207,7.603
2012-02-24,242526.7,33,59.41,130.5502069,7.603
2012-03-02,248051.53,33,60.91,130.6457931,7.603
2012-03-09,287346.29,33,62.2,130.7413793,7.603
2012-03-16,278067.73,33,65.99,130.8261935,7.603
2012-03-23,246970.97,33,60.82,130.8966452,7.603
2012-03-30,251327.67,33,71.34,130.9670968,7.603
2012-04-06,275911.97,33,70.75,131.0375484,7.396
2012-04-13,312698.67,33,73.17,131.108,7.396
2012-04-20,261837.2,33,72.94,131.1173333,7.396
2012-04-27,249798.75,33,83.07,131.1266667,7.396
2012-05-04,270497.51,33,82.43,131.136,7.396
2012-05-11,295841.84,33,81.02,131.1453333,7.396
2012-05-18,276899.95,33,89.81,131.0983226,7.396
2012-05-25,261851.74,33,88.89,131.0287742,7.396
2012-06-01,261131.09,33,83.57,130.9592258,7.396
2012-06-08,286082.76,33,90.94,130.8896774,7.396
2012-06-15,290444.31,33,92.44,130.8295333,7.396
2012-06-22,261666.29,33,95.75,130.7929,7.396
2012-06-29,244338.31,33,98.15,130.7562667,7.396
2012-07-06,273690.37,33,93.21,130.7196333,7.147
2012-07-13,287033.64,33,97.6,130.683,7.147
2012-07-20,253205.89,33,91.49,130.7012903,7.147
2012-07-27,249134.32,33,93.95,130.7195806,7.147
2012-08-03,258533.12,33,92.13,130.737871,7.147
2012-08-10,297753.49,33,100.07,130.7561613,7.147
2012-08-17,270097.76,33,96.79,130.7909677,7.147
2012-08-24,247672.56,33,89.62,130.8381613,7.147
2012-08-31,237129.81,33,94.55,130.8853548,7.147
2012-09-07,286428.78,33,92.02,130.9325484,7.147
2012-09-14,277417.53,33,83.4,130.9776667,7.147
2012-09-21,252709.58,33,86.53,131.0103333,7.147
2012-09-28,242813.51,33,86.42,131.043,7.147
2012-10-05,265444.9,33,85.18,131.0756667,6.895
2012-10-12,291781.15,33,79.64,131.1083333,6.895
2012-10-19,254412.34,33,75.55,131.1499677,6.895
2012-10-26,253731.13,33,73.7,131.1930968,6.895
2010-02-05,956228.96,34,35.44,126.4420645,9.521
2010-02-12,994610.99,34,36.13,126.4962581,9.521
2010-02-19,983963.07,34,38.36,126.5262857,9.521
2010-02-26,905756.13,34,37.28,126.5522857,9.521
2010-03-05,918295.79,34,42.65,126.5782857,9.521
2010-03-12,921247.88,34,42.26,126.6042857,9.521
2010-03-19,892070.82,34,45.86,126.6066452,9.521
2010-03-26,880742.35,34,42.91,126.6050645,9.521
2010-04-02,979428.66,34,50.07,126.6034839,9.593
2010-04-09,950684.2,34,51.26,126.6019032,9.593
2010-04-16,923344.54,34,59.18,126.5621,9.593
2010-04-23,910240.68,34,55.04,126.4713333,9.593
2010-04-30,859922.19,34,56.58,126.3805667,9.593
2010-05-07,953495.48,34,57.39,126.2898,9.593
2010-05-14,933924.44,34,60.74,126.2085484,9.593
2010-05-21,913616.32,34,63.99,126.1843871,9.593
2010-05-28,942868.38,34,68.68,126.1602258,9.593
2010-06-04,966187.51,34,72.17,126.1360645,9.593
2010-06-11,954681.56,34,80.84,126.1119032,9.593
2010-06-18,941612.04,34,73.48,126.114,9.593
2010-06-25,895800.07,34,78.47,126.1266,9.593
2010-07-02,919229.36,34,73.66,126.1392,9.816
2010-07-09,911210.81,34,75.0,126.1518,9.816
2010-07-16,930269.79,34,78.53,126.1498065,9.816
2010-07-23,902050.95,34,79.58,126.1283548,9.816
2010-07-30,875976.83,34,72.26,126.1069032,9.816
2010-08-06,987435.35,34,73.8,126.0854516,9.816
2010-08-13,951208.65,34,76.72,126.064,9.816
2010-08-20,985152.94,34,76.45,126.0766452,9.816
2010-08-27,855421.39,34,72.87,126.0892903,9.816
2010-09-03,964356.74,34,72.59,126.1019355,9.816
2010-09-10,932240.96,34,72.61,126.1145806,9.816
2010-09-17,885445.47,34,70.71,126.1454667,9.816
2010-09-24,867539.07,34,69.78,126.1900333,9.816
2010-10-01,865709.11,34,70.13,126.2346,10.21
2010-10-08,931710.67,34,65.21,126.2791667,10.21
2010-10-15,888703.62,34,59.57,126.3266774,10.21
2010-10-22,936293.6,34,58.11,126.3815484,10.21
2010-10-29,926294.02,34,50.78,126.4364194,10.21
2010-11-05,972292.31,34,52.43,126.4912903,10.21
2010-11-12,979730.78,34,47.2,126.5461613,10.21
2010-11-19,955766.33,34,40.93,126.6072,10.21
2010-11-26,1309476.68,34,41.13,126.6692667,10.21
2010-12-03,1001512.21,34,34.7,126.7313333,10.21
2010-12-10,1086661.02,34,41.93,126.7934,10.21
2010-12-17,1227148.13,34,42.64,126.8794839,10.21
2010-12-24,1620748.25,34,42.74,126.9835806,10.21
2010-12-31,902109.69,34,34.11,127.0876774,10.21
2011-01-07,900646.94,34,24.5,127.1917742,10.398
2011-01-14,898610.33,34,30.75,127.3009355,10.398
2011-01-21,891025.39,34,39.57,127.4404839,10.398
2011-01-28,836717.75,34,34.68,127.5800323,10.398
2011-02-04,971932.87,34,23.82,127.7195806,10.398
2011-02-11,1015654.6,34,28.66,127.859129,10.398
2011-02-18,1062629.3,34,45.12,127.99525,10.398
2011-02-25,953331.45,34,44.57,128.13,10.398
2011-03-04,963910.81,34,46.21,128.26475,10.398
2011-03-11,943951.67,34,45.87,128.3995,10.398
2011-03-18,1014218.8,34,55.58,128.5121935,10.398
2011-03-25,922898.38,34,53.11,128.6160645,10.398
2011-04-01,884233.67,34,55.46,128.7199355,10.581
2011-04-08,975479.83,34,58.59,128.8238065,10.581
2011-04-15,941829.0,34,53.3,128.9107333,10.581
2011-04-22,1051518.45,34,63.83,128.9553,10.581
2011-04-29,895973.02,34,57.73,128.9998667,10.581
2011-05-06,965853.58,34,54.4,129.0444333,10.581
2011-05-13,966232.69,34,63.05,129.089,10.581
2011-05-20,945018.83,34,61.47,129.0756774,10.581
2011-05-27,941311.83,34,65.99,129.0623548,10.581
2011-06-03,947229.24,34,74.64,129.0490323,10.581
2011-06-10,943912.77,34,74.57,129.0357097,10.581
2011-06-17,968258.09,34,76.58,129.0432,10.581
2011-06-24,923795.04,34,77.16,129.0663,10.581
2011-07-01,911106.22,34,81.96,129.0894,10.641
2011-07-08,926934.57,34,80.84,129.1125,10.641
2011-07-15,903882.96,34,78.09,129.1338387,10.641
2011-07-22,913236.62,34,80.75,129.1507742,10.641
2011-07-29,851461.9,34,78.04,129.1677097,10.641
2011-08-05,942236.45,34,76.71,129.1846452,10.641
2011-08-12,956251.18,34,80.23,129.2015806,10.641
2011-08-19,960418.54,34,77.08,129.2405806,10.641
2011-08-26,871404.6,34,77.27,129.2832581,10.641
2011-09-02,926455.64,34,78.24,129.3259355,10.641
2011-09-09,930506.14,34,70.05,129.3686129,10.641
2011-09-16,927249.61,34,64.94,129.4306,10.641
2011-09-23,902852.73,34,66.23,129.5183333,10.641
2011-09-30,871847.85,34,69.44,129.6060667,10.641
2011-10-07,954069.45,34,60.42,129.6938,10.148
2011-10-14,911788.79,34,54.72,129.7706452,10.148
2011-10-21,953693.23,34,58.93,129.7821613,10.148
2011-10-28,958063.87,34,54.56,129.7936774,10.148
2011-11-04,992621.93,34,48.04,129.8051935,10.148
2011-11-11,991570.02,34,41.04,129.8167097,10.148
2011-11-18,947552.44,34,46.0,129.8268333,10.148
2011-11-25,1345595.82,34,45.99,129.8364,10.148
2011-12-02,988742.08,34,39.75,129.8459667,10.148
2011-12-09,1084243.91,34,24.69,129.8555333,10.148
2011-12-16,1151052.86,34,32.31,129.8980645,10.148
2011-12-23,1593655.96,34,32.45,129.9845484,10.148
2011-12-30,965512.36,34,28.84,130.0710323,10.148
2012-01-06,953844.85,34,36.39,130.1575161,9.653
2012-01-13,913755.12,34,33.99,130.244,9.653
2012-01-20,910899.05,34,39.28,130.2792258,9.653
2012-01-27,872450.37,34,39.81,130.3144516,9.653
2012-02-03,939367.14,34,38.64,130.3496774,9.653
2012-02-10,1047658.09,34,36.7,130.3849032,9.653
2012-02-17,1123446.51,34,37.25,130.4546207,9.653
2012-02-24,950154.24,34,39.89,130.5502069,9.653
2012-03-02,990263.7,34,42.74,130.6457931,9.653
2012-03-09,976393.43,34,42.7,130.7413793,9.653
2012-03-16,999298.43,34,48.09,130.8261935,9.653
2012-03-23,945143.33,34,47.93,130.8966452,9.653
2012-03-30,938861.77,34,59.29,130.9670968,9.653
2012-04-06,1091020.37,34,54.42,131.0375484,9.575
2012-04-13,987353.65,34,59.12,131.108,9.575
2012-04-20,977628.78,34,55.34,131.1173333,9.575
2012-04-27,940299.87,34,66.49,131.1266667,9.575
2012-05-04,991104.4,34,65.04,131.136,9.575
2012-05-11,949625.52,34,61.92,131.1453333,9.575
2012-05-18,998672.85,34,64.97,131.0983226,9.575
2012-05-25,1015737.61,34,72.42,131.0287742,9.575
2012-06-01,977062.44,34,70.41,130.9592258,9.575
2012-06-08,999511.29,34,75.35,130.8896774,9.575
2012-06-15,982345.51,34,76.48,130.8295333,9.575
2012-06-22,1000285.1,34,78.85,130.7929,9.575
2012-06-29,942970.63,34,81.91,130.7562667,9.575
2012-07-06,1007867.68,34,77.95,130.7196333,9.285
2012-07-13,954677.75,34,74.02,130.683,9.285
2012-07-20,950929.59,34,77.7,130.7012903,9.285
2012-07-27,917883.79,34,77.3,130.7195806,9.285
2012-08-03,973250.41,34,78.93,130.737871,9.285
2012-08-10,1004523.59,34,78.26,130.7561613,9.285
2012-08-17,1013820.86,34,77.78,130.7909677,9.285
2012-08-24,926250.21,34,72.44,130.8381613,9.285
2012-08-31,933487.71,34,75.89,130.8853548,9.285
2012-09-07,976415.56,34,78.26,130.9325484,9.285
2012-09-14,955211.7,34,64.28,130.9776667,9.285
2012-09-21,943047.78,34,66.08,131.0103333,9.285
2012-09-28,928629.31,34,67.06,131.043,9.285
2012-10-05,968896.68,34,65.41,131.0756667,8.839
2012-10-12,948613.39,34,59.94,131.1083333,8.839
2012-10-19,963516.28,34,58.47,131.1499677,8.839
2012-10-26,956987.81,34,57.95,131.1930968,8.839
2010-02-05,1230613.5,35,27.19,135.3524608,9.262
2010-02-12,1168815.31,35,29.81,135.4113076,9.262
2010-02-19,1270658.64,35,32.44,135.4657781,9.262
2010-02-26,1020651.74,35,36.0,135.5195191,9.262
2010-03-05,1162610.27,35,38.07,135.5732602,9.262
2010-03-12,1150344.39,35,45.98,135.6270013,9.262
2010-03-19,1117536.09,35,49.04,135.6682247,9.262
2010-03-26,1078900.44,35,52.34,135.7073618,9.262
2010-04-02,1189556.47,35,46.9,135.7464988,9.051
2010-04-09,1198014.97,35,62.62,135.7856359,9.051
2010-04-16,1084487.55,35,54.95,135.82725,9.051
2010-04-23,1110827.48,35,53.91,135.8721667,9.051
2010-04-30,1096930.65,35,53.55,135.9170833,9.051
2010-05-07,1182099.88,35,69.02,135.962,9.051
2010-05-14,1104277.57,35,53.82,136.010394,9.051
2010-05-21,1078182.18,35,63.31,136.0796521,9.051
2010-05-28,1223777.48,35,67.88,136.1489101,9.051
2010-06-04,1282378.71,35,74.29,136.2181682,9.051
2010-06-11,1160412.71,35,68.9,136.2874263,9.051
2010-06-18,1198025.76,35,70.0,136.3243393,9.051
2010-06-25,1230245.74,35,78.02,136.3483143,9.051
2010-07-02,1245827.08,35,76.25,136.3722893,8.861
2010-07-09,1268766.76,35,82.69,136.3962643,8.861
2010-07-16,1124414.87,35,78.26,136.4179827,8.861
2010-07-23,1121756.43,35,81.56,136.4366924,8.861
2010-07-30,1139131.78,35,79.78,136.4554021,8.861
2010-08-06,1180183.39,35,77.45,136.4741118,8.861
2010-08-13,1090587.5,35,77.36,136.4928214,8.861
2010-08-20,1033719.5,35,75.16,136.5249182,8.861
2010-08-27,917693.06,35,70.31,136.557015,8.861
2010-09-03,948660.79,35,78.52,136.5891118,8.861
2010-09-10,961685.98,35,70.38,136.6212085,8.861
2010-09-17,831443.61,35,64.5,136.6338071,8.861
2010-09-24,758069.78,35,67.08,136.6317821,8.861
2010-10-01,771065.21,35,70.19,136.6297571,8.763
2010-10-08,874615.32,35,57.78,136.6277321,8.763
2010-10-15,798376.99,35,58.38,136.6401935,8.763
2010-10-22,827705.82,35,52.82,136.688871,8.763
2010-10-29,857797.33,35,61.02,136.7375484,8.763
2010-11-05,843755.12,35,45.91,136.7862258,8.763
2010-11-12,870914.69,35,45.9,136.8349032,8.763
2010-11-19,846850.35,35,50.81,136.7715714,8.763
2010-11-26,1781866.98,35,46.67,136.6895714,8.763
2010-12-03,982598.88,35,41.81,136.6075714,8.763
2010-12-10,1108580.19,35,30.83,136.5255714,8.763
2010-12-17,1314987.4,35,31.62,136.5292811,8.763
2010-12-24,1779236.54,35,31.34,136.597273,8.763
2010-12-31,576332.05,35,29.59,136.665265,8.763
2011-01-07,649289.75,35,34.42,136.7332569,8.549
2011-01-14,687670.78,35,25.7,136.803477,8.549
2011-01-21,659902.07,35,30.13,136.8870657,8.549
2011-01-28,633289.78,35,23.64,136.9706544,8.549
2011-02-04,747577.05,35,28.7,137.0542431,8.549
2011-02-11,859258.17,35,30.45,137.1378318,8.549
2011-02-18,865305.88,35,39.32,137.2511849,8.549
2011-02-25,841129.26,35,33.05,137.3764439,8.549
2011-03-04,850448.54,35,36.99,137.5017028,8.549
2011-03-11,830601.39,35,43.64,137.6269617,8.549
2011-03-18,800662.82,35,46.65,137.7398929,8.549
2011-03-25,762184.1,35,40.11,137.8478929,8.549
2011-04-01,762620.94,35,37.27,137.9558929,8.512
2011-04-08,813352.41,35,46.87,138.0638929,8.512
2011-04-15,795157.2,35,52.24,138.1646952,8.512
2011-04-22,841778.34,35,50.02,138.2475036,8.512
2011-04-29,811824.06,35,61.71,138.3303119,8.512
2011-05-06,835181.18,35,56.48,138.4131202,8.512
2011-05-13,826155.95,35,60.07,138.4959286,8.512
2011-05-20,776838.56,35,60.22,138.587106,8.512
2011-05-27,850708.6,35,66.43,138.6782834,8.512
2011-06-03,955466.84,35,74.17,138.7694608,8.512
2011-06-10,855130.21,35,73.26,138.8606382,8.512
2011-06-17,828594.86,35,67.03,139.0028333,8.512
2011-06-24,849397.57,35,72.02,139.1832917,8.512
2011-07-01,874453.88,35,73.76,139.36375,8.684
2011-07-08,827717.85,35,76.87,139.5442083,8.684
2011-07-15,813845.5,35,77.83,139.7006325,8.684
2011-07-22,820188.42,35,82.28,139.7969712,8.684
2011-07-29,770820.27,35,79.41,139.8933099,8.684
2011-08-05,826820.71,35,78.14,139.9896486,8.684
2011-08-12,819911.89,35,76.67,140.0859873,8.684
2011-08-19,820288.35,35,72.97,140.1289205,8.684
2011-08-26,897037.25,35,72.88,140.1629528,8.684
2011-09-02,813486.55,35,71.44,140.196985,8.684
2011-09-09,922440.64,35,70.93,140.2310173,8.684
2011-09-16,738792.11,35,69.65,140.2735,8.684
2011-09-23,705802.45,35,63.61,140.32725,8.684
2011-09-30,749676.95,35,70.92,140.381,8.684
2011-10-07,791637.53,35,56.91,140.43475,8.745
2011-10-14,772859.25,35,64.78,140.4784194,8.745
2011-10-21,811328.4,35,59.62,140.4616048,8.745
2011-10-28,808821.5,35,51.81,140.4447903,8.745
2011-11-04,653468.75,35,44.46,140.4279758,8.745
2011-11-11,880576.33,35,49.69,140.4111613,8.745
2011-11-18,820964.1,35,51.42,140.4127857,8.745
2011-11-25,1733822.4,35,47.88,140.4217857,8.745
2011-12-02,903606.03,35,50.55,140.4307857,8.745
2011-12-09,948964.99,35,46.28,140.4397857,8.745
2011-12-16,1115255.65,35,40.68,140.4700795,8.745
2011-12-23,1550214.02,35,41.59,140.528765,8.745
2011-12-30,904650.55,35,37.85,140.5874505,8.745
2012-01-06,671708.09,35,35.8,140.6461359,8.744
2012-01-13,625135.11,35,41.3,140.7048214,8.744
2012-01-20,669850.04,35,30.35,140.8086118,8.744
2012-01-27,588722.99,35,36.96,140.9124021,8.744
2012-02-03,746901.03,35,42.52,141.0161924,8.744
2012-02-10,849779.14,35,37.86,141.1199827,8.744
2012-02-17,824568.39,35,37.24,141.2140357,8.744
2012-02-24,805028.74,35,41.74,141.3007857,8.744
2012-03-02,766571.1,35,40.07,141.3875357,8.744
2012-03-09,796351.35,35,44.32,141.4742857,8.744
2012-03-16,793045.82,35,49.6,141.55478,8.744
2012-03-23,760671.1,35,57.3,141.6269332,8.744
2012-03-30,744525.69,35,49.4,141.6990864,8.744
2012-04-06,860293.46,35,48.73,141.7712396,8.876
2012-04-13,788633.42,35,52.22,141.8433929,8.876
2012-04-20,794660.24,35,62.62,141.9015262,8.876
2012-04-27,721212.45,35,52.33,141.9596595,8.876
2012-05-04,772036.6,35,53.68,142.0177929,8.876
2012-05-11,802383.63,35,58.97,142.0759262,8.876
2012-05-18,819196.68,35,65.15,142.0970115,8.876
2012-05-25,822167.17,35,64.77,142.1032776,8.876
2012-06-01,932195.52,35,73.4,142.1095438,8.876
2012-06-08,873415.01,35,64.05,142.1158099,8.876
2012-06-15,848289.41,35,69.52,142.1292548,8.876
2012-06-22,911696.0,35,73.23,142.1606464,8.876
2012-06-29,892133.41,35,73.94,142.1920381,8.876
2012-07-06,985479.64,35,82.08,142.2234298,8.839
2012-07-13,825763.48,35,78.95,142.2548214,8.839
2012-07-20,841224.74,35,78.64,142.2337569,8.839
2012-07-27,808030.15,35,76.01,142.2126924,8.839
2012-08-03,866216.36,35,75.22,142.1916279,8.839
2012-08-10,888368.8,35,78.44,142.1705634,8.839
2012-08-17,887979.47,35,76.51,142.2157385,8.839
2012-08-24,895274.72,35,72.93,142.3105933,8.839
2012-08-31,931278.97,35,75.0,142.4054482,8.839
2012-09-07,984833.35,35,76.0,142.500303,8.839
2012-09-14,821568.64,35,68.72,142.5938833,8.839
2012-09-21,772302.94,35,66.1,142.6798167,8.839
2012-09-28,814099.86,35,64.92,142.76575,8.839
2012-10-05,866064.4,35,64.5,142.8516833,8.665
2012-10-12,873643.14,35,55.4,142.9376167,8.665
2012-10-19,829284.67,35,56.53,142.8633629,8.665
2012-10-26,865137.6,35,58.99,142.7624113,8.665
2010-02-05,467546.74,36,45.97,209.8529663,8.554
2010-02-12,469563.7,36,46.11,209.9970208,8.554
2010-02-19,470281.03,36,45.66,210.0451024,8.554
2010-02-26,447519.44,36,50.87,210.0771885,8.554
2010-03-05,480203.43,36,51.33,210.1092746,8.554
2010-03-12,441434.2,36,61.96,210.1413607,8.554
2010-03-19,428851.99,36,59.56,209.9803208,8.554
2010-03-26,404438.51,36,55.76,209.7870932,8.554
2010-04-02,435972.82,36,63.43,209.5938656,8.464
2010-04-09,453016.91,36,68.54,209.400638,8.464
2010-04-16,483699.56,36,66.74,209.2691428,8.464
2010-04-23,434116.8,36,68.03,209.2199574,8.464
2010-04-30,457899.64,36,70.9,209.170772,8.464
2010-05-07,489372.02,36,75.56,209.1215867,8.464
2010-05-14,476733.74,36,77.53,209.118536,8.464
2010-05-21,474917.98,36,77.34,209.3922937,8.464
2010-05-28,447050.42,36,80.87,209.6660514,8.464
2010-06-04,471088.88,36,79.93,209.9398091,8.464
2010-06-11,467711.18,36,82.3,210.2135668,8.464
2010-06-18,485694.72,36,84.37,210.2108417,8.464
2010-06-25,434879.87,36,84.14,210.0975233,8.464
2010-07-02,434252.15,36,81.85,209.984205,8.36
2010-07-09,471713.59,36,81.74,209.8708867,8.36
2010-07-16,466962.04,36,84.43,209.8630532,8.36
2010-07-23,452021.2,36,82.6,209.9958663,8.36
2010-07-30,432451.91,36,81.88,210.1286794,8.36
2010-08-06,467442.94,36,85.49,210.2614925,8.36
2010-08-13,470436.8,36,86.06,210.3943056,8.36
2010-08-20,437949.9,36,85.54,210.3617581,8.36
2010-08-27,412050.73,36,84.62,210.3292106,8.36
2010-09-03,431294.45,36,82.29,210.2966631,8.36
2010-09-10,434471.38,36,80.58,210.2641156,8.36
2010-09-17,454694.21,36,82.1,210.2924504,8.36
2010-09-24,419348.59,36,79.17,210.3664469,8.36
2010-10-01,422169.47,36,74.66,210.4404433,8.476
2010-10-08,444351.61,36,66.34,210.5144398,8.476
2010-10-15,453308.15,36,71.57,210.5805944,8.476
2010-10-22,424956.3,36,72.24,210.6271444,8.476
2010-10-29,392654.26,36,76.22,210.6736944,8.476
2010-11-05,405860.37,36,62.72,210.7202444,8.476
2010-11-12,425804.8,36,61.97,210.7667944,8.476
2010-11-19,411615.71,36,56.73,210.65429,8.476
2010-11-26,408891.49,36,67.73,210.5152765,8.476
2010-12-03,360266.09,36,54.44,210.376263,8.476
2010-12-10,404545.03,36,51.83,210.2372494,8.476
2010-12-17,410214.7,36,56.73,210.1787224,8.476
2010-12-24,422093.59,36,59.1,210.1805602,8.476
2010-12-31,359310.65,36,52.88,210.182398,8.476
2011-01-07,384659.85,36,54.11,210.1842358,8.395
2011-01-14,410497.73,36,42.87,210.2379731,8.395
2011-01-21,399191.05,36,51.18,210.6031072,8.395
2011-01-28,372174.12,36,48.74,210.9682412,8.395
2011-02-04,417521.7,36,46.68,211.3333753,8.395
2011-02-11,401501.2,36,41.16,211.6985093,8.395
2011-02-18,427175.03,36,57.48,212.0063522,8.395
2011-02-25,380279.44,36,67.73,212.2912786,8.395
2011-03-04,402579.84,36,64.55,212.576205,8.395
2011-03-11,407506.78,36,59.15,212.8611313,8.395
2011-03-18,431412.22,36,64.9,213.1096787,8.395
2011-03-25,390732.02,36,71.07,213.3436744,8.395
2011-04-01,385672.11,36,67.31,213.5776701,8.3
2011-04-08,428727.61,36,69.39,213.8116658,8.3
2011-04-15,414986.54,36,73.25,214.026217,8.3
2011-04-22,374574.72,36,74.57,214.1921572,8.3
2011-04-29,340708.78,36,76.1,214.3580974,8.3
2011-05-06,393401.4,36,69.56,214.5240376,8.3
2011-05-13,395316.65,36,76.73,214.6899778,8.3
2011-05-20,376183.44,36,73.02,214.465412,8.3
2011-05-27,348655.2,36,81.28,214.2408462,8.3
2011-06-03,373703.95,36,82.96,214.0162805,8.3
2011-06-10,374182.04,36,82.41,213.7917147,8.3
2011-06-17,394645.25,36,84.43,213.7481256,8.3
2011-06-24,360009.94,36,83.95,213.8402689,8.3
2011-07-01,354270.77,36,85.33,213.9324122,8.177
2011-07-08,377464.62,36,84.71,214.0245556,8.177
2011-07-15,385631.48,36,85.63,214.1083654,8.177
2011-07-22,361311.41,36,83.31,214.1713416,8.177
2011-07-29,354361.08,36,84.99,214.2343177,8.177
2011-08-05,381017.75,36,86.71,214.2972939,8.177
2011-08-12,380188.69,36,87.64,214.3602701,8.177
2011-08-19,373267.58,36,87.24,214.4239935,8.177
2011-08-26,344964.2,36,86.02,214.4878416,8.177
2011-09-02,350276.29,36,87.5,214.5516896,8.177
2011-09-09,352960.64,36,77.94,214.6155376,8.177
2011-09-16,343108.12,36,82.06,214.7934111,8.177
2011-09-23,322405.13,36,78.35,215.1233185,8.177
2011-09-30,314910.37,36,81.52,215.4532259,8.177
2011-10-07,346137.87,36,71.2,215.7831333,7.716
2011-10-14,342076.99,36,74.16,216.0885258,7.716
2011-10-21,328633.34,36,67.89,216.2468287,7.716
2011-10-28,306193.81,36,71.31,216.4051315,7.716
2011-11-04,313387.11,36,58.97,216.5634344,7.716
2011-11-11,328498.92,36,63.5,216.7217373,7.716
2011-11-18,332901.94,36,66.28,216.9395861,7.716
2011-11-25,332811.55,36,66.41,217.1812533,7.716
2011-12-02,293350.51,36,53.57,217.4229206,7.716
2011-12-09,312298.37,36,50.64,217.6645878,7.716
2011-12-16,341503.92,36,58.31,217.8781339,7.716
2011-12-23,325262.46,36,55.41,218.0541851,7.716
2011-12-30,287425.22,36,48.26,218.2302364,7.716
2012-01-06,329467.82,36,57.18,218.4062876,7.244
2012-01-13,325976.34,36,56.28,218.5823389,7.244
2012-01-20,330927.21,36,58.9,218.6755292,7.244
2012-01-27,301444.94,36,62.73,218.7687195,7.244
2012-02-03,310982.87,36,61.33,218.8619099,7.244
2012-02-10,335741.9,36,54.49,218.9551002,7.244
2012-02-17,326316.73,36,54.38,219.1148297,7.244
2012-02-24,313270.45,36,62.21,219.3244636,7.244
2012-03-02,315396.72,36,64.54,219.5340975,7.244
2012-03-09,318674.93,36,63.19,219.7437314,7.244
2012-03-16,335345.82,36,67.48,219.8956335,7.244
2012-03-23,317872.51,36,69.18,219.9705599,7.244
2012-03-30,304144.9,36,70.48,220.0454862,7.244
2012-04-06,331026.11,36,73.95,220.1204125,6.989
2012-04-13,339407.94,36,72.54,220.1953389,6.989
2012-04-20,323915.32,36,70.87,220.2483937,6.989
2012-04-27,308389.82,36,70.06,220.3014485,6.989
2012-05-04,312467.52,36,77.17,220.3545033,6.989
2012-05-11,330518.34,36,76.55,220.4075581,6.989
2012-05-18,324801.13,36,73.7,220.4252149,6.989
2012-05-25,306098.17,36,78.94,220.4287124,6.989
2012-06-01,306005.53,36,80.74,220.4322099,6.989
2012-06-08,338273.38,36,81.5,220.4357073,6.989
2012-06-15,333146.88,36,82.15,220.4494148,6.989
2012-06-22,306411.01,36,80.4,220.4886472,6.989
2012-06-29,291530.43,36,86.68,220.5278796,6.989
2012-07-06,306578.89,36,81.52,220.567112,6.623
2012-07-13,298337.41,36,78.15,220.6063444,6.623
2012-07-20,303289.55,36,81.76,220.6148749,6.623
2012-07-27,279643.43,36,84.0,220.6234054,6.623
2012-08-03,304989.97,36,85.56,220.6319358,6.623
2012-08-10,298947.51,36,84.41,220.6404663,6.623
2012-08-17,314607.22,36,85.89,220.7199609,6.623
2012-08-24,282545.55,36,81.26,220.8526787,6.623
2012-08-31,282647.48,36,84.79,220.9853964,6.623
2012-09-07,293728.57,36,84.19,221.1181142,6.623
2012-09-14,301893.63,36,78.16,221.2601207,6.623
2012-09-21,293804.45,36,75.98,221.4578604,6.623
2012-09-28,270677.98,36,79.49,221.6556,6.623
2012-10-05,277137.86,36,73.57,221.8533396,6.228
2012-10-12,300236.85,36,71.28,222.0510793,6.228
2012-10-19,287360.05,36,74.06,222.0951719,6.228
2012-10-26,272489.41,36,74.39,222.1136566,6.228
2010-02-05,536006.73,37,45.97,209.8529663,8.554
2010-02-12,529852.7,37,46.11,209.9970208,8.554
2010-02-19,510382.5,37,45.66,210.0451024,8.554
2010-02-26,513615.82,37,50.87,210.0771885,8.554
2010-03-05,519255.68,37,51.33,210.1092746,8.554
2010-03-12,513015.35,37,61.96,210.1413607,8.554
2010-03-19,460020.74,37,59.56,209.9803208,8.554
2010-03-26,515777.97,37,55.76,209.7870932,8.554
2010-04-02,540189.7,37,63.43,209.5938656,8.464
2010-04-09,513327.55,37,68.54,209.400638,8.464
2010-04-16,524544.83,37,66.74,209.2691428,8.464
2010-04-23,527019.78,37,68.03,209.2199574,8.464
2010-04-30,517850.83,37,70.9,209.170772,8.464
2010-05-07,543234.77,37,75.56,209.1215867,8.464
2010-05-14,505196.08,37,77.53,209.118536,8.464
2010-05-21,510494.7,37,77.34,209.3922937,8.464
2010-05-28,532241.22,37,80.87,209.6660514,8.464
2010-06-04,479195.02,37,79.93,209.9398091,8.464
2010-06-11,481915.11,37,82.3,210.2135668,8.464
2010-06-18,505761.62,37,84.37,210.2108417,8.464
2010-06-25,485419.39,37,84.14,210.0975233,8.464
2010-07-02,498292.53,37,81.85,209.984205,8.36
2010-07-09,502456.04,37,81.74,209.8708867,8.36
2010-07-16,485150.01,37,84.43,209.8630532,8.36
2010-07-23,491998.12,37,82.6,209.9958663,8.36
2010-07-30,487912.95,37,81.88,210.1286794,8.36
2010-08-06,508576.62,37,85.49,210.2614925,8.36
2010-08-13,491815.83,37,86.06,210.3943056,8.36
2010-08-20,486930.72,37,85.54,210.3617581,8.36
2010-08-27,512157.25,37,84.62,210.3292106,8.36
2010-09-03,510427.53,37,82.29,210.2966631,8.36
2010-09-10,510296.07,37,80.58,210.2641156,8.36
2010-09-17,501251.4,37,82.1,210.2924504,8.36
2010-09-24,494265.48,37,79.17,210.3664469,8.36
2010-10-01,529877.93,37,74.66,210.4404433,8.476
2010-10-08,524483.65,37,66.34,210.5144398,8.476
2010-10-15,498925.86,37,71.57,210.5805944,8.476
2010-10-22,510425.4,37,72.24,210.6271444,8.476
2010-10-29,514485.9,37,76.22,210.6736944,8.476
2010-11-05,539683.42,37,62.72,210.7202444,8.476
2010-11-12,517546.69,37,61.97,210.7667944,8.476
2010-11-19,518124.16,37,56.73,210.65429,8.476
2010-11-26,518220.72,37,67.73,210.5152765,8.476
2010-12-03,508213.14,37,54.44,210.376263,8.476
2010-12-10,511207.52,37,51.83,210.2372494,8.476
2010-12-17,534285.21,37,56.73,210.1787224,8.476
2010-12-24,576809.92,37,59.1,210.1805602,8.476
2010-12-31,460331.7,37,52.88,210.182398,8.476
2011-01-07,542464.02,37,54.11,210.1842358,8.395
2011-01-14,525616.9,37,42.87,210.2379731,8.395
2011-01-21,526486.82,37,51.18,210.6031072,8.395
2011-01-28,513672.36,37,48.74,210.9682412,8.395
2011-02-04,583835.18,37,46.68,211.3333753,8.395
2011-02-11,522514.32,37,41.16,211.6985093,8.395
2011-02-18,536840.69,37,57.48,212.0063522,8.395
2011-02-25,514758.19,37,67.73,212.2912786,8.395
2011-03-04,527572.25,37,64.55,212.576205,8.395
2011-03-11,505610.4,37,59.15,212.8611313,8.395
2011-03-18,478503.06,37,64.9,213.1096787,8.395
2011-03-25,522105.93,37,71.07,213.3436744,8.395
2011-04-01,534578.78,37,67.31,213.5776701,8.3
2011-04-08,543703.16,37,69.39,213.8116658,8.3
2011-04-15,543775.87,37,73.25,214.026217,8.3
2011-04-22,526434.37,37,74.57,214.1921572,8.3
2011-04-29,502918.18,37,76.1,214.3580974,8.3
2011-05-06,547513.3,37,69.56,214.5240376,8.3
2011-05-13,511871.63,37,76.73,214.6899778,8.3
2011-05-20,533564.42,37,73.02,214.465412,8.3
2011-05-27,507086.75,37,81.28,214.2408462,8.3
2011-06-03,500381.23,37,82.96,214.0162805,8.3
2011-06-10,509647.25,37,82.41,213.7917147,8.3
2011-06-17,525132.36,37,84.43,213.7481256,8.3
2011-06-24,509276.22,37,83.95,213.8402689,8.3
2011-07-01,517021.3,37,85.33,213.9324122,8.177
2011-07-08,489059.93,37,84.71,214.0245556,8.177
2011-07-15,498749.62,37,85.63,214.1083654,8.177
2011-07-22,505543.53,37,83.31,214.1713416,8.177
2011-07-29,504974.95,37,84.99,214.2343177,8.177
2011-08-05,510787.46,37,86.71,214.2972939,8.177
2011-08-12,502504.39,37,87.64,214.3602701,8.177
2011-08-19,506897.98,37,87.24,214.4239935,8.177
2011-08-26,527947.21,37,86.02,214.4878416,8.177
2011-09-02,530367.83,37,87.5,214.5516896,8.177
2011-09-09,506273.74,37,77.94,214.6155376,8.177
2011-09-16,513341.94,37,82.06,214.7934111,8.177
2011-09-23,516556.94,37,78.35,215.1233185,8.177
2011-09-30,516402.1,37,81.52,215.4532259,8.177
2011-10-07,522816.85,37,71.2,215.7831333,7.716
2011-10-14,513636.01,37,74.16,216.0885258,7.716
2011-10-21,522784.33,37,67.89,216.2468287,7.716
2011-10-28,517355.44,37,71.31,216.4051315,7.716
2011-11-04,555925.6,37,58.97,216.5634344,7.716
2011-11-11,501268.78,37,63.5,216.7217373,7.716
2011-11-18,527495.09,37,66.28,216.9395861,7.716
2011-11-25,522554.04,37,66.41,217.1812533,7.716
2011-12-02,527117.81,37,53.57,217.4229206,7.716
2011-12-09,537224.52,37,50.64,217.6645878,7.716
2011-12-16,533905.67,37,58.31,217.8781339,7.716
2011-12-23,605791.46,37,55.41,218.0541851,7.716
2011-12-30,451327.61,37,48.26,218.2302364,7.716
2012-01-06,558343.57,37,57.18,218.4062876,7.244
2012-01-13,546221.4,37,56.28,218.5823389,7.244
2012-01-20,543894.07,37,58.9,218.6755292,7.244
2012-01-27,514116.58,37,62.73,218.7687195,7.244
2012-02-03,555424.24,37,61.33,218.8619099,7.244
2012-02-10,527041.46,37,54.49,218.9551002,7.244
2012-02-17,541071.29,37,54.38,219.1148297,7.244
2012-02-24,518696.89,37,62.21,219.3244636,7.244
2012-03-02,525559.17,37,64.54,219.5340975,7.244
2012-03-09,535937.25,37,63.19,219.7437314,7.244
2012-03-16,484588.34,37,67.48,219.8956335,7.244
2012-03-23,520887.23,37,69.18,219.9705599,7.244
2012-03-30,533734.94,37,70.48,220.0454862,7.244
2012-04-06,564848.78,37,73.95,220.1204125,6.989
2012-04-13,506973.17,37,72.54,220.1953389,6.989
2012-04-20,523483.19,37,70.87,220.2483937,6.989
2012-04-27,528807.45,37,70.06,220.3014485,6.989
2012-05-04,535311.64,37,77.17,220.3545033,6.989
2012-05-11,527983.04,37,76.55,220.4075581,6.989
2012-05-18,534847.96,37,73.7,220.4252149,6.989
2012-05-25,540625.79,37,78.94,220.4287124,6.989
2012-06-01,531811.85,37,80.74,220.4322099,6.989
2012-06-08,528940.78,37,81.5,220.4357073,6.989
2012-06-15,508573.16,37,82.15,220.4494148,6.989
2012-06-22,484032.75,37,80.4,220.4886472,6.989
2012-06-29,508309.81,37,86.68,220.5278796,6.989
2012-07-06,519498.32,37,81.52,220.567112,6.623
2012-07-13,506005.47,37,78.15,220.6063444,6.623
2012-07-20,503744.56,37,81.76,220.6148749,6.623
2012-07-27,514489.17,37,84.0,220.6234054,6.623
2012-08-03,521959.28,37,85.56,220.6319358,6.623
2012-08-10,500964.59,37,84.41,220.6404663,6.623
2012-08-17,509633.71,37,85.89,220.7199609,6.623
2012-08-24,522665.04,37,81.26,220.8526787,6.623
2012-08-31,538344.1,37,84.79,220.9853964,6.623
2012-09-07,526838.14,37,84.19,221.1181142,6.623
2012-09-14,514651.74,37,78.16,221.2601207,6.623
2012-09-21,521320.98,37,75.98,221.4578604,6.623
2012-09-28,527953.14,37,79.49,221.6556,6.623
2012-10-05,546122.37,37,73.57,221.8533396,6.228
2012-10-12,521810.75,37,71.28,222.0510793,6.228
2012-10-19,551969.1,37,74.06,222.0951719,6.228
2012-10-26,534738.43,37,74.39,222.1136566,6.228
2010-02-05,358496.14,38,49.47,126.4420645,11.218499999999999
2010-02-12,342214.9,38,47.87,126.4962581,11.218499999999999
2010-02-19,327237.92,38,54.83,126.5262857,11.218499999999999
2010-02-26,334222.73,38,50.23,126.5522857,11.218499999999999
2010-03-05,372239.89,38,53.77,126.5782857,11.218499999999999
2010-03-12,342023.92,38,50.11,126.6042857,11.218499999999999
2010-03-19,333025.47,38,59.57,126.6066452,11.218499999999999
2010-03-26,335858.11,38,60.06,126.6050645,11.218499999999999
2010-04-02,368929.55,38,59.84,126.6034839,11.218499999999999
2010-04-09,341630.46,38,59.25,126.6019032,11.218499999999999
2010-04-16,337723.49,38,64.95,126.5621,11.218499999999999
2010-04-23,335121.82,38,64.55,126.4713333,11.218499999999999
2010-04-30,337979.65,38,67.38,126.3805667,11.218499999999999
2010-05-07,383657.44,38,70.15,126.2898,11.218499999999999
2010-05-14,346174.3,38,68.44,126.2085484,11.218499999999999
2010-05-21,340497.08,38,76.2,126.1843871,11.218499999999999
2010-05-28,326469.43,38,67.84,126.1602258,11.218499999999999
2010-06-04,376184.88,38,81.39,126.1360645,11.218499999999999
2010-06-11,354828.65,38,90.84,126.1119032,11.218499999999999
2010-06-18,335691.85,38,81.06,126.114,11.218499999999999
2010-06-25,322046.76,38,87.27,126.1266,11.218499999999999
2010-07-02,361181.48,38,91.98,126.1392,11.218499999999999
2010-07-09,343850.34,38,90.37,126.1518,11.218499999999999
2010-07-16,338277.71,38,97.18,126.1498065,11.218499999999999
2010-07-23,328336.85,38,99.22,126.1283548,11.218499999999999
2010-07-30,336378.38,38,96.31,126.1069032,11.218499999999999
2010-08-06,378574.44,38,92.95,126.0854516,11.218499999999999
2010-08-13,341400.72,38,87.01,126.064,11.218499999999999
2010-08-20,329139.73,38,92.81,126.0766452,11.218499999999999
2010-08-27,322868.56,38,93.19,126.0892903,11.218499999999999
2010-09-03,377096.55,38,83.12,126.1019355,11.218499999999999
2010-09-10,336227.69,38,83.63,126.1145806,11.218499999999999
2010-09-17,336253.19,38,82.45,126.1454667,11.218499999999999
2010-09-24,330604.9,38,81.77,126.1900333,11.218499999999999
2010-10-01,360256.58,38,85.2,126.2346,11.218499999999999
2010-10-08,351271.36,38,71.82,126.2791667,11.218499999999999
2010-10-15,337743.26,38,75.0,126.3266774,11.218499999999999
2010-10-22,339042.18,38,68.85,126.3815484,11.218499999999999
2010-10-29,341219.63,38,61.09,126.4364194,11.218499999999999
2010-11-05,380870.09,38,65.49,126.4912903,11.218499999999999
2010-11-12,340147.2,38,57.79,126.5461613,11.218499999999999
2010-11-19,348593.99,38,58.18,126.6072,11.218499999999999
2010-11-26,360857.98,38,47.66,126.6692667,11.218499999999999
2010-12-03,351925.36,38,43.33,126.7313333,11.218499999999999
2010-12-10,355965.23,38,50.01,126.7934,11.218499999999999
2010-12-17,334441.15,38,52.77,126.8794839,11.218499999999999
2010-12-24,369106.72,38,52.02,126.9835806,11.218499999999999
2010-12-31,303908.81,38,45.64,127.0876774,11.218499999999999
2011-01-07,386344.54,38,37.64,127.1917742,11.218499999999999
2011-01-14,356138.79,38,43.15,127.3009355,11.218499999999999
2011-01-21,341098.08,38,53.53,127.4404839,11.218499999999999
2011-01-28,357557.16,38,50.74,127.5800323,11.218499999999999
2011-02-04,402341.76,38,45.14,127.7195806,11.218499999999999
2011-02-11,377672.46,38,51.3,127.859129,11.218499999999999
2011-02-18,364606.7,38,53.35,127.99525,11.218499999999999
2011-02-25,354232.34,38,48.45,128.13,11.218499999999999
2011-03-04,405429.43,38,51.72,128.26475,11.218499999999999
2011-03-11,357897.18,38,57.75,128.3995,11.218499999999999
2011-03-18,349459.95,38,64.21,128.5121935,11.218499999999999
2011-03-25,351541.62,38,54.4,128.6160645,11.218499999999999
2011-04-01,382098.13,38,63.63,128.7199355,11.218499999999999
2011-04-08,392152.3,38,64.47,128.8238065,11.218499999999999
2011-04-15,362758.94,38,57.63,128.9107333,11.218499999999999
2011-04-22,362952.34,38,72.12,128.9553,11.218499999999999
2011-04-29,344225.99,38,68.27,128.9998667,11.218499999999999
2011-05-06,422186.65,38,68.4,129.0444333,11.218499999999999
2011-05-13,366977.79,38,70.93,129.089,11.218499999999999
2011-05-20,365730.76,38,66.59,129.0756774,11.218499999999999
2011-05-27,356886.1,38,76.67,129.0623548,11.218499999999999
2011-06-03,396826.06,38,71.81,129.0490323,11.218499999999999
2011-06-10,381763.02,38,78.72,129.0357097,11.218499999999999
2011-06-17,356797.0,38,86.84,129.0432,11.218499999999999
2011-06-24,354078.95,38,88.95,129.0663,11.218499999999999
2011-07-01,387334.04,38,89.85,129.0894,11.218499999999999
2011-07-08,399699.17,38,89.9,129.1125,11.218499999999999
2011-07-15,367181.71,38,88.1,129.1338387,11.218499999999999
2011-07-22,365562.67,38,91.17,129.1507742,11.218499999999999
2011-07-29,355131.33,38,93.29,129.1677097,11.218499999999999
2011-08-05,437631.44,38,90.61,129.1846452,11.218499999999999
2011-08-12,387844.05,38,91.04,129.2015806,11.218499999999999
2011-08-19,362224.7,38,91.74,129.2405806,11.218499999999999
2011-08-26,365672.55,38,94.61,129.2832581,11.218499999999999
2011-09-02,416953.51,38,93.66,129.3259355,11.218499999999999
2011-09-09,397771.68,38,88.0,129.3686129,11.218499999999999
2011-09-16,408188.88,38,76.36,129.4306,11.218499999999999
2011-09-23,394665.28,38,82.95,129.5183333,11.218499999999999
2011-09-30,366819.84,38,83.26,129.6060667,11.218499999999999
2011-10-07,449516.29,38,70.44,129.6938,11.218499999999999
2011-10-14,400430.78,38,67.31,129.7706452,11.218499999999999
2011-10-21,402709.17,38,73.05,129.7821613,11.218499999999999
2011-10-28,378539.17,38,67.41,129.7936774,11.218499999999999
2011-11-04,436970.1,38,59.77,129.8051935,11.218499999999999
2011-11-11,411116.95,38,48.76,129.8167097,11.218499999999999
2011-11-18,392003.13,38,54.2,129.8268333,11.218499999999999
2011-11-25,393715.71,38,53.25,129.8364,11.218499999999999
2011-12-02,411252.02,38,52.5,129.8459667,11.218499999999999
2011-12-09,435401.64,38,42.17,129.8555333,11.218499999999999
2011-12-16,404283.84,38,43.29,129.8980645,11.218499999999999
2011-12-23,419717.41,38,45.4,129.9845484,11.218499999999999
2011-12-30,342667.35,38,44.64,130.0710323,11.218499999999999
2012-01-06,478483.2,38,50.43,130.1575161,11.218499999999999
2012-01-13,423260.82,38,48.07,130.244,11.218499999999999
2012-01-20,405215.91,38,46.2,130.2792258,11.218499999999999
2012-01-27,412882.31,38,50.43,130.3144516,11.218499999999999
2012-02-03,457711.68,38,50.58,130.3496774,11.218499999999999
2012-02-10,469787.38,38,52.27,130.3849032,11.218499999999999
2012-02-17,415513.97,38,51.8,130.4546207,11.218499999999999
2012-02-24,409411.61,38,53.13,130.5502069,11.218499999999999
2012-03-02,471115.38,38,52.27,130.6457931,11.218499999999999
2012-03-09,452792.53,38,54.54,130.7413793,11.218499999999999
2012-03-16,428465.11,38,64.44,130.8261935,11.218499999999999
2012-03-23,412456.48,38,56.26,130.8966452,11.218499999999999
2012-03-30,408679.36,38,64.36,130.9670968,11.218499999999999
2012-04-06,499267.66,38,64.05,131.0375484,11.218499999999999
2012-04-13,435790.74,38,64.28,131.108,11.218499999999999
2012-04-20,401615.8,38,66.73,131.1173333,11.218499999999999
2012-04-27,419964.77,38,77.99,131.1266667,11.218499999999999
2012-05-04,491755.69,38,76.03,131.136,11.218499999999999
2012-05-11,429914.6,38,77.27,131.1453333,11.218499999999999
2012-05-18,412314.71,38,84.51,131.0983226,11.218499999999999
2012-05-25,422810.12,38,83.84,131.0287742,11.218499999999999
2012-06-01,435579.7,38,78.11,130.9592258,11.218499999999999
2012-06-08,448110.25,38,84.83,130.8896774,11.218499999999999
2012-06-15,430222.07,38,85.94,130.8295333,11.218499999999999
2012-06-22,405938.35,38,91.61,130.7929,11.218499999999999
2012-06-29,404634.36,38,90.47,130.7562667,11.218499999999999
2012-07-06,471086.22,38,89.13,130.7196333,10.926
2012-07-13,416036.75,38,95.61,130.683,10.926
2012-07-20,441683.74,38,85.53,130.7012903,10.926
2012-07-27,407186.47,38,93.47,130.7195806,10.926
2012-08-03,469311.17,38,88.16,130.737871,10.926
2012-08-10,436690.13,38,95.91,130.7561613,10.926
2012-08-17,411866.46,38,94.87,130.7909677,10.926
2012-08-24,397428.22,38,85.32,130.8381613,10.926
2012-08-31,424904.95,38,89.78,130.8853548,10.926
2012-09-07,490274.82,38,88.52,130.9325484,10.926
2012-09-14,430944.39,38,83.64,130.9776667,10.926
2012-09-21,409600.98,38,82.97,131.0103333,10.926
2012-09-28,398468.08,38,81.22,131.043,10.926
2012-10-05,458479.01,38,81.61,131.0756667,10.199
2012-10-12,437320.66,38,71.74,131.1083333,10.199
2012-10-19,428806.46,38,68.66,131.1499677,10.199
2012-10-26,417290.38,38,65.95,131.1930968,10.199
2010-02-05,1230596.8,39,44.3,209.8529663,8.554
2010-02-12,1266229.07,39,44.58,209.9970208,8.554
2010-02-19,1230591.97,39,43.96,210.0451024,8.554
2010-02-26,1168582.02,39,49.79,210.0771885,8.554
2010-03-05,1266254.21,39,50.93,210.1092746,8.554
2010-03-12,1244391.83,39,61.88,210.1413607,8.554
2010-03-19,1301590.13,39,58.62,209.9803208,8.554
2010-03-26,1235094.66,39,54.83,209.7870932,8.554
2010-04-02,1463942.62,39,63.31,209.5938656,8.464
2010-04-09,1327035.27,39,68.15,209.400638,8.464
2010-04-16,1242874.98,39,66.33,209.2691428,8.464
2010-04-23,1280231.85,39,67.64,209.2199574,8.464
2010-04-30,1263836.59,39,70.03,209.170772,8.464
2010-05-07,1355704.21,39,74.86,209.1215867,8.464
2010-05-14,1226997.7,39,77.49,209.118536,8.464
2010-05-21,1350673.98,39,76.67,209.3922937,8.464
2010-05-28,1365541.59,39,80.22,209.6660514,8.464
2010-06-04,1512207.95,39,79.83,209.9398091,8.464
2010-06-11,1371405.33,39,81.78,210.2135668,8.464
2010-06-18,1368312.45,39,83.96,210.2108417,8.464
2010-06-25,1280414.8,39,83.24,210.0975233,8.464
2010-07-02,1352547.7,39,81.35,209.984205,8.36
2010-07-09,1330473.47,39,81.1,209.8708867,8.36
2010-07-16,1339811.68,39,83.86,209.8630532,8.36
2010-07-23,1314651.83,39,82.2,209.9958663,8.36
2010-07-30,1308222.24,39,80.99,210.1286794,8.36
2010-08-06,1409989.67,39,84.92,210.2614925,8.36
2010-08-13,1371465.66,39,85.66,210.3943056,8.36
2010-08-20,1471816.52,39,85.73,210.3617581,8.36
2010-08-27,1417515.93,39,84.31,210.3292106,8.36
2010-09-03,1345167.61,39,82.13,210.2966631,8.36
2010-09-10,1279666.47,39,79.94,210.2641156,8.36
2010-09-17,1252915.43,39,81.83,210.2924504,8.36
2010-09-24,1199449.54,39,78.5,210.3664469,8.36
2010-10-01,1219583.91,39,72.74,210.4404433,8.476
2010-10-08,1286598.59,39,64.8,210.5144398,8.476
2010-10-15,1238742.0,39,69.96,210.5805944,8.476
2010-10-22,1261109.01,39,71.73,210.6271444,8.476
2010-10-29,1294769.08,39,75.14,210.6736944,8.476
2010-11-05,1293707.19,39,61.62,210.7202444,8.476
2010-11-12,1291398.71,39,62.21,210.7667944,8.476
2010-11-19,1370659.54,39,55.5,210.65429,8.476
2010-11-26,2149355.2,39,67.75,210.5152765,8.476
2010-12-03,1431910.98,39,53.55,210.376263,8.476
2010-12-10,1630564.48,39,50.81,210.2372494,8.476
2010-12-17,1842172.46,39,55.31,210.1787224,8.476
2010-12-24,2495489.25,39,58.86,210.1805602,8.476
2010-12-31,1230012.16,39,52.45,210.182398,8.476
2011-01-07,1224475.12,39,52.74,210.1842358,8.395
2011-01-14,1193199.39,39,41.74,210.2379731,8.395
2011-01-21,1243370.74,39,50.25,210.6031072,8.395
2011-01-28,1158698.44,39,47.94,210.9682412,8.395
2011-02-04,1343773.94,39,45.96,211.3333753,8.395
2011-02-11,1227893.89,39,40.34,211.6985093,8.395
2011-02-18,1335233.74,39,58.2,212.0063522,8.395
2011-02-25,1240921.19,39,67.77,212.2912786,8.395
2011-03-04,1316385.43,39,63.56,212.576205,8.395
2011-03-11,1283716.81,39,58.35,212.8611313,8.395
2011-03-18,1348410.05,39,65.28,213.1096787,8.395
2011-03-25,1284334.79,39,71.17,213.3436744,8.395
2011-04-01,1316849.36,39,66.57,213.5776701,8.3
2011-04-08,1350646.16,39,69.45,213.8116658,8.3
2011-04-15,1348031.55,39,73.19,214.026217,8.3
2011-04-22,1563140.85,39,74.98,214.1921572,8.3
2011-04-29,1379651.87,39,76.47,214.3580974,8.3
2011-05-06,1370920.87,39,68.75,214.5240376,8.3
2011-05-13,1325022.77,39,77.39,214.6899778,8.3
2011-05-20,1373907.21,39,73.31,214.465412,8.3
2011-05-27,1406124.14,39,82.1,214.2408462,8.3
2011-06-03,1541745.59,39,83.59,214.0162805,8.3
2011-06-10,1442092.08,39,82.75,213.7917147,8.3
2011-06-17,1451392.67,39,85.21,213.7481256,8.3
2011-06-24,1363167.95,39,84.06,213.8402689,8.3
2011-07-01,1429829.36,39,84.93,213.9324122,8.177
2011-07-08,1414564.53,39,84.33,214.0245556,8.177
2011-07-15,1380257.12,39,85.96,214.1083654,8.177
2011-07-22,1416005.59,39,84.6,214.1713416,8.177
2011-07-29,1426418.53,39,86.24,214.2343177,8.177
2011-08-05,1518790.89,39,87.73,214.2972939,8.177
2011-08-12,1514055.97,39,88.27,214.3602701,8.177
2011-08-19,1629066.9,39,87.93,214.4239935,8.177
2011-08-26,1573898.63,39,86.49,214.4878416,8.177
2011-09-02,1465089.85,39,88.65,214.5516896,8.177
2011-09-09,1429345.86,39,79.15,214.6155376,8.177
2011-09-16,1372500.63,39,83.11,214.7934111,8.177
2011-09-23,1338657.95,39,78.75,215.1233185,8.177
2011-09-30,1311775.83,39,81.51,215.4532259,8.177
2011-10-07,1443884.39,39,71.68,215.7831333,7.716
2011-10-14,1384721.84,39,73.79,216.0885258,7.716
2011-10-21,1465283.29,39,67.65,216.2468287,7.716
2011-10-28,1472663.1,39,71.05,216.4051315,7.716
2011-11-04,1553629.59,39,58.04,216.5634344,7.716
2011-11-11,1456957.38,39,63.11,216.7217373,7.716
2011-11-18,1510397.27,39,66.09,216.9395861,7.716
2011-11-25,2338832.4,39,66.36,217.1812533,7.716
2011-12-02,1632894.58,39,53.14,217.4229206,7.716
2011-12-09,1781528.77,39,49.36,217.6645878,7.716
2011-12-16,1991824.05,39,58.58,217.8781339,7.716
2011-12-23,2554482.84,39,54.62,218.0541851,7.716
2011-12-30,1537139.56,39,47.6,218.2302364,7.716
2012-01-06,1478537.93,39,55.83,218.4062876,7.244
2012-01-13,1369125.37,39,54.66,218.5823389,7.244
2012-01-20,1394841.03,39,58.04,218.6755292,7.244
2012-01-27,1320301.61,39,60.65,218.7687195,7.244
2012-02-03,1396150.15,39,60.69,218.8619099,7.244
2012-02-10,1442988.44,39,52.89,218.9551002,7.244
2012-02-17,1511041.69,39,52.75,219.1148297,7.244
2012-02-24,1412065.04,39,61.1,219.3244636,7.244
2012-03-02,1453047.02,39,64.05,219.5340975,7.244
2012-03-09,1470764.35,39,61.64,219.7437314,7.244
2012-03-16,1522421.07,39,65.81,219.8956335,7.244
2012-03-23,1469593.37,39,67.91,219.9705599,7.244
2012-03-30,1499727.02,39,69.11,220.0454862,7.244
2012-04-06,1764847.94,39,73.49,220.1204125,6.989
2012-04-13,1580732.73,39,71.59,220.1953389,6.989
2012-04-20,1433391.04,39,70.04,220.2483937,6.989
2012-04-27,1456997.2,39,69.11,220.3014485,6.989
2012-05-04,1512227.34,39,77.15,220.3545033,6.989
2012-05-11,1470792.41,39,75.52,220.4075581,6.989
2012-05-18,1522978.54,39,72.36,220.4252149,6.989
2012-05-25,1596036.66,39,78.31,220.4287124,6.989
2012-06-01,1640476.77,39,80.33,220.4322099,6.989
2012-06-08,1623442.24,39,81.12,220.4357073,6.989
2012-06-15,1587499.82,39,81.33,220.4494148,6.989
2012-06-22,1532316.79,39,79.84,220.4886472,6.989
2012-06-29,1492388.98,39,85.72,220.5278796,6.989
2012-07-06,1659221.99,39,81.05,220.567112,6.623
2012-07-13,1471261.76,39,78.16,220.6063444,6.623
2012-07-20,1582168.27,39,80.32,220.6148749,6.623
2012-07-27,1487797.54,39,82.89,220.6234054,6.623
2012-08-03,1608277.74,39,84.05,220.6319358,6.623
2012-08-10,1641867.92,39,83.47,220.6404663,6.623
2012-08-17,1720221.91,39,84.72,220.7199609,6.623
2012-08-24,1724669.75,39,80.49,220.8526787,6.623
2012-08-31,1710923.94,39,83.72,220.9853964,6.623
2012-09-07,1609811.75,39,83.71,221.1181142,6.623
2012-09-14,1447614.08,39,76.71,221.2601207,6.623
2012-09-21,1555672.51,39,73.58,221.4578604,6.623
2012-09-28,1495607.07,39,78.04,221.6556,6.623
2012-10-05,1574408.67,39,72.05,221.8533396,6.228
2012-10-12,1494417.07,39,69.88,222.0510793,6.228
2012-10-19,1577486.33,39,71.45,222.0951719,6.228
2012-10-26,1569502.0,39,72.9,222.1136566,6.228
2010-02-05,1001943.8,40,14.48,131.5279032,5.892
2010-02-12,955338.29,40,20.84,131.5866129,5.892
2010-02-19,916289.2,40,27.84,131.637,5.892
2010-02-26,863917.41,40,33.32,131.686,5.892
2010-03-05,990152.28,40,34.78,131.735,5.892
2010-03-12,899352.4,40,35.1,131.784,5.892
2010-03-19,894865.3,40,40.54,131.8242903,5.892
2010-03-26,873354.58,40,39.51,131.863129,5.892
2010-04-02,1041202.13,40,41.39,131.9019677,5.435
2010-04-09,919839.19,40,54.31,131.9408065,5.435
2010-04-16,882636.96,40,43.3,131.9809,5.435
2010-04-23,844958.49,40,45.85,132.0226667,5.435
2010-04-30,816838.31,40,46.5,132.0644333,5.435
2010-05-07,1009797.06,40,60.05,132.1062,5.435
2010-05-14,907262.47,40,45.5,132.152129,5.435
2010-05-21,885613.91,40,56.75,132.2230323,5.435
2010-05-28,1008483.07,40,67.88,132.2939355,5.435
2010-06-04,1052429.03,40,65.7,132.3648387,5.435
2010-06-11,1007574.67,40,59.42,132.4357419,5.435
2010-06-18,973105.3,40,60.97,132.4733333,5.435
2010-06-25,940405.03,40,69.72,132.4976,5.435
2010-07-02,1087578.78,40,65.47,132.5218667,5.326
2010-07-09,1058250.91,40,76.67,132.5461333,5.326
2010-07-16,959229.09,40,74.25,132.5667742,5.326
2010-07-23,922341.82,40,71.79,132.5825806,5.326
2010-07-30,953393.02,40,71.35,132.5983871,5.326
2010-08-06,1057295.87,40,69.16,132.6141935,5.326
2010-08-13,924011.76,40,67.47,132.63,5.326
2010-08-20,932397.0,40,67.05,132.6616129,5.326
2010-08-27,922328.02,40,62.57,132.6932258,5.326
2010-09-03,976453.34,40,70.66,132.7248387,5.326
2010-09-10,967310.82,40,62.75,132.7564516,5.326
2010-09-17,855046.95,40,55.34,132.7670667,5.326
2010-09-24,844373.31,40,55.63,132.7619333,5.326
2010-10-01,891152.33,40,62.01,132.7568,5.287
2010-10-08,972405.38,40,52.02,132.7516667,5.287
2010-10-15,917883.17,40,44.56,132.7633548,5.287
2010-10-22,882180.91,40,41.25,132.8170968,5.287
2010-10-29,875038.84,40,47.1,132.8708387,5.287
2010-11-05,968270.66,40,36.45,132.9245806,5.287
2010-11-12,935481.32,40,38.5,132.9783226,5.287
2010-11-19,852452.93,40,40.52,132.9172,5.287
2010-11-26,1166142.85,40,32.94,132.8369333,5.287
2010-12-03,1000582.06,40,33.6,132.7566667,5.287
2010-12-10,1111215.72,40,21.64,132.6764,5.287
2010-12-17,1179036.3,40,23.01,132.6804516,5.287
2010-12-24,1648829.18,40,24.18,132.7477419,5.287
2010-12-31,811318.3,40,19.29,132.8150323,5.287
2011-01-07,894280.19,40,24.05,132.8823226,5.114
2011-01-14,771315.62,40,18.55,132.9510645,5.114
2011-01-21,764014.75,40,14.64,133.0285161,5.114
2011-01-28,775910.43,40,9.51,133.1059677,5.114
2011-02-04,904261.65,40,13.29,133.1834194,5.114
2011-02-11,931939.52,40,16.87,133.260871,5.114
2011-02-18,968694.45,40,21.82,133.3701429,5.114
2011-02-25,888869.27,40,16.5,133.4921429,5.114
2011-03-04,977070.62,40,18.49,133.6141429,5.114
2011-03-11,860255.58,40,30.53,133.7361429,5.114
2011-03-18,871024.26,40,35.76,133.8492258,5.114
2011-03-25,834621.39,40,28.89,133.9587419,5.114
2011-04-01,841889.08,40,28.6,134.0682581,4.781
2011-04-08,947753.32,40,34.77,134.1777742,4.781
2011-04-15,874446.32,40,43.69,134.2784667,4.781
2011-04-22,965056.4,40,39.32,134.3571,4.781
2011-04-29,847246.5,40,52.68,134.4357333,4.781
2011-05-06,1016752.55,40,50.81,134.5143667,4.781
2011-05-13,903864.02,40,54.09,134.593,4.781
2011-05-20,907110.83,40,56.38,134.6803871,4.781
2011-05-27,972373.81,40,63.11,134.7677742,4.781
2011-06-03,1075687.74,40,66.16,134.8551613,4.781
2011-06-10,984336.04,40,64.19,134.9425484,4.781
2011-06-17,971422.67,40,59.16,135.0837333,4.781
2011-06-24,977103.64,40,62.59,135.2652667,4.781
2011-07-01,1048866.3,40,65.25,135.4468,4.584
2011-07-08,1107366.06,40,67.86,135.6283333,4.584
2011-07-15,953252.14,40,68.9,135.7837419,4.584
2011-07-22,980642.1,40,73.34,135.8738387,4.584
2011-07-29,929096.9,40,67.45,135.9639355,4.584
2011-08-05,1063818.2,40,68.1,136.0540323,4.584
2011-08-12,955506.95,40,68.3,136.144129,4.584
2011-08-19,943237.12,40,64.05,136.183129,4.584
2011-08-26,969611.3,40,65.01,136.2136129,4.584
2011-09-02,957298.26,40,63.79,136.2440968,4.584
2011-09-09,1021391.99,40,64.83,136.2745806,4.584
2011-09-16,890661.79,40,58.28,136.3145,4.584
2011-09-23,876583.98,40,54.09,136.367,4.584
2011-09-30,912857.1,40,63.45,136.4195,4.584
2011-10-07,1070389.98,40,50.21,136.472,4.42
2011-10-14,936751.68,40,53.9,136.5150968,4.42
2011-10-21,942319.65,40,51.61,136.5017742,4.42
2011-10-28,941675.95,40,42.09,136.4884516,4.42
2011-11-04,1011321.18,40,35.4,136.475129,4.42
2011-11-11,1037687.07,40,40.75,136.4618065,4.42
2011-11-18,905399.99,40,41.85,136.4666667,4.42
2011-11-25,1230011.95,40,32.76,136.4788,4.42
2011-12-02,1059676.62,40,38.51,136.4909333,4.42
2011-12-09,1158708.98,40,34.48,136.5030667,4.42
2011-12-16,1198670.19,40,29.53,136.5335161,4.42
2011-12-23,1601585.7,40,24.46,136.5883871,4.42
2011-12-30,908853.15,40,18.75,136.6432581,4.42
2012-01-06,954576.86,40,23.29,136.698129,4.2945
2012-01-13,780607.52,40,25.9,136.753,4.2945
2012-01-20,811365.42,40,14.02,136.8564194,4.2945
2012-01-27,770157.29,40,22.91,136.9598387,4.2945
2012-02-03,979552.34,40,27.86,137.0632581,4.2945
2012-02-10,999785.48,40,23.92,137.1666774,4.2945
2012-02-17,975500.87,40,25.56,137.2583103,4.2945
2012-02-24,919301.81,40,29.88,137.3411034,4.2945
2012-03-02,927732.02,40,23.79,137.4238966,4.2945
2012-03-09,954233.87,40,30.58,137.5066897,4.2945
2012-03-16,891154.18,40,37.13,137.5843871,4.2945
2012-03-23,844490.86,40,52.27,137.6552903,4.2945
2012-03-30,871945.64,40,36.25,137.7261935,4.2945
2012-04-06,1132064.23,40,36.54,137.7970968,4.2945
2012-04-13,857811.17,40,40.65,137.868,4.2945
2012-04-20,896979.93,40,55.3,137.9230667,4.2945
2012-04-27,875372.91,40,47.51,137.9781333,4.2945
2012-05-04,993311.59,40,44.47,138.0332,4.2945
2012-05-11,967729.35,40,52.06,138.0882667,4.2945
2012-05-18,896295.41,40,57.59,138.1065806,4.2945
2012-05-25,991054.49,40,65.25,138.1101935,4.2945
2012-06-01,1037464.27,40,64.75,138.1138065,4.2945
2012-06-08,1079386.88,40,55.78,138.1174194,4.2945
2012-06-15,977950.28,40,63.39,138.1295333,4.2945
2012-06-22,1033552.18,40,69.32,138.1629,4.2945
2012-06-29,988764.84,40,64.42,138.1962667,4.2945
2012-07-06,1182901.56,40,69.08,138.2296333,4.2945
2012-07-13,979848.71,40,67.48,138.263,4.2945
2012-07-20,968502.38,40,70.45,138.2331935,4.2945
2012-07-27,954396.85,40,67.88,138.2033871,4.2945
2012-08-03,1068346.76,40,70.15,138.1735806,4.2945
2012-08-10,1007906.43,40,70.09,138.1437742,4.2945
2012-08-17,969387.48,40,69.41,138.1857097,4.2945
2012-08-24,945318.47,40,63.91,138.2814516,4.2945
2012-08-31,987264.67,40,66.11,138.3771935,4.2945
2012-09-07,1088248.4,40,65.06,138.4729355,4.2945
2012-09-14,901709.82,40,59.38,138.5673,4.2945
2012-09-21,899768.4,40,54.12,138.6534,4.2945
2012-09-28,919595.44,40,50.98,138.7395,4.2945
2012-10-05,1069112.0,40,57.21,138.8256,4.2945
2012-10-12,982523.26,40,47.35,138.9117,4.2945
2012-10-19,918170.5,40,46.33,138.8336129,4.2945
2012-10-26,921264.52,40,49.65,138.7281613,4.2945
2010-02-05,1086533.18,41,30.27,189.3816974,7.541
2010-02-12,1075656.34,41,23.04,189.4642725,7.541
2010-02-19,1052034.74,41,24.13,189.5340998,7.541
2010-02-26,991941.73,41,21.84,189.6018023,7.541
2010-03-05,1063557.49,41,32.49,189.6695049,7.541
2010-03-12,1023997.71,41,33.4,189.7372075,7.541
2010-03-19,1006597.69,41,36.7,189.734262,7.541
2010-03-26,1015196.46,41,32.3,189.7195417,7.541
2010-04-02,1168826.39,41,41.31,189.7048215,7.363
2010-04-09,1082158.21,41,37.3,189.6901012,7.363
2010-04-16,1043388.79,41,46.79,189.6628845,7.363
2010-04-23,1067340.74,41,45.29,189.6190057,7.363
2010-04-30,1063960.11,41,40.2,189.575127,7.363
2010-05-07,1175738.22,41,41.5,189.5312483,7.363
2010-05-14,1116439.02,41,40.23,189.4904116,7.363
2010-05-21,1163234.33,41,50.59,189.467827,7.363
2010-05-28,1246654.24,41,56.97,189.4452425,7.363
2010-06-04,1305068.1,41,60.13,189.422658,7.363
2010-06-11,1217199.39,41,63.36,189.4000734,7.363
2010-06-18,1202963.06,41,54.9,189.4185259,7.363
2010-06-25,1174209.52,41,66.0,189.4533931,7.363
2010-07-02,1273279.79,41,69.39,189.4882603,7.335
2010-07-09,1176079.59,41,60.93,189.5231276,7.335
2010-07-16,1179788.38,41,69.06,189.6125456,7.335
2010-07-23,1192213.87,41,70.77,189.774698,7.335
2010-07-30,1211136.63,41,70.07,189.9368504,7.335
2010-08-06,1338132.72,41,69.21,190.0990028,7.335
2010-08-13,1285976.53,41,70.24,190.2611552,7.335
2010-08-20,1353838.39,41,66.19,190.2948237,7.335
2010-08-27,1173131.63,41,70.59,190.3284922,7.335
2010-09-03,1223355.5,41,64.13,190.3621607,7.335
2010-09-10,1172672.27,41,63.3,190.3958293,7.335
2010-09-17,1111170.91,41,62.4,190.4688287,7.335
2010-09-24,1110941.78,41,60.11,190.5713264,7.335
2010-10-01,1109216.35,41,62.67,190.6738241,7.508
2010-10-08,1162042.24,41,57.1,190.7763218,7.508
2010-10-15,1133913.33,41,49.91,190.8623087,7.508
2010-10-22,1156003.7,41,48.09,190.9070184,7.508
2010-10-29,1144854.56,41,42.16,190.951728,7.508
2010-11-05,1163878.49,41,46.74,190.9964377,7.508
2010-11-12,1175326.23,41,38.99,191.0411474,7.508
2010-11-19,1172155.28,41,31.34,191.0312172,7.508
2010-11-26,1866681.57,41,25.3,191.0121805,7.508
2010-12-03,1220115.75,41,33.0,190.9931437,7.508
2010-12-10,1434908.13,41,33.9,190.9741069,7.508
2010-12-17,1627904.68,41,31.51,191.0303376,7.508
2010-12-24,2225016.73,41,29.81,191.1430189,7.508
2010-12-31,1001790.16,41,25.19,191.2557002,7.508
2011-01-07,1153596.53,41,23.76,191.3683815,7.241
2011-01-14,1052609.16,41,22.44,191.4784939,7.241
2011-01-21,1088025.8,41,32.7,191.5731924,7.241
2011-01-28,1026439.93,41,32.23,191.667891,7.241
2011-02-04,1179420.5,41,14.56,191.7625895,7.241
2011-02-11,1150003.36,41,16.81,191.8572881,7.241
2011-02-18,1203399.64,41,39.39,191.9178331,7.241
2011-02-25,1099714.93,41,26.1,191.9647167,7.241
2011-03-04,1229257.7,41,34.99,192.0116004,7.241
2011-03-11,1159089.6,41,31.6,192.058484,7.241
2011-03-18,1115504.26,41,40.19,192.1237981,7.241
2011-03-25,1140578.16,41,41.11,192.1964844,7.241
2011-04-01,1179125.48,41,38.16,192.2691707,6.934
2011-04-08,1206252.12,41,42.87,192.3418571,6.934
2011-04-15,1192982.07,41,39.94,192.4225954,6.934
2011-04-22,1304481.75,41,42.86,192.5234638,6.934
2011-04-29,1178841.05,41,39.81,192.6243322,6.934
2011-05-06,1244956.91,41,41.2,192.7252006,6.934
2011-05-13,1270025.74,41,50.29,192.826069,6.934
2011-05-20,1244542.33,41,41.11,192.831317,6.934
2011-05-27,1278304.33,41,50.56,192.8365651,6.934
2011-06-03,1297584.95,41,54.81,192.8418131,6.934
2011-06-10,1311690.11,41,61.1,192.8470612,6.934
2011-06-17,1289151.84,41,62.3,192.9034759,6.934
2011-06-24,1244381.98,41,59.54,192.9982655,6.934
2011-07-01,1333347.78,41,67.01,193.0930552,6.901
2011-07-08,1338862.58,41,68.49,193.1878448,6.901
2011-07-15,1245772.7,41,68.18,193.3125484,6.901
2011-07-22,1292830.93,41,74.11,193.5120367,6.901
2011-07-29,1248330.1,41,71.3,193.711525,6.901
2011-08-05,1402233.69,41,72.19,193.9110133,6.901
2011-08-12,1356689.88,41,67.65,194.1105017,6.901
2011-08-19,1412959.97,41,70.55,194.2500634,6.901
2011-08-26,1328740.71,41,71.61,194.3796374,6.901
2011-09-02,1283849.38,41,70.37,194.5092113,6.901
2011-09-09,1280958.97,41,58.31,194.6387853,6.901
2011-09-16,1197019.39,41,54.82,194.7419707,6.901
2011-09-23,1173059.79,41,55.06,194.8099713,6.901
2011-09-30,1160619.61,41,61.77,194.8779718,6.901
2011-10-07,1277882.77,41,58.74,194.9459724,6.759
2011-10-14,1247130.22,41,47.43,195.0261012,6.759
2011-10-21,1214944.29,41,45.62,195.1789994,6.759
2011-10-28,1274463.02,41,37.02,195.3318977,6.759
2011-11-04,1315684.86,41,35.04,195.4847959,6.759
2011-11-11,1302499.23,41,32.87,195.6376941,6.759
2011-11-18,1230118.02,41,36.64,195.7184713,6.759
2011-11-25,1906713.35,41,36.37,195.7704,6.759
2011-12-02,1292436.23,41,34.53,195.8223287,6.759
2011-12-09,1548661.45,41,17.05,195.8742575,6.759
2011-12-16,1682368.32,41,25.01,195.9841685,6.759
2011-12-23,2263722.68,41,25.59,196.1713893,6.759
2011-12-30,1264014.16,41,34.12,196.3586101,6.759
2012-01-06,1208191.61,41,37.21,196.5458309,6.589
2012-01-13,1134767.28,41,27.49,196.7330517,6.589
2012-01-20,1116295.24,41,31.56,196.7796652,6.589
2012-01-27,1079398.81,41,33.15,196.8262786,6.589
2012-02-03,1208825.6,41,31.65,196.8728921,6.589
2012-02-10,1238844.56,41,22.0,196.9195056,6.589
2012-02-17,1330451.46,41,22.52,196.9432711,6.589
2012-02-24,1224915.66,41,27.89,196.9499007,6.589
2012-03-02,1239813.26,41,27.39,196.9565303,6.589
2012-03-09,1243814.77,41,35.3,196.9631599,6.589
2012-03-16,1201511.62,41,47.76,197.0457208,6.589
2012-03-23,1215354.38,41,44.04,197.2295234,6.589
2012-03-30,1239423.19,41,51.56,197.4133259,6.589
2012-04-06,1460234.31,41,48.48,197.5971285,6.547
2012-04-13,1323004.73,41,46.84,197.780931,6.547
2012-04-20,1220815.33,41,43.57,197.7227385,6.547
2012-04-27,1248950.65,41,57.66,197.664546,6.547
2012-05-04,1359770.73,41,52.86,197.6063534,6.547
2012-05-11,1353285.1,41,50.22,197.5481609,6.547
2012-05-18,1331514.44,41,55.24,197.5553137,6.547
2012-05-25,1424500.47,41,54.89,197.5886046,6.547
2012-06-01,1374891.36,41,57.29,197.6218954,6.547
2012-06-08,1436383.84,41,65.11,197.6551863,6.547
2012-06-15,1384584.59,41,64.92,197.692292,6.547
2012-06-22,1386407.17,41,66.88,197.7389345,6.547
2012-06-29,1355600.01,41,76.54,197.785577,6.547
2012-07-06,1456300.89,41,74.47,197.8322195,6.432
2012-07-13,1332594.07,41,67.24,197.8788621,6.432
2012-07-20,1347175.93,41,74.06,197.9290378,6.432
2012-07-27,1344723.97,41,73.31,197.9792136,6.432
2012-08-03,1439607.35,41,73.16,198.0293893,6.432
2012-08-10,1504545.94,41,71.73,198.0795651,6.432
2012-08-17,1560590.05,41,65.77,198.1001057,6.432
2012-08-24,1464462.85,41,69.07,198.0984199,6.432
2012-08-31,1360517.52,41,71.56,198.0967341,6.432
2012-09-07,1392143.82,41,67.41,198.0950484,6.432
2012-09-14,1306644.25,41,59.39,198.1267184,6.432
2012-09-21,1276609.36,41,59.81,198.358523,6.432
2012-09-28,1307928.01,41,56.08,198.5903276,6.432
2012-10-05,1400160.95,41,50.14,198.8221322,6.195
2012-10-12,1409544.97,41,39.38,199.0539368,6.195
2012-10-19,1326197.24,41,49.56,199.1481963,6.195
2012-10-26,1316542.59,41,41.8,199.2195317,6.195
2010-02-05,543384.01,42,54.34,126.4420645,9.765
2010-02-12,575709.96,42,49.96,126.4962581,9.765
2010-02-19,508794.87,42,58.22,126.5262857,9.765
2010-02-26,491510.58,42,52.77,126.5522857,9.765
2010-03-05,554972.42,42,55.92,126.5782857,9.765
2010-03-12,588363.62,42,52.33,126.6042857,9.765
2010-03-19,519914.1,42,61.46,126.6066452,9.765
2010-03-26,478021.68,42,60.05,126.6050645,9.765
2010-04-02,505907.41,42,63.66,126.6034839,9.524
2010-04-09,582552.26,42,65.29,126.6019032,9.524
2010-04-16,549528.16,42,69.74,126.5621,9.524
2010-04-23,492364.77,42,66.42,126.4713333,9.524
2010-04-30,477615.87,42,69.76,126.3805667,9.524
2010-05-07,582846.22,42,71.06,126.2898,9.524
2010-05-14,564345.55,42,73.88,126.2085484,9.524
2010-05-21,504403.16,42,78.32,126.1843871,9.524
2010-05-28,484097.03,42,76.67,126.1602258,9.524
2010-06-04,556046.12,42,82.82,126.1360645,9.524
2010-06-11,607218.6,42,89.67,126.1119032,9.524
2010-06-18,529418.64,42,83.49,126.114,9.524
2010-06-25,484327.56,42,90.32,126.1266,9.524
2010-07-02,507168.8,42,92.89,126.1392,9.199
2010-07-09,570069.48,42,91.03,126.1518,9.199
2010-07-16,558837.27,42,91.8,126.1498065,9.199
2010-07-23,491115.86,42,88.44,126.1283548,9.199
2010-07-30,469598.57,42,85.03,126.1069032,9.199
2010-08-06,579544.21,42,86.13,126.0854516,9.199
2010-08-13,583079.97,42,88.37,126.064,9.199
2010-08-20,500945.63,42,89.88,126.0766452,9.199
2010-08-27,465993.51,42,84.99,126.0892903,9.199
2010-09-03,524658.06,42,83.8,126.1019355,9.199
2010-09-10,589091.04,42,84.04,126.1145806,9.199
2010-09-17,536871.58,42,85.52,126.1454667,9.199
2010-09-24,492262.96,42,85.75,126.1900333,9.199
2010-10-01,481523.93,42,86.01,126.2346,9.003
2010-10-08,599759.45,42,77.04,126.2791667,9.003
2010-10-15,559285.35,42,75.48,126.3266774,9.003
2010-10-22,522467.51,42,68.12,126.3815484,9.003
2010-10-29,476967.65,42,68.76,126.4364194,9.003
2010-11-05,565390.4,42,71.04,126.4912903,9.003
2010-11-12,588592.61,42,61.24,126.5461613,9.003
2010-11-19,524316.21,42,58.83,126.6072,9.003
2010-11-26,522296.71,42,55.33,126.6692667,9.003
2010-12-03,500250.8,42,51.17,126.7313333,9.003
2010-12-10,585175.24,42,60.51,126.7934,9.003
2010-12-17,537455.65,42,59.15,126.8794839,9.003
2010-12-24,555075.27,42,57.06,126.9835806,9.003
2010-12-31,428953.6,42,49.67,127.0876774,9.003
2011-01-07,592947.75,42,43.43,127.1917742,8.744
2011-01-14,613899.15,42,49.98,127.3009355,8.744
2011-01-21,533414.62,42,56.75,127.4404839,8.744
2011-01-28,499081.79,42,53.03,127.5800323,8.744
2011-02-04,586886.16,42,44.88,127.7195806,8.744
2011-02-11,628063.88,42,51.51,127.859129,8.744
2011-02-18,556485.1,42,61.77,127.99525,8.744
2011-02-25,526904.08,42,53.59,128.13,8.744
2011-03-04,570879.04,42,56.96,128.26475,8.744
2011-03-11,607294.56,42,64.22,128.3995,8.744
2011-03-18,558239.32,42,70.12,128.5121935,8.744
2011-03-25,522673.62,42,62.53,128.6160645,8.744
2011-04-01,508432.17,42,67.64,128.7199355,8.494
2011-04-08,620087.35,42,73.03,128.8238065,8.494
2011-04-15,597644.02,42,61.05,128.9107333,8.494
2011-04-22,534597.69,42,75.93,128.9553,8.494
2011-04-29,496010.17,42,73.38,128.9998667,8.494
2011-05-06,612337.35,42,73.56,129.0444333,8.494
2011-05-13,603024.75,42,74.04,129.089,8.494
2011-05-20,524559.95,42,72.62,129.0756774,8.494
2011-05-27,503295.29,42,78.62,129.0623548,8.494
2011-06-03,545109.3,42,81.87,129.0490323,8.494
2011-06-10,616701.99,42,84.57,129.0357097,8.494
2011-06-17,546675.65,42,87.96,129.0432,8.494
2011-06-24,501780.66,42,90.69,129.0663,8.494
2011-07-01,506343.83,42,95.36,129.0894,8.257
2011-07-08,593234.27,42,88.57,129.1125,8.257
2011-07-15,591703.82,42,86.01,129.1338387,8.257
2011-07-22,511316.29,42,88.59,129.1507742,8.257
2011-07-29,479256.8,42,86.75,129.1677097,8.257
2011-08-05,572603.33,42,89.8,129.1846452,8.257
2011-08-12,603147.26,42,85.61,129.2015806,8.257
2011-08-19,526641.23,42,87.4,129.2405806,8.257
2011-08-26,503720.98,42,91.59,129.2832581,8.257
2011-09-02,537124.76,42,91.61,129.3259355,8.257
2011-09-09,608390.94,42,89.06,129.3686129,8.257
2011-09-16,576837.09,42,77.49,129.4306,8.257
2011-09-23,528486.45,42,82.51,129.5183333,8.257
2011-09-30,510243.79,42,82.27,129.6060667,8.257
2011-10-07,649111.23,42,75.01,129.6938,7.874
2011-10-14,613531.11,42,70.27,129.7706452,7.874
2011-10-21,537276.41,42,77.91,129.7821613,7.874
2011-10-28,515599.7,42,72.79,129.7936774,7.874
2011-11-04,597667.21,42,68.57,129.8051935,7.874
2011-11-11,643125.29,42,55.28,129.8167097,7.874
2011-11-18,567673.87,42,58.97,129.8268333,7.874
2011-11-25,577698.37,42,60.68,129.8364,7.874
2011-12-02,511883.36,42,57.29,129.8459667,7.874
2011-12-09,619133.48,42,42.58,129.8555333,7.874
2011-12-16,598437.98,42,50.53,129.8980645,7.874
2011-12-23,575676.13,42,48.36,129.9845484,7.874
2011-12-30,454412.28,42,48.92,130.0710323,7.874
2012-01-06,636372.37,42,59.85,130.1575161,7.545
2012-01-13,664348.2,42,51.0,130.244,7.545
2012-01-20,579499.93,42,54.51,130.2792258,7.545
2012-01-27,538978.67,42,53.59,130.3144516,7.545
2012-02-03,588448.21,42,56.85,130.3496774,7.545
2012-02-10,674919.45,42,55.73,130.3849032,7.545
2012-02-17,606671.5,42,54.12,130.4546207,7.545
2012-02-24,564304.15,42,56.02,130.5502069,7.545
2012-03-02,585895.34,42,57.62,130.6457931,7.545
2012-03-09,659816.15,42,57.65,130.7413793,7.545
2012-03-16,618767.26,42,62.11,130.8261935,7.545
2012-03-23,561226.38,42,56.54,130.8966452,7.545
2012-03-30,544408.14,42,67.92,130.9670968,7.545
2012-04-06,652312.11,42,65.99,131.0375484,7.382
2012-04-13,639123.45,42,70.28,131.108,7.382
2012-04-20,552529.23,42,67.75,131.1173333,7.382
2012-04-27,526625.49,42,80.11,131.1266667,7.382
2012-05-04,609274.89,42,77.02,131.136,7.382
2012-05-11,643603.69,42,76.03,131.1453333,7.382
2012-05-18,590636.38,42,85.19,131.0983226,7.382
2012-05-25,535764.58,42,86.03,131.0287742,7.382
2012-06-01,521953.78,42,80.06,130.9592258,7.382
2012-06-08,642671.48,42,86.87,130.8896774,7.382
2012-06-15,606309.13,42,88.58,130.8295333,7.382
2012-06-22,540031.29,42,89.92,130.7929,7.382
2012-06-29,507403.77,42,91.36,130.7562667,7.382
2012-07-06,618702.09,42,86.87,130.7196333,7.17
2012-07-13,628099.08,42,89.8,130.683,7.17
2012-07-20,530318.39,42,84.45,130.7012903,7.17
2012-07-27,516352.21,42,83.98,130.7195806,7.17
2012-08-03,573084.71,42,84.76,130.737871,7.17
2012-08-10,576620.31,42,90.78,130.7561613,7.17
2012-08-17,575997.78,42,88.83,130.7909677,7.17
2012-08-24,535537.03,42,82.5,130.8381613,7.17
2012-08-31,504760.57,42,86.97,130.8853548,7.17
2012-09-07,617405.35,42,83.07,130.9325484,7.17
2012-09-14,586737.66,42,78.47,130.9776667,7.17
2012-09-21,527165.7,42,81.93,131.0103333,7.17
2012-09-28,505978.46,42,82.52,131.043,7.17
2012-10-05,593162.53,42,80.88,131.0756667,6.943
2012-10-12,612379.9,42,76.03,131.1083333,6.943
2012-10-19,541406.98,42,72.71,131.1499677,6.943
2012-10-26,514756.08,42,70.5,131.1930968,6.943
2010-02-05,647029.28,43,47.31,203.0642742,9.521
2010-02-12,682918.99,43,47.99,203.2010968,9.521
2010-02-19,658997.55,43,48.77,203.2479796,9.521
2010-02-26,618702.79,43,48.77,203.2798724,9.521
2010-03-05,658600.05,43,52.89,203.3117653,9.521
2010-03-12,645386.94,43,53.67,203.3436582,9.521
2010-03-19,668098.49,43,56.0,203.195159,9.521
2010-03-26,623097.93,43,54.53,203.0165945,9.521
2010-04-02,650102.8,43,62.19,202.83803,9.593
2010-04-09,693058.34,43,64.37,202.6594654,9.593
2010-04-16,675282.2,43,69.46,202.5351571,9.593
2010-04-23,638957.35,43,62.71,202.4831905,9.593
2010-04-30,630740.11,43,66.91,202.4312238,9.593
2010-05-07,691498.6,43,67.16,202.3792571,9.593
2010-05-14,690851.59,43,72.14,202.3705092,9.593
2010-05-21,672062.08,43,74.74,202.6210737,9.593
2010-05-28,630315.76,43,78.59,202.8716382,9.593
2010-06-04,682012.53,43,82.76,203.1222028,9.593
2010-06-11,684023.95,43,88.12,203.3727673,9.593
2010-06-18,700009.77,43,84.9,203.370619,9.593
2010-06-25,625196.14,43,88.48,203.2673857,9.593
2010-07-02,667353.79,43,80.17,203.1641524,9.816
2010-07-09,718748.33,43,81.52,203.060919,9.816
2010-07-16,696844.36,43,84.17,203.0538548,9.816
2010-07-23,649035.55,43,86.6,203.1750161,9.816
2010-07-30,622112.23,43,79.79,203.2961774,9.816
2010-08-06,698536.06,43,84.66,203.4173387,9.816
2010-08-13,713479.91,43,86.31,203.5385,9.816
2010-08-20,712869.09,43,85.26,203.5092419,9.816
2010-08-27,655284.69,43,80.32,203.4799839,9.816
2010-09-03,689326.91,43,80.43,203.4507258,9.816
2010-09-10,722120.04,43,81.32,203.4214677,9.816
2010-09-17,725043.04,43,78.86,203.4499286,9.816
2010-09-24,650263.95,43,77.42,203.5216786,9.816
2010-10-01,657108.77,43,77.93,203.5934286,10.21
2010-10-08,713332.54,43,72.81,203.6651786,10.21
2010-10-15,699852.68,43,68.78,203.7299032,10.21
2010-10-22,680943.03,43,69.46,203.7770645,10.21
2010-10-29,610076.32,43,65.88,203.8242258,10.21
2010-11-05,605960.2,43,62.52,203.8713871,10.21
2010-11-12,595421.23,43,59.98,203.9185484,10.21
2010-11-19,589467.35,43,54.96,203.8191286,10.21
2010-11-26,633520.34,43,54.76,203.6952786,10.21
2010-12-03,557543.62,43,44.56,203.5714286,10.21
2010-12-10,598679.02,43,52.52,203.4475786,10.21
2010-12-17,615761.77,43,56.51,203.3996521,10.21
2010-12-24,656637.63,43,57.15,203.4086682,10.21
2010-12-31,534740.3,43,48.61,203.4176843,10.21
2011-01-07,611796.61,43,40.47,203.4267005,10.398
2011-01-14,614940.07,43,43.45,203.4840645,10.398
2011-01-21,601004.79,43,53.05,203.8315161,10.398
2011-01-28,562558.27,43,44.98,204.1789677,10.398
2011-02-04,651521.77,43,33.21,204.5264194,10.398
2011-02-11,635650.98,43,40.65,204.873871,10.398
2011-02-18,626627.77,43,59.15,205.1683214,10.398
2011-02-25,592340.01,43,58.37,205.4415714,10.398
2011-03-04,616345.25,43,60.26,205.7148214,10.398
2011-03-11,629026.75,43,60.24,205.9880714,10.398
2011-03-18,635171.05,43,68.98,206.225924,10.398
2011-03-25,585989.1,43,65.53,206.4496175,10.398
2011-04-01,611585.54,43,67.79,206.6733111,10.581
2011-04-08,650418.75,43,70.35,206.8970046,10.581
2011-04-15,635758.03,43,65.01,207.1015429,10.581
2011-04-22,638280.67,43,74.49,207.2581929,10.581
2011-04-29,611464.21,43,71.34,207.4148429,10.581
2011-05-06,649148.74,43,66.77,207.5714929,10.581
2011-05-13,684655.91,43,76.03,207.7281429,10.581
2011-05-20,648330.18,43,74.21,207.5200622,10.581
2011-05-27,578209.63,43,80.89,207.3119816,10.581
2011-06-03,630972.15,43,83.49,207.1039009,10.581
2011-06-10,643041.71,43,85.81,206.8958203,10.581
2011-06-17,665781.74,43,88.49,206.8560238,10.581
2011-06-24,604925.08,43,88.3,206.9424405,10.581
2011-07-01,586781.78,43,91.36,207.0288571,10.641
2011-07-08,651147.83,43,87.02,207.1152738,10.641
2011-07-15,631827.38,43,84.67,207.1940691,10.641
2011-07-22,597354.39,43,88.58,207.2538111,10.641
2011-07-29,533917.52,43,83.43,207.313553,10.641
2011-08-05,605956.59,43,87.47,207.3732949,10.641
2011-08-12,595626.56,43,86.64,207.4330369,10.641
2011-08-19,663396.32,43,82.08,207.4953088,10.641
2011-08-26,561573.08,43,87.43,207.5580023,10.641
2011-09-02,594224.9,43,87.84,207.6206959,10.641
2011-09-09,649128.23,43,79.29,207.6833894,10.641
2011-09-16,618877.13,43,77.17,207.8527143,10.641
2011-09-23,586108.13,43,78.98,208.1642143,10.641
2011-09-30,555183.72,43,78.97,208.4757143,10.641
2011-10-07,642828.62,43,74.17,208.7872143,10.148
2011-10-14,590984.56,43,68.09,209.0752166,10.148
2011-10-21,594625.96,43,70.3,209.2222327,10.148
2011-10-28,572516.57,43,66.82,209.3692488,10.148
2011-11-04,641905.37,43,59.08,209.516265,10.148
2011-11-11,615975.5,43,51.26,209.6632811,10.148
2011-11-18,628115.61,43,57.75,209.8651071,10.148
2011-11-25,669965.22,43,55.7,210.0888571,10.148
2011-12-02,585028.26,43,47.49,210.3126071,10.148
2011-12-09,617898.07,43,34.23,210.5363571,10.148
2011-12-16,665007.08,43,43.78,210.7365392,10.148
2011-12-23,676290.46,43,42.63,210.9052972,10.148
2011-12-30,505405.85,43,41.83,211.0740553,10.148
2012-01-06,670993.01,43,47.59,211.2428134,9.653
2012-01-13,663529.64,43,43.68,211.4115714,9.653
2012-01-20,619225.65,43,52.72,211.4997811,9.653
2012-01-27,587685.38,43,52.1,211.5879908,9.653
2012-02-03,629176.71,43,51.92,211.6762005,9.653
2012-02-10,662198.65,43,46.54,211.7644101,9.653
2012-02-17,660632.05,43,49.38,211.916835,9.653
2012-02-24,613042.97,43,53.53,212.1174212,9.653
2012-03-02,693249.98,43,56.43,212.3180074,9.653
2012-03-09,636677.67,43,54.52,212.5185936,9.653
2012-03-16,661707.02,43,57.88,212.6651567,9.653
2012-03-23,610940.94,43,56.28,212.7396889,9.653
2012-03-30,623258.4,43,69.88,212.8142212,9.653
2012-04-06,658468.27,43,64.7,212.8887535,9.575
2012-04-13,665687.92,43,70.18,212.9632857,9.575
2012-04-20,638144.98,43,67.28,213.0130524,9.575
2012-04-27,593138.59,43,78.27,213.062819,9.575
2012-05-04,637964.2,43,77.47,213.1125857,9.575
2012-05-11,640159.04,43,67.59,213.1623524,9.575
2012-05-18,648541.81,43,72.06,213.1753618,9.575
2012-05-25,597406.39,43,82.41,213.1736682,9.575
2012-06-01,605078.62,43,80.89,213.1719747,9.575
2012-06-08,643032.51,43,85.73,213.1702811,9.575
2012-06-15,634815.1,43,87.75,213.1786952,9.575
2012-06-22,613270.79,43,87.51,213.2123786,9.575
2012-06-29,593128.13,43,89.85,213.2460619,9.575
2012-07-06,645618.59,43,82.68,213.2797452,9.285
2012-07-13,627634.04,43,78.82,213.3134286,9.285
2012-07-20,596554.05,43,83.83,213.3219124,9.285
2012-07-27,572447.52,43,82.01,213.3303963,9.285
2012-08-03,614378.94,43,85.06,213.3388802,9.285
2012-08-10,643558.78,43,86.36,213.3473641,9.285
2012-08-17,640210.85,43,85.66,213.4226959,9.285
2012-08-24,598234.64,43,81.65,213.5481636,9.285
2012-08-31,593141.29,43,81.12,213.6736313,9.285
2012-09-07,663814.18,43,84.99,213.7990991,9.285
2012-09-14,625196.94,43,73.03,213.9332167,9.285
2012-09-21,601990.02,43,75.87,214.1192333,9.285
2012-09-28,577792.32,43,77.55,214.30525,9.285
2012-10-05,642614.89,43,74.09,214.4912667,8.839
2012-10-12,619369.72,43,71.14,214.6772833,8.839
2012-10-19,623919.23,43,71.25,214.7212488,8.839
2012-10-26,587603.55,43,69.17,214.7415392,8.839
2010-02-05,281090.95,44,31.53,126.4420645,8.119
2010-02-12,286857.13,44,33.16,126.4962581,8.119
2010-02-19,267956.3,44,35.7,126.5262857,8.119
2010-02-26,273079.07,44,29.98,126.5522857,8.119
2010-03-05,284617.27,44,40.65,126.5782857,8.119
2010-03-12,272190.83,44,37.62,126.6042857,8.119
2010-03-19,269624.2,44,42.49,126.6066452,8.119
2010-03-26,276279.49,44,41.48,126.6050645,8.119
2010-04-02,286197.5,44,42.15,126.6034839,7.972
2010-04-09,257361.3,44,38.97,126.6019032,7.972
2010-04-16,280048.74,44,50.39,126.5621,7.972
2010-04-23,278287.04,44,55.66,126.4713333,7.972
2010-04-30,272997.65,44,48.33,126.3805667,7.972
2010-05-07,285379.86,44,44.42,126.2898,7.972
2010-05-14,286515.92,44,50.15,126.2085484,7.972
2010-05-21,267065.35,44,57.71,126.1843871,7.972
2010-05-28,291891.01,44,53.11,126.1602258,7.972
2010-06-04,282351.82,44,59.85,126.1360645,7.972
2010-06-11,296818.2,44,65.24,126.1119032,7.972
2010-06-18,293481.36,44,58.41,126.114,7.972
2010-06-25,288247.24,44,71.83,126.1266,7.972
2010-07-02,300628.19,44,78.82,126.1392,7.804
2010-07-09,280472.78,44,71.33,126.1518,7.804
2010-07-16,297099.95,44,77.79,126.1498065,7.804
2010-07-23,292680.16,44,82.27,126.1283548,7.804
2010-07-30,275020.96,44,78.94,126.1069032,7.804
2010-08-06,296804.49,44,81.24,126.0854516,7.804
2010-08-13,291028.09,44,74.93,126.064,7.804
2010-08-20,284740.5,44,76.34,126.0766452,7.804
2010-08-27,293155.08,44,75.31,126.0892903,7.804
2010-09-03,295880.12,44,65.71,126.1019355,7.804
2010-09-10,283455.13,44,65.74,126.1145806,7.804
2010-09-17,279364.13,44,66.84,126.1454667,7.804
2010-09-24,281313.78,44,68.22,126.1900333,7.804
2010-10-01,300152.45,44,68.74,126.2346,7.61
2010-10-08,279524.44,44,63.03,126.2791667,7.61
2010-10-15,268708.43,44,54.12,126.3266774,7.61
2010-10-22,270110.3,44,56.89,126.3815484,7.61
2010-10-29,286497.49,44,45.12,126.4364194,7.61
2010-11-05,270516.84,44,49.96,126.4912903,7.61
2010-11-12,281909.79,44,42.55,126.5461613,7.61
2010-11-19,284322.52,44,42.0,126.6072,7.61
2010-11-26,307646.5,44,28.22,126.6692667,7.61
2010-12-03,264214.12,44,25.8,126.7313333,7.61
2010-12-10,278253.28,44,36.78,126.7934,7.61
2010-12-17,278646.35,44,35.21,126.8794839,7.61
2010-12-24,365098.24,44,34.9,126.9835806,7.61
2010-12-31,241937.11,44,26.79,127.0876774,7.61
2011-01-07,288320.38,44,16.94,127.1917742,7.224
2011-01-14,292859.36,44,20.6,127.3009355,7.224
2011-01-21,276157.8,44,34.8,127.4404839,7.224
2011-01-28,276011.4,44,31.64,127.5800323,7.224
2011-02-04,293953.08,44,23.35,127.7195806,7.224
2011-02-11,307486.73,44,30.83,127.859129,7.224
2011-02-18,280785.76,44,40.85,127.99525,7.224
2011-02-25,279427.93,44,33.17,128.13,7.224
2011-03-04,293984.54,44,34.23,128.26475,7.224
2011-03-11,284496.14,44,41.28,128.3995,7.224
2011-03-18,281699.68,44,44.69,128.5121935,7.224
2011-03-25,285031.81,44,42.38,128.6160645,7.224
2011-04-01,281514.26,44,42.49,128.7199355,6.906
2011-04-08,292498.61,44,42.75,128.8238065,6.906
2011-04-15,289667.55,44,41.72,128.9107333,6.906
2011-04-22,280357.3,44,47.55,128.9553,6.906
2011-04-29,281247.97,44,43.85,128.9998667,6.906
2011-05-06,299354.67,44,47.75,129.0444333,6.906
2011-05-13,307095.31,44,52.4,129.089,6.906
2011-05-20,303559.23,44,52.12,129.0756774,6.906
2011-05-27,308442.49,44,54.62,129.0623548,6.906
2011-06-03,308950.04,44,52.76,129.0490323,6.906
2011-06-10,308770.42,44,61.39,129.0357097,6.906
2011-06-17,300255.87,44,63.35,129.0432,6.906
2011-06-24,296765.59,44,66.38,129.0663,6.906
2011-07-01,315273.08,44,74.29,129.0894,6.56
2011-07-08,295339.01,44,77.3,129.1125,6.56
2011-07-15,289201.21,44,75.59,129.1338387,6.56
2011-07-22,303108.81,44,78.5,129.1507742,6.56
2011-07-29,279677.0,44,77.62,129.1677097,6.56
2011-08-05,298080.45,44,75.56,129.1846452,6.56
2011-08-12,290399.66,44,75.95,129.2015806,6.56
2011-08-19,290909.69,44,76.68,129.2405806,6.56
2011-08-26,324174.79,44,81.53,129.2832581,6.56
2011-09-02,309543.52,44,77.0,129.3259355,6.56
2011-09-09,295811.25,44,70.19,129.3686129,6.56
2011-09-16,303974.28,44,67.54,129.4306,6.56
2011-09-23,307409.13,44,63.6,129.5183333,6.56
2011-09-30,299757.75,44,68.28,129.6060667,6.56
2011-10-07,312577.36,44,60.62,129.6938,6.078
2011-10-14,293031.78,44,51.74,129.7706452,6.078
2011-10-21,305969.81,44,54.66,129.7821613,6.078
2011-10-28,306336.07,44,47.41,129.7936774,6.078
2011-11-04,307126.34,44,43.51,129.8051935,6.078
2011-11-11,312233.56,44,33.8,129.8167097,6.078
2011-11-18,310531.04,44,40.65,129.8268333,6.078
2011-11-25,309129.01,44,38.89,129.8364,6.078
2011-12-02,284309.34,44,33.94,129.8459667,6.078
2011-12-09,304300.91,44,24.82,129.8555333,6.078
2011-12-16,311144.16,44,27.85,129.8980645,6.078
2011-12-23,376233.89,44,24.76,129.9845484,6.078
2011-12-30,263917.85,44,31.53,130.0710323,6.078
2012-01-06,325327.93,44,33.8,130.1575161,5.774
2012-01-13,312361.88,44,25.61,130.244,5.774
2012-01-20,316948.39,44,32.71,130.2792258,5.774
2012-01-27,308295.38,44,34.32,130.3144516,5.774
2012-02-03,325986.05,44,31.39,130.3496774,5.774
2012-02-10,325377.97,44,33.73,130.3849032,5.774
2012-02-17,320691.21,44,36.57,130.4546207,5.774
2012-02-24,315641.8,44,35.38,130.5502069,5.774
2012-03-02,316687.22,44,32.36,130.6457931,5.774
2012-03-09,303438.24,44,38.24,130.7413793,5.774
2012-03-16,331965.95,44,52.5,130.8261935,5.774
2012-03-23,296947.06,44,47.83,130.8966452,5.774
2012-03-30,310027.29,44,53.2,130.9670968,5.774
2012-04-06,320021.1,44,48.85,131.0375484,5.621
2012-04-13,311390.22,44,51.7,131.108,5.621
2012-04-20,323233.8,44,50.24,131.1173333,5.621
2012-04-27,330338.36,44,64.8,131.1266667,5.621
2012-05-04,326053.28,44,54.41,131.136,5.621
2012-05-11,341381.08,44,56.47,131.1453333,5.621
2012-05-18,334042.43,44,65.17,131.0983226,5.621
2012-05-25,343268.29,44,62.39,131.0287742,5.621
2012-06-01,323410.94,44,61.11,130.9592258,5.621
2012-06-08,340238.38,44,68.4,130.8896774,5.621
2012-06-15,338400.82,44,65.97,130.8295333,5.621
2012-06-22,336241.0,44,72.89,130.7929,5.621
2012-06-29,338386.08,44,82.0,130.7562667,5.621
2012-07-06,358461.58,44,79.23,130.7196333,5.407
2012-07-13,336479.49,44,83.68,130.683,5.407
2012-07-20,337819.16,44,75.69,130.7012903,5.407
2012-07-27,319855.26,44,80.42,130.7195806,5.407
2012-08-03,342385.38,44,81.99,130.737871,5.407
2012-08-10,333594.81,44,81.69,130.7561613,5.407
2012-08-17,327389.51,44,79.4,130.7909677,5.407
2012-08-24,337985.74,44,77.37,130.8381613,5.407
2012-08-31,339490.69,44,79.18,130.8853548,5.407
2012-09-07,338737.33,44,70.65,130.9325484,5.407
2012-09-14,347726.67,44,68.55,130.9776667,5.407
2012-09-21,336017.6,44,67.96,131.0103333,5.407
2012-09-28,355307.94,44,64.8,131.043,5.407
2012-10-05,337390.44,44,61.79,131.0756667,5.217
2012-10-12,337796.13,44,55.1,131.1083333,5.217
2012-10-19,323766.77,44,52.06,131.1499677,5.217
2012-10-26,361067.07,44,46.97,131.1930968,5.217
2010-02-05,890689.51,45,27.31,181.8711898,8.992
2010-02-12,656988.64,45,27.73,181.982317,8.992
2010-02-19,841264.04,45,31.27,182.0347816,8.992
2010-02-26,741891.65,45,34.89,182.0774691,8.992
2010-03-05,777951.22,45,37.13,182.1201566,8.992
2010-03-12,765687.42,45,45.8,182.1628441,8.992
2010-03-19,773819.49,45,48.79,182.0779857,8.992
2010-03-26,782563.38,45,54.36,181.9718697,8.992
2010-04-02,877235.96,45,47.74,181.8657537,8.899
2010-04-09,833782.7,45,65.45,181.7596377,8.899
2010-04-16,782221.96,45,54.28,181.6924769,8.899
2010-04-23,749779.1,45,53.47,181.6772564,8.899
2010-04-30,737265.57,45,53.15,181.6620359,8.899
2010-05-07,812190.76,45,70.75,181.6468154,8.899
2010-05-14,758182.2,45,54.26,181.6612792,8.899
2010-05-21,747888.25,45,62.62,181.8538486,8.899
2010-05-28,801098.43,45,69.27,182.0464181,8.899
2010-06-04,837548.62,45,75.93,182.2389876,8.899
2010-06-11,794698.77,45,69.71,182.4315571,8.899
2010-06-18,815130.5,45,72.62,182.4424199,8.899
2010-06-25,792299.15,45,79.32,182.3806,8.899
2010-07-02,800147.84,45,76.61,182.3187801,8.743
2010-07-09,787062.0,45,82.45,182.2569603,8.743
2010-07-16,723708.99,45,77.84,182.2604411,8.743
2010-07-23,714601.11,45,81.46,182.3509895,8.743
2010-07-30,716859.27,45,79.78,182.4415378,8.743
2010-08-06,746517.32,45,77.17,182.5320862,8.743
2010-08-13,722262.21,45,78.44,182.6226346,8.743
2010-08-20,708568.29,45,76.01,182.6165205,8.743
2010-08-27,721744.33,45,71.36,182.6104063,8.743
2010-09-03,790144.7,45,78.37,182.6042922,8.743
2010-09-10,721460.22,45,70.87,182.598178,8.743
2010-09-17,716987.58,45,66.55,182.622509,8.743
2010-09-24,678228.58,45,68.59,182.6696737,8.743
2010-10-01,690007.76,45,70.58,182.7168385,8.724
2010-10-08,745782.1,45,56.49,182.7640032,8.724
2010-10-15,715263.3,45,58.61,182.8106203,8.724
2010-10-22,730899.37,45,53.15,182.8558685,8.724
2010-10-29,732859.76,45,61.3,182.9011166,8.724
2010-11-05,764014.06,45,45.65,182.9463648,8.724
2010-11-12,765648.93,45,46.14,182.9916129,8.724
2010-11-19,723987.85,45,50.02,182.8989385,8.724
2010-11-26,1182500.16,45,46.15,182.7832769,8.724
2010-12-03,879244.9,45,40.93,182.6676154,8.724
2010-12-10,1002364.34,45,30.54,182.5519538,8.724
2010-12-17,1123282.85,45,30.51,182.517732,8.724
2010-12-24,1682862.03,45,30.59,182.54459,8.724
2010-12-31,679156.2,45,29.67,182.5714479,8.724
2011-01-07,680254.35,45,34.32,182.5983058,8.549
2011-01-14,654018.95,45,24.78,182.6585782,8.549
2011-01-21,644285.33,45,30.55,182.9193368,8.549
2011-01-28,617207.58,45,24.05,183.1800955,8.549
2011-02-04,759442.33,45,28.73,183.4408542,8.549
2011-02-11,766456.0,45,30.3,183.7016129,8.549
2011-02-18,802253.41,45,40.7,183.9371353,8.549
2011-02-25,733716.78,45,35.78,184.1625632,8.549
2011-03-04,761880.36,45,38.65,184.3879911,8.549
2011-03-11,714014.73,45,45.01,184.613419,8.549
2011-03-18,733564.77,45,46.66,184.809719,8.549
2011-03-25,719737.25,45,41.76,184.9943679,8.549
2011-04-01,712425.76,45,37.27,185.1790167,8.521
2011-04-08,750182.71,45,48.71,185.3636656,8.521
2011-04-15,765270.02,45,53.69,185.5339821,8.521
2011-04-22,813630.44,45,53.04,185.6684673,8.521
2011-04-29,786561.61,45,66.18,185.8029526,8.521
2011-05-06,810150.64,45,58.21,185.9374378,8.521
2011-05-13,793889.1,45,60.38,186.0719231,8.521
2011-05-20,727163.67,45,62.28,185.9661154,8.521
2011-05-27,817653.25,45,69.7,185.8603077,8.521
2011-06-03,877423.45,45,76.38,185.7545,8.521
2011-06-10,814395.17,45,73.88,185.6486923,8.521
2011-06-17,811153.67,45,69.32,185.6719333,8.521
2011-06-24,762861.78,45,74.85,185.7919609,8.521
2011-07-01,791495.25,45,74.04,185.9119885,8.625
2011-07-08,768718.11,45,77.49,186.032016,8.625
2011-07-15,748435.2,45,78.47,186.1399808,8.625
2011-07-22,741625.25,45,82.33,186.2177885,8.625
2011-07-29,704680.97,45,81.31,186.2955962,8.625
2011-08-05,765996.92,45,78.22,186.3734038,8.625
2011-08-12,724180.89,45,77.0,186.4512115,8.625
2011-08-19,712362.72,45,72.98,186.5093071,8.625
2011-08-26,833979.01,45,72.55,186.5641172,8.625
2011-09-02,726482.39,45,70.63,186.6189274,8.625
2011-09-09,746129.56,45,71.48,186.6737376,8.625
2011-09-16,711367.56,45,69.17,186.8024,8.625
2011-09-23,714106.42,45,63.75,187.0295321,8.625
2011-09-30,698986.34,45,70.66,187.2566641,8.625
2011-10-07,753447.05,45,55.82,187.4837962,8.523
2011-10-14,720946.99,45,63.82,187.6917481,8.523
2011-10-21,771686.4,45,59.6,187.7846197,8.523
2011-10-28,781694.57,45,51.78,187.8774913,8.523
2011-11-04,833429.22,45,43.92,187.9703629,8.523
2011-11-11,808624.82,45,47.65,188.0632345,8.523
2011-11-18,773603.77,45,51.34,188.1983654,8.523
2011-11-25,1170672.94,45,48.71,188.3504,8.523
2011-12-02,875699.81,45,50.19,188.5024346,8.523
2011-12-09,957155.31,45,46.57,188.6544692,8.523
2011-12-16,1078905.68,45,39.93,188.7979349,8.523
2011-12-23,1521957.99,45,42.27,188.9299752,8.523
2011-12-30,869403.63,45,37.79,189.0620155,8.523
2012-01-06,714081.05,45,35.88,189.1940558,8.424
2012-01-13,676615.53,45,41.18,189.3260962,8.424
2012-01-20,700392.21,45,31.85,189.4214733,8.424
2012-01-27,624081.64,45,37.93,189.5168505,8.424
2012-02-03,757330.95,45,42.96,189.6122277,8.424
2012-02-10,803657.12,45,37.0,189.7076048,8.424
2012-02-17,858853.75,45,36.85,189.8424834,8.424
2012-02-24,753060.78,45,42.86,190.0069881,8.424
2012-03-02,782796.01,45,41.55,190.1714927,8.424
2012-03-09,776968.87,45,45.52,190.3359973,8.424
2012-03-16,788340.23,45,50.56,190.4618964,8.424
2012-03-23,791835.37,45,59.45,190.5363213,8.424
2012-03-30,777254.06,45,50.04,190.6107463,8.424
2012-04-06,899479.43,45,49.73,190.6851712,8.567
2012-04-13,781970.6,45,51.83,190.7595962,8.567
2012-04-20,776661.74,45,63.13,190.8138013,8.567
2012-04-27,711571.88,45,53.2,190.8680064,8.567
2012-05-04,782300.68,45,55.21,190.9222115,8.567
2012-05-11,770487.37,45,61.24,190.9764167,8.567
2012-05-18,800842.28,45,66.3,190.9964479,8.567
2012-05-25,817741.17,45,67.21,191.0028096,8.567
2012-06-01,837144.63,45,74.48,191.0091712,8.567
2012-06-08,795133.0,45,64.3,191.0155329,8.567
2012-06-15,821498.18,45,71.93,191.0299731,8.567
2012-06-22,822569.16,45,74.22,191.0646096,8.567
2012-06-29,773367.71,45,75.22,191.0992462,8.567
2012-07-06,843361.1,45,82.99,191.1338827,8.684
2012-07-13,749817.08,45,79.97,191.1685192,8.684
2012-07-20,737613.65,45,78.89,191.1670428,8.684
2012-07-27,711671.58,45,77.2,191.1655664,8.684
2012-08-03,725729.51,45,76.58,191.16409,8.684
2012-08-10,733037.32,45,78.65,191.1626135,8.684
2012-08-17,722496.93,45,75.71,191.2284919,8.684
2012-08-24,718232.26,45,72.62,191.3448865,8.684
2012-08-31,734297.87,45,75.09,191.461281,8.684
2012-09-07,766512.66,45,75.7,191.5776756,8.684
2012-09-14,702238.27,45,67.87,191.69985,8.684
2012-09-21,723086.2,45,65.32,191.8567038,8.684
2012-09-28,713173.95,45,64.88,192.0135577,8.684
2012-10-05,733455.07,45,64.89,192.1704115,8.667
2012-10-12,734464.36,45,54.47,192.3272654,8.667
2012-10-19,718125.53,45,56.47,192.3308542,8.667
2012-10-26,760281.43,45,58.85,192.3088989,8.667
